username,date,tweet
@RADIANT3CCLIPSE,2024-11-09 08:18,"EH TERNYATA KORUM MPKMB 60 CAKEP BANGET YA ANJIR + kating gue 😭😭😭
jiwa centil ini meronta-ronta"
@aryagapakevasco,2024-11-09 07:48,Cuekk...😭💀👊🏻denger denger si gabisa lulus (?) jadi yang ngulang dikejar terus sampe ikutan MPKMB
@kerlabu,2024-11-09 07:47,"Sertif MPKMB, 7 Habits, sama hasil talent mapping kapan dibagi ia ... ? 😃"
@RADIANT3CCLIPSE,2024-11-09 07:43,"kan nilai mpkmb juga dari tugas-tugas omb yang babyak banget itu, kalo ngulang si engga paling transkrip nilai mpkmbnya kureng aja, terus buat convert sks mungkin jadi nanggung nilainya kalo convert sks gk A kan buat apa juga 😭"
@Dejenderalober1,2024-11-09 07:28,"Sebenernya sih kalo menurut gw selama emang ga niat ikut organisasi atau kepanitiaan tingkat kampus sih ga usah ngulang. Tapi pernah sekali ikut kepanitiaan tingkat kampus aja ga dimintain sertif mpkmb nya. 

Intinya sih MPKMB tuh syarat menjadi KM IPB

CMIIW"
@kazirinkiz,2024-11-09 07:20,"Temen gw ga ikut samsek MPKMB sakit semingguan, sampe sekarang ga ngulang sih"
@ipb_menfess,2024-11-09 07:10,"Punten. Pliss tolong jawab yaa soalnya lagi butuh banget. Selama ini pernah ada kasus mahasiswa ngulang OMB/MPKMB, ga? Kalo pernah ada, gara-gara apa? Makasih banyak yaa."
@senowmenn,2024-11-09 02:19,Seno era mpkmb pasti akan ketawa miris kalo tau seno era semester 5 😂
@rratueeell,2024-11-07 10:54,OWWWSYITTT BACK TO CLOSING MPKMB ERA KALO LIAT CRUSHNYA HANNY @vibeswithn0y
@cinanaamon,2024-11-05 17:39,warkop mpkmb
@aneversez,2024-11-05 13:29,ikut senang mahagra jadi juara umum🥰 serasa bales dendam buat pas masa mpkmb WKWKWK
@scaredacted,2024-11-04 07:14,resmi menamatkan game mpkmb (telat sih)
@terlelaah,2024-11-03 11:37,medbrand mpkmb ipb ketar ketir
@bonfirekiss,2024-10-31 17:05,Tamat juga ni games mpkmb
@zynnslthn,2024-10-30 16:42,MAU REKAP DRI AWAL MASUK SMPE KE MPKMB
@psycholgurl,2024-10-30 16:02,ADIKK HAPPY BIRTHDAY SAYANGG!!! Ak tunggu di mpkmb sv 62 yaa ‼️🫰🏻🫰🏻🫰🏻
@Aida_rhma,2024-10-30 06:57,"Jd inget sewa fembar (2021) bwat mpkmb 58. tp nya kita sewa 6 hari dan ada panitia yg selalu nginep, tp toilet abis magrib dikunci bjirr"
@cipOlsit3,2024-10-28 14:18,ANJING LU CERITA GAK
@ijeyitp,2024-10-28 11:08,Yeji MPKMB
@zelhazelhazel,2024-10-28 08:45,"Tbtb keinget kalo 2 bulan lg bakal ospek lg pdhl baru beres pasca mpkmb minggu lalu, KASIH GUA WAKTU BUAT NAPAS TOLONGGG"
@tehqotaq,2024-10-27 02:03,"Pas pamit pindah ke IPB, kak F bener bener kyk proud brother... Gw bikin sg closingan MPKMB juga di-like sama kak F... Omg dia bener bener proud brother 😭😭😭😭😭😭"
@octo0pss,2024-10-26 15:38,ini kayak aku pas pra mpkmb....
@cipOlsit3,2024-10-26 07:21,kesampean jg ke blok m sendiri
@raasanshine,2024-10-25 16:45,kangen mpkmb
@cipOlsit3,2024-10-25 09:12,"akhir akhir ini cm pke conceal, blush on, bedak tabur, maskara sm liptint aja.."
@juicetomt,2024-10-24 11:21,ingin merasakan euforia mpkmb lagi...
@fwzthecounselor,2024-10-24 09:38,mpkmb momen
@imsweethoneyy,2024-10-24 09:01,tugas video mpkmb udh boleh di privat blm si ini. Ketauan keluarga jd diketawain asem 😭
@cattoino,2024-10-24 08:03,cb kmu tanya di grup arutala (kelompok sedang mpkmb) aku biasanya gt
@babiesyoda,2024-10-24 05:30,"AWAS AJA SCAM YAA ANJRR, UDAH CUKUP DI CLOSINGAN MPKMB SCAM TULUS YAAA😭"
@eunwooipb,2024-10-22 14:01,"yang punya dokum pas MPKMB SV pls aku mau bagi, soalnya ga ngedokum gr gr kamera jelek (blm ngerjain challenge 6)"
@raasanshine,2024-10-22 12:33,temgsss cath see mpkmb keren kece
@ijeyitp,2024-10-22 04:00,Ikut MPKMB
@khansaaii,2024-10-21 18:55,gue kan udh ga gamon lg ya sama mpkmb TP INI CHALLENGE 6 DISURU BUAT VIDEO TENTANG MPKMB LAGI?! gamon lagi lah gua anjir terpuruk bgt tolong😔😔😔😔😔😔😔😔😔😔😔😔😔😔😔😔😔😔😔
@onawear2,2024-10-21 03:29,dari mpkmb jug
@kuyukuykuyy,2024-10-20 21:22,"terbukti setelah mpkmb, closing gctb, bcl, dan sekarang lkip pun kayak gitu hiks besok kuliah pls"
@babiesyoda,2024-10-20 15:43,"hihi gaa kesampaian foto di mpkmb tapi kesampaian foto di ktemu😆🫰🏻, cantiknya kk kautsar ini🥹💗"
@iiksanboy,2024-10-20 14:23,"sama samaa lodii, OMG semangat semangattttt ayo ketemu di mpkmb 62 siapa tau aku jadi daftar panitia nantii😼😼😼"
@grscpk,2024-10-20 11:13,"oh pantesan orang orang terlihat familiar, karena pernah kenalan pas mpkmb🙏🏻"
@seafishyyy,2024-10-20 09:26,"reuni dgn nasi liwet favorit gue di bara yg paling enak itu😽 terakhir beli keknya pas masih panit mpkmb kmrn, trs tadi ibunya nanyain katanya tumben baru keliatan lagi AKDHJSJFKSKKF BU?? luv u bu baik bgt sampe inget gue🥺❤️"
@cipOlsit3,2024-10-20 02:42,MAU BELI SANDEOKI😔
@westernkinoy,2024-10-19 17:06,"akhirnyaaa semua tugas mpkmb, challenge 6, cluster (tinggal tunggi revisi lagi), dll dah beresszzz"
@cipOlsit3,2024-10-19 15:01,mau bikin fa lagi…
@imsweethoneyy,2024-10-19 11:54,Dia pas diundang di mpkmb kemaren aja begitu wkwkwkwkwk
@iiihaechanie,2024-10-18 16:46,"tmn2 mpkmb gwh pada keren bgt dahh, sdgkan gwh smpe skrng belom bisa jd apa2"
@vannotegar25,2024-10-17 11:21,di suruh nostalgia ama MPKMB ka😄
@vannotegar25,2024-10-17 11:20,Topi nya kek topi MPKMB pris plek😊
@iiksanboy,2024-10-17 11:04,"⩩ (not) today's mail ★🎸🎧⋆｡ °⋆

akhirnya setelah huru hara jastip waktu mpkmb dateng juga ni anak"
@grtppol,2024-10-15 12:51,gw jadi kecanduan lagu lyla karena mpkmb....
@capybaia,2024-10-15 09:06,omg aku masih orientasi (mpkmb part 2) 😆 tapi semua di sini sangat nice and welcome!! 🙂‍↕️🙂‍↕️
@moneeterz,2024-10-14 16:29,INI SIAPA NYETEL JINGLE MPKMB 61 DI RUANG TENGAH KOS TENGAH MALAM???
@ningningipb,2024-10-14 16:01,Tiap denger jingle mpkmb sv ipb 61 jd merinding tau... keinget moment moment nya🥹🫶
@RADIANT3CCLIPSE,2024-10-14 12:36,waktu mpkmb bukannya tutup? jam 12 tutup gasih
@starboydimzy,2024-10-14 05:48,red doorz belakang duta berlian nder. dulu pas mpkmb pernah nginep disitu
@tehqotaq,2024-10-14 04:50,Kangen MPKMB (sebenarnya gw kangen bareng sama si *censored*)
@onawear2,2024-10-13 17:13,"andin nerima gw jadi pacarnya, dan kita resmi pacaran. namanya gw abadikan di buku penugasan narapatitweet. thank u mpkmb and welcome davdin (david andin) era♥️♥️"
@onawear2,2024-10-13 17:13,"dan lo tau ga keajaiban nya apa ? dari belakang andin nepuk punggung gw terus meluk gw, disitu perut gw ada kupu kupunya. Tapi hari ini ga mendukung dan hujan deras tapi itu ga ngalangin kita buat nutup era mpkmb dengan kasih dan sayang😍"
@onawear2,2024-10-13 17:13,"tibalah di penutupan mpkmb yaitu konser akbar yang didatengin band serta artis papan atas seperti tulus, selaon7, hivi, beyonce, sama pdidiy. dibalik keramaian yang ada, gw berharap ada andin disini bersama gw dan gw mau nyatain cinta pertama gw (selama 17 tahun hidup)"
@onawear2,2024-10-13 17:13,"semenjak itu, gw jalanin mpkmb day 3-4 dengan penuh pikiran karena gw gabisa ketemu sama andin. gw rasa i have a crush on andin karena dia satu satunya cewe se antero bumi yang mirip sama kucing gw yang udah mati huhu. btw kucing gw cantik dan wangi, kadang dia mirip"
@onawear2,2024-10-13 17:12,"selesai mpkmb gw lari menuju bara dan duduk ditempat kemarin yang kita janjikan, sampe jam 9 malam belum kunjung datang si andin. kata gw “ajjir cog apa si andin yah yang ketabrak, tapi kalau pun iyah masa gada pemberitahuan di ig bimasaktinya)"
@onawear2,2024-10-13 17:12,"akhirnya setelah cape nyari kita sepakat buat lanjut nyari lagi selepas mpkmb day 2, di tempat yang sama cuman beda arah. gw ke cibanteng sedangkan andin ke perwira (beda arah) jadi kita harus berpisah dulu."
@onawear2,2024-10-13 17:12,"pertemuan kita gasampe situ aja sih selepas pulang mpkmb day 1, gw dan andin kompak nyari barang rekor (kardus bekas) di sepanjang jalan babakan raya. tapi si andin suka banget nih foto diem diem, gw sih seneng aja yh karena gw punya temen yang mengabadikan moment hehe"
@onawear2,2024-10-13 17:12,"mpkmb kok gini ?
cr : al
bagian 1
.
dipagi buta gw udah naik angkot dari arah kanan menuju gerbang depan ipb (gw kira sepi ternyata rame) disana gw gak kenal siapa siapa, cuz gw adalah jebolan sekolah gw yang bisa tembus ipb jalur prestasi wkwk (sombong dikit)."
@haneeeyney,2024-10-13 05:28,iya lg kangen mpkmb
@KalsiumOksalat,2024-10-12 18:48,Darii projek sinerginya tmen asrama gue dlu pas mpkmb taun lalu masi ada bjir wkskwks
@yujimib,2024-10-12 15:25,"Sorry just wanna ask, dokum mpkmb ini sebetulnya ada link nya atau gimana ya? Ty"
@rajarakyatbiasa,2024-10-12 14:14,duh jam 3 dh harus bangun siap² buat stuba berasa ospek mpkmb😭
@crunoash,2024-10-11 11:57,kangen mpkmb kangen mpkmb kangen mpkmb kangen mpkmb kangen mpkmb kangen mpkmb kangen mpkmb kangen mpkmb kangen mpkmb kangen mpkmb kangen mpkmb kangen mpkmb kangen mpkmb kangen mpkmb kangen mpkmb kangen mpkmb kangen mpkmb kangen mpkmb
@crunoash,2024-10-11 11:45,challenge 6 ni malah bikin gue kangen mpkmb gitu anjir
@westernkinoy,2024-10-10 16:19,jir kangen mpkmb
@zelhazelhazel,2024-10-10 03:44,Knp tbtb semua org post foto mpkmb bginii
@Agniaaaz,2024-10-10 00:24,beneran selapuk itu waktu mpkmb...
@lovesomely,2024-10-09 16:07,"Pasti kurikulum baru dibahas bukan h-1 mpkmb. Kayak kenapa SV gak memasukkan itu du booklet ipb yg terbaru YANG DIBAGIIN KE TIAP SEKOLAH, sumpah I hate to say this tpi gue beneran kayak hah merasa ketipu cuk"
@Galweth,2024-10-09 14:52,jingle mpkmb 61 candu bgt njir
@ninievoss,2024-10-09 13:22,"di tengah gempuran uts ini, challenge 6 bikin kangen mpkmb😭"
@6odsp33d,2024-10-09 13:08,aku gpp mpkmb atau ngerjain challenge aja drpd UTS
@gumohwo,2024-10-09 12:33,bruh foto gw di drive mpkmb gada yg proper 😩
@apsiygkbwatkm,2024-10-09 11:43,mw ngepost disini ketangkep kamera pdd MPKMB AJA YU PLS TP TANPA TUGAS²NYH AAAAAAAA
@Galweth,2024-10-09 10:55,"ABIS DIKIRIM FOTO-FOTO SELAMA MPKMB, JADI TAMBAH GAMON GUA😔😭"
@lsfhtpgg,2024-10-09 09:16,Ga ada yang bisa dimasukin feed ni dokumentasi mpkmb nya......
@g0dzSake,2024-10-09 06:06,"hi sasaa, kmrn tu ada buat video, upload twibbon, ngisi buku yg isinya rangkuman materi selama mpkmb, trs sisanya tugas kelompok dan tugas pasca-mpkmb"
@rutoipb,2024-10-09 04:24,liat liat dokum malah kangen mpkmb lagi... mau mpkmb lg pls pls pls
@zekyyzek,2024-10-09 00:00,"isi selfie gua hmpir smuanya d kampus stlah mpkmb, kg pernah maen plis semester ini"
@cupcakeblueee,2024-10-08 16:33,dokum mpkmb isinya muka imuth doang👎🏻👎🏻
@salss_callaa,2024-10-08 15:21,"eh jelek tp di mpkmb gue di selingkuhin, tp gapapa sih kalau ga gitu ga ketemu sm komdis batak😄"
@monggu611,2024-10-08 09:49,"kangen masa masa ngespace bareng si paris dan kawan kawan, kangen jbjb twt sama anak mahesa, kangen mahesa. kangen mpkmb juga, kangen last day mpkmb"
@soobintxtc,2024-10-07 16:53,"pas liat galeri era mpkmb jadi ngeh pantesan muka orang-orang kadang ada yang ga asing. ada pernah satu kelompok pas faculty day, ada juga yang pernah sebelahan pas ishoma 😭"
@salss_callaa,2024-10-07 15:38,"i’ll remember all too well…
ternyata kisah lapangku lebih berwarna setelah kamu ada noel🥺 makasi udah bareng2 running mpkmb mulai dari pra-malam puncak, waktu aku nangis sendiri dibelakang terus km samperin (it’s so meaningful) i love you noel…"
@skarezk,2024-10-07 13:28,liseng buka file di laptop terus ketemu tugas tugas pas mpkmb LANGSUNG ISTIGHFAR (traumatis)
@OSCOCLIFFO,2024-10-07 12:34,"tugas mpkmb gue tinggal challenge 5 sama pkm asu, bayangin selesai mpkmb agustus awal sampe sekarang masih belom selesai tugas mpkmb"
@naruhiiko,2024-10-06 12:16,"Oh ternyata challenge 6 gak harus kt ngomong skrg yah, pake video dokumentasi mpkmb kmrn jg boleh kah"
@haec1an,2024-10-06 11:50,"hi muts, omb itu dari 7habits trs yg makan sehat itu kan yak? bukan mpkmb doang"
@fleurshaaa,2024-10-06 00:57,perbandingan vanue nya kaya wisuda sama mpkmb
@kerlabu,2024-10-05 15:02,"Mpkmb membawa trauma, wkwkwk"
@tehqotaq,2024-10-05 14:32,Gfriend comeback pertanda MPKMB 62 beneran ngundang gfriend dan izone
@pizzaAarebussS,2024-10-05 13:34,huft aku aja berbulan2 buat move on dr mpkmb
@apsiygkbwatkm,2024-10-05 07:28,KANGEN MPKMB MASUK GWW DISAMBUT LAGU INI AAAAAA
@apsiygkbwatkm,2024-10-05 06:05,SEBEL BGT MW NGRJAIN CH 6 NGE SCROOL GALERI MASA2 MPKMB SERU BGT KANGEN AAAAAAAA
@rutoipb,2024-10-05 05:58,mpkmb nya thawaf gt konsepnya mksd km????????
@sipalingekologi,2024-10-05 00:19,Ouch. Semangat kawan mpkmb ku💪💪
@skarezk,2024-10-04 15:16,wkwkwk uts apa mpkmb
@maheas_,2024-10-04 06:08,"kan lu punya seragam mpkmb, sama sama ungu"
@haerinipb,2024-10-03 13:05,YA UDAH 2 taun ga dicariin jg sampe saat ini😭 mana gw dapetnya nike sedangkan gw beli sepatu item biasa buat mpkmb doang
@haerinipb,2024-10-03 13:02,gw gara” menfess keinget pas mpkmb sepatu gw ketuker sama orng BENER” sepasang… pas solat subuh di gww.. KEK baru nyadar pas terang😭😭 KEK GW GAPUNYA SEPATU ITEM LAGI JADI GW PAKE SAMPE KELAR MPKMB ANJG
@cipOlsit3,2024-10-03 09:53,UDAH DAPETTTTT AKKKK BAYIK BARUUUU RUN STAR TRAINERRRR AAKKKKK
@tehqotaq,2024-10-03 04:31,Pantes pas MPKMB kemarin gw merasa sedikit ganjal sama Putri Tanjung
@chaziyle,2024-10-03 03:01,kgn mpkmb
@apsiygkbwatkm,2024-10-03 00:42,"ANJAI CH 6, dibuka MPKMB sm video rememorize SMA, ditutup video recap MPKMB.. GASS AKAN AK SEBARKAN MPKMB TERCAPE TERSERU TERTERTER GUE ITU AAAAAAAA mamaa kangen mpkmb.. mau ospek aja.."
@ayestudiez,2024-10-02 15:42,"kata gw mah yak, kimia belajar dari mpkmb aja, alias JGN SKS KOCAG"
@Partofdym,2024-10-02 11:58,MPKMB 60 to PANIT MPKMB 61
@kaisbrainrot,2024-10-02 09:15,"kangen that night pulang naik krl bareng dgn mimi, cipa, isti, dan nafisa terus kita ngemper di stasiun sembari ngerjain tugas mpkmb dan menyeruput popmie... what a good ol' days..."
@ipb_menfess,2024-10-02 05:57,"punten, anak mab 61 kok attractive bgt yaa, sender kecantol sama satu wujud amonali batik tosca-hitam anak v51 pas mpkmb day 2, btw semangat uts, yaa-!!"
@cipOlsit3,2024-10-01 15:10,gue udah 2 kali bolak balik store converse di botas cm buat NANYAIN RUM STAR TRAINER JGN SMPE BESOK GUE KE BOTAS MASI SOLDDDDDD PLSSSSS
@cipOlsit3,2024-10-01 15:10,YAKANNNNNN tp sold mulu sedih😖
@cipOlsit3,2024-10-01 15:08,apa sih kenapa run star trainer cepet bgt soldout bajingan
@grscpk,2024-10-01 11:41,pasca mpkmb bubar aja mending
@skylovawa,2024-10-01 10:59,please aku belum balik ke bandung dari awal mpkmb.... sekalian pas beres uas aja gitu...
@kazuhaipb,2024-09-30 15:33,diliat-liat banyak anak IPB yang tumbang (dari MPKMB sampe sekarang mau uts :))
@raasanshine,2024-09-30 15:28,btw gua nyesel make foto ini (yg gaada shua nya) buat isi data kreatif mpkmb alhasil smua foto gua meRENG di ppt
@chamomilesze,2024-09-30 15:22,kok tbtb udah uts lg ya mental gw masih mpkmb
@grscpk,2024-09-30 14:20,ketua mpkmb
@Partofdym,2024-09-29 17:34,acara MPKMB to acara Closing E-Math with kemoy
@jwylibel,2024-09-29 09:48,kemaren kan udah pas mpkmb
@tasmoniaa,2024-09-29 04:28,cok tbtb di home youtube gue muncul vlog anak ganes pas closing mpkmb 60 sedih bgtt ak nangis nontonnya
@jakegizi,2024-09-28 18:08,masa gw bacanya semua cinta gue di mpkmb kaget
@arzhitect,2024-09-28 16:52,duh kl keinget uts pengen mpkmb lg anjrittt
@terlelaah,2024-09-28 15:02,kalo ada dari mpkmb udah gw ajak nikah
@eunwooipb,2024-09-28 10:21,sumpah knp u dr mpkmb smp skrg masih botak
@lazueli,2024-09-28 09:43,siapa setuju pasca mpkmb bubar
@dishayangkamuu,2024-09-27 15:14,"gmw lanyard ipb, maunya lanyard mpkmb 62"
@growupwithpinks,2024-09-27 04:28,Saya yg angkatan 50 aja gatau bentukan lanyard MPKMB 50 kyk gimana haha
@whoareyou2705,2024-09-26 20:20,Bubar gimana maksudnya emang maba sekarang ada kegiatan pasca MPKMB?
@kwaokissleeping,2024-09-26 18:03,Meanwhile aku dapet lanyard IPB Prestasi cuma dengan bersedia diwawancarain mereka pas hari closing MPKMB WKWKW 😂😅🙏
@jijellipebe,2024-09-26 14:42,gapapa aku akan bantai komdis mpkmb sv 62 itu 🫵🏻
@haiitsmekoy,2024-09-26 08:41,Lanyard MPKMB angkatan 50
@enfjul,2024-09-25 04:20,aku pas abis mpkmb dan ada anak prodi lain yg manggil:
@keketlopeforlyf,2024-09-24 20:02,"Beneran feeling bless for not choosed pjk di mpkmb. Soalnya ini mpd aja meriksa nilai gue udh drain out, pdhl baru 1 org"
@kimdo0young_,2024-09-24 16:48,Kmrn aku pas mpkmb masih bisa dah
@s0lb1n,2024-09-24 14:23,"Gaa ke rektor doang. Pukul rata. Bawa bawa instansi.

Intinya org kontra dia tuu karna dia berkelakuan menyimpang dengan membawa nama instansi besar.

Soalnya dia pernah deact kok grgr ngatain kampus, acara mpkmb sm apa gt. Dan memang dia salah."
@yolaviense,2024-09-24 13:50,UDAH MAU UTS MASIH ADA PASCA MPKMB AH
@streshidup,2024-09-24 13:14,😇 kan ketemu bjir wan pas mpkmb
@fwzthecounselor,2024-09-24 12:30,beliau perasaan pas mpkmb dulu pernah ilang ko muncul2 lagi dah apa ga jera..
@kerlabu,2024-09-24 12:05,Dari mpkmb dia udah sering dimention
@boojaymey,2024-09-24 05:23,"aamiin, SOON YAA, aku jdi panit mpkmb sambil jualan cilok ntar 🫰🫰"
@lsfhtpgg,2024-09-23 17:34,"Toxic relationship sama dekor ni, dari mpkmb sampe ke fakultas 😭"
@PDI_Perjuangan,2024-09-22 11:51,"Calon Gubernur Sumatera Utara, Edy Rahmayadi menjadi pembicara utama pada acara Masa Pengenalan Kampus Mahasiswa Baru (MPKMB) Universitas IBBI Medan, di Kampus IBBI, Jalan Sei Deli Medan, Jumat (20/9/2024).

Dalam paparannya soal wawasan kebangsaan dengan inti materi 'Great Leader' dan dimoderatori Sekretaris IKAL Lemhanas Sumut, Dr Yohannes Purba, Edy Rahmayadi mengajak seluruh mahasiswa baru IBBI Medan sudah dapat menentukan masa depannya sejak sekarang.

Menurut Edy Rahmayadi yang juga Ketua Ikan Keluarga Alumni (IKAL) Lembaga Ketahanan Nasional (Lemhanas) Indonesia Sumut itu, dengan memiliki pilihan yang kuat tentang cita-citanya, akan memotivasi seseorang untuk meraihnya.

#PDIPerjuangan
#MenangkanRakyat
#SatyamEvaJayate
#KebenaranPastiMenang
#SolidBergerak"
@terebiologi,2024-09-22 09:32,kangen mpkmb bgt jujur
@littlelolzz,2024-09-22 08:20,MPKMB banget inima
@syifancyyy,2024-09-22 05:53,emg ada ya kating yg mengayomi? sorry to say gue jg selama ospek/mpkmb gk pernah ngerasain treat yg baik
@fkcalors,2024-09-21 16:25,Ini lampu udah mati tiba-tiba BARUSAN dibilang penugasan mpkmb di tiktok jangan dihapus....... terlanjur
@raasanshine,2024-09-21 14:25,bkn mpkmb 61...
@bobatiramisyu,2024-09-21 12:08,el sampe buka database panit kreatif mpkmb dan beneran TUAAN GUE WKWK
@unwrittuen,2024-09-21 12:07,"mc mpkmb:

""sobat nara kondusif"""
@apsiygkbwatkm,2024-09-21 07:58,piknik dadakan brsm anak ss dan st sebelah.. akhirnya life update ppku setelah mpkmb 🫂✨️
@raasanshine,2024-09-21 07:56,msih ckep dr mpkmb
@rijeongrie,2024-09-20 04:48,pas jaman mpkmb (dan pra) kerjaan gua nongkrong mlu bnr2 tiap hari main. SKRG ADA WAKTU FREE MENDING GUA PAKE TIDUR ANJINGG
@malachitin,2024-09-19 14:16,ni org kalau sebersemangat ini ngerjain tugas mpkmb kyknya bakalan keren
@deffbob_,2024-09-19 02:55,masih bagusan isi konsum mpkmb😭🙏🏻
@jiseokbogor,2024-09-18 23:34,anjing ternyata gue satu kos sama kadiv mpkmb???? 😭😭😭😭
@aneversez,2024-09-18 14:10,"closingan enrichment tadi disetel jingle mpkmb trus pada sing along, LUCU BGT KANGEN MASA MPKMBㅠㅠ"
@shymfiony,2024-09-18 13:11,klian yg di gww kangen mpkmb jg g si
@cilanduy,2024-09-18 12:29,"srius nanya, emang bakal ada yg ga lulus mpkmb ya?"
@dcipss,2024-09-17 16:23,bisa gasih mpkmb aja 4 tahun
@itsurbabey,2024-09-17 09:00,gatau tp knapa ya ril maba yg skrg kek knapa?! wkt mpkmb juga sampah berserakan bgt😿
@sukabaksobgt,2024-09-16 18:18,"Semester 1 aku jg ga lolos apa²😭, pas akhir baru lolos panit MPKMB. Saranku kalau masih susah tembus organisasi, coba dulu kepanitiaan atau volunteer buat nambah pengalaman, nah kalau udh ada pengalaman, biasanya kemungkinan lolosnya besar kedepan, ini yg aku rasain after mpkmb"
@reezzzzzzcooker,2024-09-16 13:46,"Mending gedubrak"" fisik kaya mpkmb kemaren dah daripada beban pikiran gini anying"
@cipOlsit3,2024-09-16 08:28,syap salah kak
@glorievs,2024-09-16 05:31,we kocak kacamataku emang miring grgr ketiduran pas kelar mpkmb😭😭😭
@zelhazelhazel,2024-09-15 13:11,Kak.. Ayo mpkmb lg kak...
@nnshutt,2024-09-15 11:45,anjrt aku lupa ada enrichment MAMAHHHHH KENAPA HARUS ADA PASCA MPKMB 😭😭😭
@cinanaamon,2024-09-14 18:17,sayang bgt sama pjk sumpahh :((( kepikiran kalau ga ikut mpkmb hidupku sesepi apa yaaa
@astronotcentil,2024-09-14 13:57,"born to mengenang MPKMB, forced to pusing sama pasca MPKMB"
@preciousrrr,2024-09-14 13:43,"libur libur masih ada zoom, laprak, trus tugas pasca mpkmb😀"
@cipOlsit3,2024-09-14 13:09,cape bgt yh gendong kelompok
@bemymegumi,2024-09-14 04:12,mentoring untuk program kreatifitas mahasiswa pasca mpkmb baaaay
@hourlyhili,2024-09-13 14:44,"mw mpkmb tiap hari pls, abis itu langsung wisuda..."
@onawear2,2024-09-13 14:41,"AKU SUKA HARI INI DAH, kek mpkmb lagi"
@nnbellla,2024-09-13 12:54,terakhir kali kesini pas mpkmb..
@readaccg,2024-09-13 12:02,"OI, SIAPA KANGEN MPKMB 61?! 🤩😋"
@onawear2,2024-09-13 11:24,"WOILAH INI ENAK BANGET..

MAKASIH PANIT MPKMB"
@streshidup,2024-09-13 05:26,woy kocak kok twibbon ukm lebih banyak engagementnya dripada twibbon masuk mpkmb si bjrit
@sptrosaliaa_,2024-09-13 04:27,"naik tapi yang sebelah lagi belum eh digas aja. jatoh lah celananya robek. terus dijemput cofasil mpkmb naik motor. apaan bisnya aja lanjut jalan coy gaada itikad baik buat at least minta maaf.

pecat aja noh yang kerjanya ga becus"
@sptrosaliaa_,2024-09-13 04:25,"ya minimal kalo supir perlu istirahat itu sejam sekali kek ato gimana, jangan seputeran berhenti, ngerokok, terus bus belum ada yang jalan.

supir juga dibayar ya anjir kerjanya yang bener juga. masa iya temen gue anak aktiaria 60 pas masa mpkmb mau naik bus kaki sebelah udah-"
@meteorhologi,2024-09-12 10:21,p @ipbofficial datengin tulus atuh ini temen saya masih mengharap banget semenjak mpkmb
@orenjicaat,2024-09-11 11:21,enrichment esai buat tugas pasca mpkmb
@cilanduy,2024-09-11 08:39,aduh prasaan bru kemaren selesai mpkmb kak...
@ipb_menfess,2024-09-11 07:43,"Punten, minta tolong ya bagi yang menemukan, detailnya pake lanyard mpkmb"
@dlacorfiles,2024-09-11 06:09,"tadi ada studytour dari suatu sekolah terus sekarang di ccr diplay ipb digdaya, kangen mpkmb 🙁🙁"
@Opet253447,2024-09-11 05:00,GW SHOCK BGTTTTTTT ANJINGGGG PADAHAL KEKER SELALU SAMA CEWE PAS MPKMB JUGA BANYAK YG SUKA KOK GEY 😭😭😭😭
@saysikenow05,2024-09-11 02:32,"😭😭😭 relatable honestly, sebelum aku mpkmb jg kerjaanya buka twt mulu. Skrg cuman muncul once in a full moon awikwok"
@cozyykendall,2024-09-10 16:14,"kangen dapet lebihan konsumm mpkmb itu tiap hari. bawa pulang ke kos pisang+jeruk masing² sekotak, makan lebihan konsum panitt/vip/maba 3-4x sehari kwkekw"
@cozyykendall,2024-09-10 16:09,moment panitt mpkmb ternyata ada sebanyak ini di hp gue..🥺❤️🪻
@cipOlsit3,2024-09-10 14:20,doain pls..
@asavorynight,2024-09-10 11:54,udah lama ga denger lagu mpkmb jir kangen
@gumohwo,2024-09-10 09:34,mpkmb banyak yg gatau lyla
@todayisgege,2024-09-10 01:55,omagah kaka mc mpkmb 60
@infctee,2024-09-09 07:20,di ig mpkmb storee
@chasedeadg,2024-09-08 17:05,"padahal di mpkmb, either itu 60 or 61 aku ketemu lebih bnyk orang, lebih capek, tidur cuma 1-2 jam sehari BUT di mpd aku ngerasa lebih CAPEK, social energy ku bahkan abis seabis abisnya"
@onawear2,2024-09-08 15:38,wp aku masih gambar mpkmb dari faris
@jaemincikini,2024-09-08 13:09,aamiin pjk kel. besar biru mpkmb 62
@gummydoy_,2024-09-08 12:33,"doyoung bilang kyk gini ak jd mau bilang doyoung is my youth too, nemenin masa utbk, us, jadi agit, tes kedinasan, masuk kuliah, mpkmb kuliah, semuaaanyaaa ditemenin dia, malah dia jd role modelku buat masalah akademik ㅠㅠ"
@studyshasha,2024-09-08 12:27,"yeah 3 minggu lagi uts and we still have pasca mpkmb, love ipb🫰🏻"
@reversepant,2024-09-08 08:37,aku suka pasca-MPKMB 🤞🏻
@whereismyale,2024-09-08 02:44,"iri maksimal sama binus mereka nampilin songs that i LIKE, aku pas mpkmb ga tau any of the songs except wcbf 😮‍💨😮‍💨😮‍💨😮‍💨😔😔😔😔"
@bemymegumi,2024-09-07 23:54,pasca mpkmb bilek 🤟😜
@bemymegumi,2024-09-07 23:45,hari hari gamonin mpkmb dah 😂
@ipb_menfess,2024-09-07 18:08,"Punten, terpaksa beberes gegara kelakuan beberapa orang miskin etika. Mungkin di mpf/mpd/mpkmb harus diajarin, ya?"
@flownyl,2024-09-07 17:26,"gapapaa. kmrn ada kating fem cerita semester 1 ga ikut apa2, semester 2 lolos jadi panit mpkmb"
@theodoures,2024-09-07 16:03,jd kangen mpkmb dah wkwkwk
@marwahcantik11,2024-09-07 14:24,kirain kelompok kecil nya bakal gaseru karna waktu mpkmb aku susah bonding sama temen temen di mandhala. Tapi mereke tetep asik walau aku jarang nongkrong bareng mereka. Sayang pkm 286 banyak banyak 🥹❤️
@Emmanuel_K77,2024-09-07 12:22,"Lagipula, MPF macam apa yang sampai malam? Bahkan MPKMB saja terjadwal waktunya. Sudah gitu hari Minggu lagi, cukup miris sama yang beribadah di hari itu. Hahaha.."
@jaemincikini,2024-09-07 11:22,lengah dikit buka galeri bagian mpkmb
@2ndlifee,2024-09-07 11:14,"manifesting, kalo Tuhan izinkan, pjk mpkmb 62 ✋️☺️"
@fallsparklee,2024-09-07 08:53,"lu bayangin punya dokter sering sakit sakitan awkoakwo, huffttt. sekarang aku suda berdamaaiiii😍👍🏻. apalagi setelah denger pencerahan dari kaka kaka mpkmb mereka banyak yg sukses, dan kunci sukses bukan hanya ""kedokteran"" itu😃✅. gapapa jadi pegawai bank, bank bca😋"
@meteorhologi,2024-09-07 08:28,ih kangen mpkmb
@bonfirekiss,2024-09-06 13:33,Jangan lupa pasca mpkmb..
@notdinz,2024-09-06 11:46,zoom bpn pake backsound mpkmb 61 bnrbnr kangennnnnnn mpkmb🥺🫰🏻
@ayesazzu,2024-09-06 10:36,SEBULAN LALU KITA MPKMB
@temennyaplutooo,2024-09-06 03:14,"Akhirnya impian abis mpkmb itu terkabul..

Girls day out ke salon sama gisa 🌝"
@rutoipb,2024-09-06 00:24,mpkmb lgsg wisuda gt ia konsepnyh
@chenleipb,2024-09-05 23:52,RILLL😇 bisa ga mpkmb sampe wisuda
@onawear2,2024-09-05 15:45,lagi beberes dan ketemu buku rekor🥺🥺 kangen mpkmb
@rutoipb,2024-09-05 15:40,jiwa raga ku ketinggalan di mpkmb kk kk
@rayiinaa,2024-09-05 14:05,batik mpkmb
@ayestudiez,2024-09-05 13:08,ak kira kuliah tuh mpkmb - bikin jj - wisuda 😵
@frrlrendy,2024-09-05 03:41,wkwkwk iyalagi dulu pas mpkmb diare berat
@strawberliyy,2024-09-05 03:40,"iya diare, hari pertama mpkmb lgsg muntaber aku wkwkwkw"
@naylastudy_,2024-09-05 01:05,"eh coba deh kesana dlu, soalnya tkut salah😭 tkutnya 20k ga pake nasi, soalnya belinya dah lama pas sblm mpkmb"
@arachatoraa,2024-09-04 15:11,gua mpkmb ampe ga hadir 2 hari karena dirawat
@shestarst,2024-09-04 13:23,kgn suasana mpkmb ini alias lengah dikit ganti temen
@togamejuo,2024-09-04 12:14,"ini di gymnas ada acara apasih keknya dr selesai mpkmb ampe hari ini ga selesai-selesai 😓 berisik bgt sampe asrama, a5 aja segini gmn yg a4 coba"
@glorievs,2024-09-04 10:54,"takoyaki, maryam, pawon, sama geprek rasanya kaya mpkmb"
@abeleeya,2024-09-04 01:02,"kirain habis mpkmb fokus kuliah
ternyata ada pasca omb"
@sleepynangel,2024-09-04 00:18,Ini dulu akun buat cari temen mpkmb sekarang udah semester 3 aja ???? CEPET BANGETTT
@auprico0t,2024-09-03 23:27,nyari kos 2.5km dari kampus kalo tetangganya basecamp kreatif mpkmb buat apa😄
@joyminzip,2024-09-03 14:52,gw sebel banget ketinggalan banyak kartunya sylus karena gw lagi sibuk mpkmb waktu itu ANJENGGGG
@pipiah_,2024-09-03 12:38,"kepala gue sakit parah
baru smpe rumah jam 7 langsung buka laptop blm ganti baju trs ngerjain dream book, kelompok pkn belum, kelompok sisbis belum, ditmbh ada pasca mpkmb
dan skrng gue mau keluar lgi buat ngeprint...

BISA SATU"" GA ANJG GUE STRESS LAMA"""
@riyodehahaha,2024-09-03 12:01,Dsitu mh paper mob mpkmb jg bsa
@moneeterz,2024-09-03 11:49,iya anjay prasaan kmrn bru mpkmb
@Galweth,2024-09-03 11:40,"admin zoomnya nyetel jingle mpkmb, jdi tambah kangen ospek owsyit"
@nadhifahsahlaa,2024-09-03 08:49,ini sampe kapan ya gue dikenal sbg perempuan yg nangis dipelukan mba nana pas mpkmb 61 narapati bimantara ini??????😭😭😭😭😭 MALUUUUU
@jwylibel,2024-09-03 03:36,ayo kita mpkmb lagi
@cherrywaffle__,2024-09-02 14:43,kirain abis mpkmb langsung wisuda
@bloomingdreamss,2024-09-02 13:29,"ini juga mpkmb 

tapi pasca😀"
@nnaaninuu,2024-09-02 07:49,"eh lucu bngt jadi pj kelompok😆😆🫶🏻 
soon jadi pjk mpkmb 2025"
@faithimm_,2024-09-01 17:36,"mpkmb: ketemu org baru
ppku: orang baru lagi
di dept: yap. orang baru lagii

ipb nih demen bgt misahin orang sama temen""nya😞😞🫵🏻"
@teroseng,2024-09-01 13:09,omda bekasi disingkirkan 😔 kemarin pas mpkmb jg ga disebut
@sapwwann,2024-09-01 12:53,kirain abis mpkmb langsung wisuda
@shigatsuww,2024-09-01 06:52,lucu bgt ini waktu internalisasi pertama mandhala sebelum mpkmb pas mau ke museum hahahaah bopattt😭😭😭😭
@sptrosaliaa_,2024-09-01 03:47,"MAAF KALO KAMPUNGAN

TAPI AKU BARU TAU KALO ADA YANG MPF MPD SABTU MINGGU?

AKU KIRA SEMUA KAYA IV YANG BARENG MPKMB ATAU PAS LIBURAN GITU

WOWWW PASTI CAPE YH, KEREN BGT"
@bilanabeelaf,2024-09-01 01:42,"sadar ga sih mpkmb tuh tahun lalu, info dari jauh2 hari dan masih pada di rumah. Meanwhile skrg udh dibawa balik semua, udh rusak"
@madforknowingu,2024-08-31 17:06,pas au au-an kangen bgt anjirr rasanya kaya balik mpkmb 😭
@dennojob,2024-08-31 16:19,"Dari awal liat dia waktu mpkmb, saya langsung ga sreg. Fokus ke branding diri sendiri daripada ningkatin fasilitas kampus. UKT tinggi waktu covid juga gara-gara dia nih, fasilitas nya cuma zoom free doang. Yg lebih kacau, dia ngubah universitas jadi institut. Ga jelas."
@cipOlsit3,2024-08-31 15:18,eh demi apa…bawahannya okegas anjrit…
@CestLaReves,2024-08-31 15:17,Next time dar tanya namanya.....gue gaenak pas mpkmb tbtb gua ngilang gitu.....
@Aida_rhma,2024-08-31 14:41,"Wkwkwk mpkmb ga diizinin ada simulasi demo dari taun kemaren, u know lah y"
@Notshua888,2024-08-31 14:36,Ka aku troma beli dimsum pas mpkmb gaenak keras :(
@rohthingtodo,2024-08-31 14:18,"Asrama gw terpencil sih (sylvasari wkwkw) tp mungkin iya pernah ketemu di ccr apa sekelompok waktu mpkmb, who knows?😂😂"
@dumpiesua,2024-08-31 11:46,kmrn pas mpkmb bukannya udh di spoiler yh sm bliao😺😺😺
@eleesianm,2024-08-31 05:15,Tp menurut gue aneh sih soalnya dia mengeluhkan mpkmb juga WKWKW
@itadoowri,2024-08-31 01:24,Riyal anjer masa make yg pas mpkmb ih
@chenleipb,2024-08-30 23:41,"saking bingungnya mau dengerin lagu apa, aq kemaren malem nugas sambil dengerin jingle mpkmb😇"
@bilanabeelaf,2024-08-30 16:09,"honestly aku hitungannya ga ngerasain mpkmb 60, bkn karena pita, tp emg aku sakit jd ke posko terus. dan pas jd panit malah aku jd baru ngerasain euphorianya, desain gww, keseruan mobilisasi, apalagi konsernya. jd hitungannya aku mpkmb bareng anak 61"
@bilanabeelaf,2024-08-30 16:09,"btw sepatu itemku rusak krn mpkmb 61 bkn mpkmb 60, soalnya mpkmb 60 ak pita jd jalannya aman ((mostly di posko kasur jg heheh))

pas yg 61 SUPER SERU walaupun tiap selesai nempelin koyo di kaki sm pinggang, tp mondar mandir sana sini jd sehat kuat 💪🏻💪🏻💪🏻 

ps. kangen dikit"
@bilanabeelaf,2024-08-30 15:52,diinget2 aku dari kecil ga punya backpack item. even mpls dari aku sd sampe sma bahkan mpkmb gaada aturan tas item knp tbtb di tahun kedua kuliah ada..
@bilanabeelaf,2024-08-30 15:26,sepatu itemku udh rusak krn mpkmb dan aku ga punya tas item. tapi aturan mpf kayak gini? buat 3 hari? beli? minjem? minjem siapa ya? but seriously sepatu minjem?? wkwk
@bilanabeelaf,2024-08-30 15:25,"perasaan pencerdasan mpkmb cukup 1x per batch, knp yg mpf yg 1:5 sampe perlu 2x?

genuinely ask"
@edlnbvrgh,2024-08-30 09:58,printilan mpkmb (nametag di tas) masih dipake pas ngampus kan gw kangen ospek jadiny 😔💚💚
@y0urthugmate,2024-08-30 00:38,"final project mpkmb se wow itukah😭 sampe kaka mentornya dari 58, ada grup per cluster nya, KEK OH MY"
@2log2048,2024-08-29 06:54,coy tiba tiba banget kangen mpkmb gara2 denger jingle😔
@korpusIPB,2024-08-29 06:32,"Keunikan MPKMB Dibandingkan dengan Universitas Lain

korpusipb.com/ragam/keunikan…"
@maunan14,2024-08-29 06:14,"jir yg ngajar bang faris, alumni SMA pradita dirgantara dan ketua divisi pendanaan MPKMB dll"
@madforknowingu,2024-08-29 03:48,itu stiker inside jokes IPB pas MPKMB... 😭
@naruhiiko,2024-08-29 00:24,Agustus lama bgt gk sih kayak mei. Kayak banyak bgt yg gw kerjain di agustus dari mpkmb sampe tb tb minggu ke tiga mennn😊😊😊😊😊😊
@cherrywaffle__,2024-08-28 16:50,"kemarin” telaga inspirasi, depan ahn, sepanjang koin dari mandiri-taman inovasi tuh selalu dipenuhi sm
maba” yg ambil almet, foto” dan kumpul brg mandhala. tp skrg tiap lewat sana, isinya kakak” yg lg photoshoot pake toga dan baju wisuda🥹 omgg i miss mpkmb era so much😔💔"
@naviacchi,2024-08-28 15:13,kangen wawa dah sumpah abis liat archive story kangen mpkmb anjay ahg
@pipiah_,2024-08-28 13:42,"MALEM INI GUE NANGIS
setelah dari mpkmb sampe minggu ke 3 blm pernah nangis"
@sweetiipunc,2024-08-28 13:28,"sorry banget, korelasi tas harus warna item/putih/ coklat itu apa? ga make sense banget sorry, trs kl gaada harus ngeluarin duit buat beli tas nya? perasaan pas mpkmb ga sebegitunya"
@zekyyzek,2024-08-28 13:05,"mau ngumpul nunggu mpkmb 62, raja jadi ketuplak mpkmb sv 62😇🤙🏻🙏🏻"
@rokuichii,2024-08-28 09:11,"anjiir lah saking sibuknya, semenjak mpkmb nggak pernah lagi main genshin alias aku nggak dapet skin kirara 💔💔💔💔💔"
@cipOlsit3,2024-08-28 07:31,gue jg pgen balik lg dah
@aaapiippt,2024-08-27 17:12,mpkmb seseru itu ya
@kasurbengkok,2024-08-27 17:00,sedikit rindu mpkmb
@wajarfema,2024-08-27 15:46,hooo aku mw convert mpkmb sm 7h dah tp bingung bikin logbooknya
@boujvie,2024-08-27 12:24,kirain kuliah cuma mpkmb sama outfit check doang ternyata GA SERU BGT
@boujvie,2024-08-27 12:24,kangen anak kel sedang gue bgt kgn mpkmb bgt
@distributorpuyo,2024-08-27 11:52,"Ide MPKMB: tutorial parkir kendaraan yang benar, sesuai tempat dan tidak menghalangi jalan di sekitar kampus 👍🏼"
@draysss___,2024-08-26 18:14,"Hi Nils! This is your komdis & pjk
Bimantara Nilawarsa 🌪️

Gak kerasa ya udah minggu ke 3 kuliah, perasaan baru kemarin mpkmb 😂"
@aissyyyaipibi,2024-08-26 16:08,bahkan pengennya habis mpkmb tuh bisa langsung lulus wisuda aja gk
@khansaaii,2024-08-26 15:24,"hal yg ga boleh gue liat adalah foto dan video mpkmb, sma, dan foto masa kecil gue KRN KANGEN DAN GAMON SEKALI SM MASA ITU😭"
@sapimewing,2024-08-26 09:16,lu pada kalo denger kita ke sana keinget mpkmb ga si
@anothersidejml,2024-08-26 07:59,"funfact, mpkmb sv tadinya guest star nya mau bernadya/bilal indrajaya tp terkendala tanggal yg tidak cocok dgn mereka :)"
@skarezk,2024-08-26 07:05,closing mpkmb guest starnya tulus udah jadi urban legend
@robotdiesel,2024-08-26 06:29,mpkmb sv yaa ini 😭😭
@terebiologi,2024-08-26 02:42,kangen mpkmb ih😔
@glorievs,2024-08-25 18:07,"yaudahlah kalo kemaren outfit pra mpkmb day 1, besok outfit rekor🤠🤠🤠"
@matchaanselma,2024-08-25 15:56,tpi ijinin aku daftar panit mpkmb 62 juga ya hehe
@pipiah_,2024-08-25 15:47,"kayanya aku bakal ngerjain cl 3 besok deh, yaudahlah telat sehari minus 10 point cmn tugas mpkmb doang"
@fwzthecounselor,2024-08-25 13:24,mpkmb kemarin be like:
@coconatir,2024-08-25 13:02,"iyaa, selama mpkmb kemarin aku order dari catering ini"
@overbolden,2024-08-25 08:20,GUE LIAT LU BENTAR TP KYAK LAGI SIBUK GITUUU WAKTU MPKMB WAKTU ITUU
@minhalide,2024-08-25 07:23,kangen mpkmb.....
@bluesstudy,2024-08-24 17:41,kukira kuliah cm sampe mpkmb doang abistu lgsg lulus
@sptrosaliaa_,2024-08-24 16:52,"tiati sama yang kaya gini plisss

aku pernah dichat orang yang ngaku Warek I, mana si nomor ga dikenal tau kalo aku maba skhb lagi. terus aku nanya co fasil dan pjk mpkmb ku ternyata penipu dan banyak yang udah kena"
@oceannwongravee,2024-08-24 11:45,"kadiv mpkmb udh dihubungi ternyata, makasi yaa🙏🏻😓"
@imsocoldv,2024-08-24 11:40,"jadi inget dulu wkt mpkmb (ospek) di ipb beneran, ada bagian simulasi aksi. dan maba2 beneran belajar cara bikin formasi aksi yg baik, siapa yg jadi barikade, siapa yg di dalem, gimana caranya jalan ikutin komando dari toa

ternyata penting bgt🥺"
@oceannwongravee,2024-08-24 11:37,"ih mauu yg mpkmb 59 sama 60, siapa yaa? sama klo mau hubungi orangnya bisa lewat manaaa

klo 61 terlalu deket"
@pipiah_,2024-08-24 11:11,kirain kuliah isinya ootd an sama review makanan mpkmb
@sasimanbaswedan,2024-08-24 07:50,kangen mpkmb banget. pku isinya mpkmb setaun aja bisa ga sih 😹😹😹
@chicknnoodle_,2024-08-24 06:51,WKWKWKWK jd inget gw prnh ngcrush in komdis mpkmb 60
@CestLaReves,2024-08-24 06:28,"ADA KMAREN YG VN MALEM' SESENGGUKAN NANGIS

Jam 22.49 kmaren (eh mpkmb store kan......)"
@crunoash,2024-08-24 06:09,"duh, kangen MPKMB IPB.. kirain kuliah isinya MPKMB doang sampe lulus.."
@chenleipb,2024-08-24 03:37,tiap denger jingle mpkmb lgsg berasa lagi di gww😔 KANGEN BGT bisa ga mpkmb sampe wisuda
@cinanaamon,2024-08-24 00:40,kita balik mpkmb aja kali ya
@klaperann,2024-08-24 00:11,GW DPM PEMIRA 2 PERIODE TRS AK MPKMB JUGA KEK NGAPAIN SEHHH capek
@alexxalbon,2024-08-23 16:01,"Semenjak kelar mpkmb, group mandhala gw udah ga ada jamal"
@kyayyie,2024-08-23 04:38,"yaampun lg addven pas ishoma panitianya nyalain jingle mpkmb 61, jadi kangen dejavooy :("
@tehqotaq,2024-08-23 00:58,Owalahhh... jangan jangan pas MPKMB hari terakhir gw juga kek gini...
@2ndlifee,2024-08-22 18:26,"sejujurnya, pas mpkmb bagian sumpah mahasiswa, emang kalian gak sedih ya? 🙁 kaya campur aduk gk si"
@onawear2,2024-08-22 16:34,"ges aku gamon mpkmb, siapa yng mau ikutan pas hari senin pake kemeja putih+celana hitam+almet+lanyard bimantara"
@diolsbud,2024-08-22 08:45,LAGU KESUKAAN AKU PAS MPKMB
@cipOlsit3,2024-08-22 01:34,semangatt yg turun ke jalan hari iniii✌🏻✌🏻✌🏻✌🏻💘💘
@a_Qiraa5149,2024-08-22 00:25,Maba IPB ada yg order jas lab di D*rgantara trs blm dikasih gk? Sumpah tau gini beli di mpkmb aja ancrit. Kuliah dah mulai dan jas lab msh blm ada...padahal aku batch 2...
@renjununa,2024-08-21 15:19,"Salah satu lagu indonesia yg bikin merinding adalah lagu buruh tani pas jaman mpkmb penerimaan mahasiswa baru:"")"
@mingyuipb,2024-08-21 13:58,teman kelasku please jangan bosen karena gue akan memakai batik mpkmb lagi...
@ygmuliaparis,2024-08-21 12:14,Semua ini berawal dr reply twt chord gitar jingle mpkmb
@korpusIPB,2024-08-21 08:42,"IPB DIGDAYA! Menyambut Datangnya Perjalanan Baru Bersama Narapati Bimantara di Penutupan MPKMB IPB 61
Mahasiswa KKNT IPB University Gagas Program Pengembangan dan Pemberdayaan di Desa Pesantren

korpusipb.com/mpkmb/ipb-digd…"
@cipOlsit3,2024-08-21 00:55,selamat pagi
@intakipb,2024-08-20 22:03,kangen mandi subuh subuh pas mpkmb
@17horrible18,2024-08-20 16:10,"ritwit. stelah dapet penolakan 1000x dri berbagai univ dan jalurnya. akhirnya keterima ipb, pas di ipb ada tgs mpkmb trs disuruh nulis moto, moto gue jg ""it's just a phase, it will pass"". krn beneran masalah akan dtg dan it will pass anjay"
@ssendalpegatt,2024-08-20 15:05,"Ternyata bener kata pjk gw, di ppku ngerasa sepi gada temen padahal banyak yg bisa diajak ngobrol. Tapi kek rasanya tuh beda gitu sama mandhala dan temen lain yg deket pas mpkmb"
@limitfungsii,2024-08-20 13:25,KOK TIBA² UDH MINGGU KEDUA KULIAH YA KAYAK CEPET AMAT?? PERASAAN KMRIN BRU MPKMB...😭😭😭😭😭
@Wilsyad1,2024-08-20 12:48,"kondangannya ngga berangkat dari jam 4 ya
enak, ngga harus bangun pagi
gaenak, kangen MPKMB"
@cipOlsit3,2024-08-20 12:25,tumbang jg akhirnya..
@auprico0t,2024-08-20 11:32,apesnya pas sem2... gmn mau join panit mpkmb😞
@cipOlsit3,2024-08-20 06:58,EH DEMI ALLAH INI BOLEH IZIJ KE TPILET GA SIIIII GUE PGEN PIPIS BANGET
@beenadnad,2024-08-20 02:17,Kayak harus bgt ini chat di grup macam mpkmb??!
@Galweth,2024-08-19 14:16,gamon mpkmb dah🥲
@essathefairy,2024-08-19 13:17,"hmm semoga ditahun depan bisa lebih baik mpkmb nya orang"" yang kurang puas bisa ikut andil dalam memberi evaluasi dan memperbaiki kekurangan panitia tahun ini pada tahun depann, i'll wait for your guys distribution in mpkmb 62"
@asloveseems,2024-08-19 12:41,kangen temen temen mpkmb ku ☹️
@auprico0t,2024-08-19 00:54,mw ky gini tp uda 7 org manggil aku auf pas mpkmb😞
@avatarrangg,2024-08-19 00:24,oh duku gue baru MPKMB pun dan muntah2 🙏
@seafishyyy,2024-08-18 16:43,sp yg blm move on dr panit mpkmb? sy😔☝🏻
@woofbblue,2024-08-18 16:03,"Eh ternyata banyak yg sakit ya. Aku aja pas mpkmb udah kena radang tapi masih aman lah ya,terus sekarang baru sembuh dari pilek tapi pencernaan lagi jelek😭"
@bilanabeelaf,2024-08-18 15:42,"Eh btw sepatu itemku satu2nya serusak itu grgr mpkmb, padahal udh dijahit tp malah rusak lg bagian lain"
@inversmatrix,2024-08-18 15:30,tugas mpkmb kelar....
@auranzwrns,2024-08-18 15:02,dadahhh mpkmb 61 👋
@gularein,2024-08-18 14:42,"kangen mpkmb, kangen gedebak gedebuk nyiapin sop, kangen ka atim, kangen kalakarsa😔😔"
@bluesstudy,2024-08-18 14:30,finally menamatkan tugas mpkmb
@mingyuipb,2024-08-18 14:28,menyiasati rok mpkmb :)
@todayisgege,2024-08-18 13:56,fmipa ilkommm tuu mc mpkmb 60
@aneversez,2024-08-18 11:43,masyaa Allah tabarakallah alhamdulillah telah menamatkan MPKMB 61🧎‍♀️🧎‍♀️🧎‍♀️🧎‍♀️
@Jawarakuliah,2024-08-18 09:53,"2025 Ikut MPKMB IPB
2025 Ikut MPKMB IPB
2025 Ikut MPKMB IPB
2025 Ikut MPKMB IPB
2025 Ikut MPKMB IPB
2025 Ikut MPKMB IPB
2025 Ikut MPKMB IPB
2025 Ikut MPKMB IPB
#mpkmb #mpkmbipb #studytwt #snbp2025"
@miiyyaaa__,2024-08-18 06:29,mpkmb
@scaredacted,2024-08-18 05:00,tugas mpkmb resmi dibantai seluruhnya 🔥
@astronotcentil,2024-08-18 04:17,"TERNYATA ORANG RUMAH KEMARIN NOBAR STREAMINGAN MPKMB IPB BUAT CARI GUE. 😭😭😭

untung kecentilan gue ga masuk kamera live 😭"
@pipiah_,2024-08-18 04:09,gua jga pernah tpi bedanya pas mpkmb😭
@mingyuipb,2024-08-17 23:17,ganiat hari ini gw gabawa rok dan pake rok mpkmb :)
@KimMeinjeong,2024-08-17 17:27,tugas mpkmb... yang bikin komik
@dishayangkamuu,2024-08-17 15:45,"day 1 pulang karna lgi ga enak badan jadi dikerokin, dipijet kepalanya, disuapin makan, terus cerita2 tentang asrama & ppku mpkmb dann ghibah😅

tdinya mau minta ipb pindah aja ke ciawi, tpi gajadi deh. kalau PP belum tentu dapet perlakuan sweet gini"
@OSCOCLIFFO,2024-08-17 13:57,"kangen pepe kangen mpkmb kangen mipa 5 kangen main di rumah adel/mimin kangen leha"""
@Sddm00,2024-08-17 13:06,"tugas MPKMB done semuaa😎👊🏻
anti begadanggg"
@ran16Rn,2024-08-17 12:59,"MPKMB SV IPB UNIVERSITY 61 DAY-2
Sangat Menyala 🔥🔥

#mpkmbsv61
#ipbuniversity
#IPBinDiversity"
@bemymegumi,2024-08-17 12:42,life after mpkmb sangat sibuk dan capek 😥😥😥 mau mpkmb selamanya terus langsung wisuda apa bs 😭😭😭
@khansaaii,2024-08-17 12:03,mejaku😀 + lagi sedih udh ga mpkmb lagi
@etdahwkwk,2024-08-17 04:52,"Realizing kuliah pace nya secepet itu, realizing temen2 anurakti juga udah mulai pada dapet temen baru…. Realizing aku gaboleh stuck di masa mpkmb, I should go ahead and make another friends too"
@katshyck,2024-08-17 02:40,SIAPA KANGEN MPKMB SV CUNG HENN 😞☝️☝️☝️☝️
@hiatgss,2024-08-17 00:39,beneran kaya mpkmb 😭
@shasaa117,2024-08-17 00:28,MPKMB PART 2???
@jenoskhb,2024-08-16 23:58,jdnya kangen mpkmb lg
@grapestra,2024-08-16 22:39,haii dri aku yang mau mpkmb lagiii 🫶🏻
@mingyuipb,2024-08-16 21:47,sumpah gw udh pasrah kl tahun depan ngulang mpkmb lagi
@Itstan19001469,2024-08-16 21:34,"Mandi jam segini kek ospek,inima mpkmb part 2"
@dishayangkamuu,2024-08-16 17:25,"dulu begadang karna main HP mulu, nonton drakor scroll x nonton film nontonn youtube.. sekarang begadang karna nyetrika dan nugas mpkmb😁"
@hayajualan,2024-08-16 16:40,harusnya aku bawa ini waktu mpkmb…
@llyyytn,2024-08-16 16:08,ini gua rela mpkmb full sebulan
@llyyytn,2024-08-16 16:07,kangen mpkmb:(
@rallavyy,2024-08-16 15:26,Mpkmb era
@sobagoreng,2024-08-16 14:56,"Ikutin kayaj yg di igeh aja cuk, ig MPKMB"
@kazirinkiz,2024-08-16 14:55,"Tenang, Baru seminggu 😅 MPKMB tuh opening buat survive di kampus"
@dinlouvre,2024-08-16 14:08,"KWKWKWK KOCAK DAAH ada yang make baju narapati bimantara di stasiun bogor, gamon mpkmb ya bangg"
@astronotcentil,2024-08-16 12:08,tikum MPKMB day-11 di stasiun bogor ya gusy
@mingyuipb,2024-08-16 11:40,mendingan konsum mpkmb
@yellewood,2024-08-16 08:10,resmi menamatkan semua tugas MPKMB
@dokcing,2024-08-16 07:48,"aku mpkmb 12,5 dapat makan 4 hari AOWKWOWK"
@faisalmzhdtt,2024-08-16 04:57,agak stres yaa soalnya masih diteror tugas mpkmb. cuman udah kelar jd cukup lega
@essathefairy,2024-08-16 04:31,"selama persiapan mpkmb berbulan bulan yang kepikiran tuh cuma gimana caranya supaya maba seneng dan nyaman selama acara, seminggu tidur dikampus, makan ga teratur, tidur cuma satu jam bahkan beberapa temen temen yang lain ga tidur, pagi nya udah harus standby, lari"" nemenin maba"
@llyyytn,2024-08-15 23:42,gamon sama mpkmb galau nya ngelebihin di di ghosting dekel
@llyyytn,2024-08-15 23:40,"kangen gajendra, kangen ragnala, kangen mpkmb"
@serifkelot,2024-08-15 23:05,gantinya jadi panit mpkmb taun depan
@bluebeccies,2024-08-15 18:19,"idk deh.. menurut ku ini yg kritik agak berlebihan, kemaren selama mpkmb gua dibolehin kok ke toilet, temen gua jg pada aman. Soal yg solat + wudhu kan udah dijelasin ama kakak panit alasannya, etc. Kalau yg salah kiblat itu mah human error.. Ini mah emang si sendernya lg apess."
@mahasiswaaipibi,2024-08-15 17:51,Wah iya sampai 4 paragraf ngejelasin mpkmb 😭
@fira11111,2024-08-15 17:21,cara mengubah tugas mpkmb menjadi saldo dana
@carlosipb,2024-08-15 17:16,janji sekarang mah ga bakal ngetwit pertanyaan bloon seputar sop mpkmb lagi 😔☝🏻
@nadhifahsahlaa,2024-08-15 15:58,"happy dikasi gift waktu mpkmb?❌️
happy dimintain data diri, motto, biodata buat dokum dibuku mahasiswa temen"" aku✅️✅️✅️✅️✅️✅️

#salting 😘😘😘"
@rcathelsa,2024-08-15 15:52,it’s okei qill. aku juga masih mau mpkmb kok😔
@woopyfloopy,2024-08-15 15:30,"kayak after mpkmb ngerasa bgtt punya banyak kenalan sana sini, tapi at the end gaada yang beneran deket gitu, asli wakk"
@woopyfloopy,2024-08-15 15:29,"honestly jadi kumara tuh plus minus poll yaa, especially life after mpkmb kerasa bgtt"
@jiseokbogor,2024-08-15 15:27,menamatkan gim penugasan mpkmb 😋😋😋
@infctee,2024-08-15 15:12,mpkmb dapet hikmah doang 😹
@hifaloof,2024-08-15 14:45,😭😭se mpkmb itu backsoundnya
@accounrendom,2024-08-15 14:35,"LUCUU BGT PLSS, ya Allah, semoga tahun depan akuu bisaa ikutt mpkmb 62, aamiin ya Allah😭"
@kongsirokok,2024-08-15 13:57,"Dimsum ter enak yang aku coba disini tuh dimsum sionty. Cuman aku gatau dia buka gerai dimana biasanya selalu ada tenant nya di event event ipb, kemaren ada pas closingan mpkmb"
@kongsirokok,2024-08-15 13:40,kunci kamar kos sama kunci gembok- gara gara di taro di saku jaket + naik motor buru buru waktu closing mpkmb 😀
@youandiwecanfl9,2024-08-15 12:56,"HEU HEUUU IYAA KAKAKK, terima kasih juga udah mau cape untuk kita Narapati Bimantaraa! semua kaka panitia MPKMB hebattt dan keren bangett☹️💖"
@10kkupu2,2024-08-15 12:39,"MPKMB tuh tempat yang enak banget buat panitia berkarya. Nginep di kampus bukan gara2 mereka sesuka itu ama maba, tapi emang se semangat itu buat bikin karya. Tapi bukan berarti lu jadi impunity, yah tetep instrospeksi lah"
@crazryuu,2024-08-15 12:24,Ini sebenernya part pling keren mpkmb HAHAHA
@robotdiesel,2024-08-15 12:09,gw dulu bela2in foto studio buat foto twibbon panitia mpkmb sih ☺️ untung kepake juga buat cv and linkedin
@nausp1cy,2024-08-15 11:32,"jir pas mpkmb 59 padahal panitnya baik baik, air minum diisiin, yang pita diprioritasin😵‍💫"
@Sutankahsutan,2024-08-15 11:22,"Buat maba 61, ga usah takut berpendapat, keluarin aja asal jelas apa yang kalian kritik. Buat yang nanti mau jadi panitia mpkmb berikutnya jangan lupakan isu ini, jadikan evaluasi buat nanti gimana caranya bisa buat kegiatan yang inklusif buat semuanya, gimana caranya masalah"
@Sutankahsutan,2024-08-15 11:22,"Menurut gw, udahlah dengerin aja segala kritikan yang terlempar kepada kalian, cuekin aja hujatan yang gk ada subtansinya kek ""MPKMB jelek"", ga usah man-hunting admin ipbbercanda karena itu adalah hal yang kurang bijak, dan sepertinya kalian harus minta maaf lagi."
@Sutankahsutan,2024-08-15 11:22,"Usaha mereka pun akhirnya berhasil membuat output yang baik buat para maba dimana banyak yang gamon sama MPKMB ini. Keren kalian panitia 👍👍👍

Walaupun gw bukan bagian dari panitia, tapi gw tetep tau gmn capeknya mereka buat nyiapin ini semua, mulai dari berbulan-bulan sebelum"
@Sutankahsutan,2024-08-15 11:22,"Gak bisa dipungkiri kalau MPKMB IPB ini bisa dibilang sukses dilaksanakan dan kita patut mengapresiasi setiap komponen yang menyelenggarakan event ini, terkhusus buat panitia yang udah banting tulang siang malam agar event ini memberikan kesan yang bahagia buat para maba."
@Sutankahsutan,2024-08-15 11:22,"Pandangan gw terhadap masalah MPKMB IPB ini.

A thread 🧵"
@faisalmzhdtt,2024-08-15 11:07,"how to stop listening to 'JINGLE MPKMB IPB 61' anjirrlah seru bgt plis jingle-nya ampe masuk playlist spotify🙂 
@MPKMB_IPB"
@ayambakarbubejo,2024-08-15 08:54,"mulai kejadian omi, wisudaan kemarin, sampe mpkmb emg gtu😁"
@hyunjinskena,2024-08-15 08:16,Demm akhirnya tugas MPKMB gue kelar semua... sisa challenge 7 habits doang abistu kelar semua mua nya
@cipOlsit3,2024-08-15 08:02,baru beberapa hari kuliah:(( semoga lancar trs deh mereka masa depannya..
@cipOlsit3,2024-08-15 08:00,sumpa dari kmrn aku ngeliat ada dua anak sv yang ngundurin diri
@barabarambis,2024-08-15 07:55,"Ak sngja bahas dept ama ngomongin mpkmb 61 kras kras si byar mreka kek ""wow katink"" 😎😎😎"
@ayambakarbubejo,2024-08-15 06:38,"halo aku bukan panit, tapi mungkin boleh dm aku dari bukti yg kamu bilang ga yaa? nanti aku sampein ke panitianya karena kebetulan temen aku banyak panitia mpkmb"
@riddiclow,2024-08-15 06:11,"mjb reyy, ini mpkmb onlinenya kahh? klo iya, kira2 berapa jam yaa?"
@youandiwecanfl9,2024-08-15 05:51,IYA ANJIRRRRR WOI KAKA KAKA MPKMB SEMUANYA BAIK BGT BGT BGT BGT!! kalo orang ngomong aneh aneh parah siii...merekaa se effort itu jirr...
@marwahcantik11,2024-08-15 04:11,"Btw i cant socialize with my mandhala, kayak i’m not fit in gitu loh sama topik dan jokes mereka. Thanks to anak ssmi yg jadi temanku waktu mpkmb. Mereka tuh udah nyambung duluan and make a circle, jadi agak struggle socialize sama mereka yg udh punya"
@paramaldi,2024-08-15 02:37,MPKMB 46 kayaknya bagus-bagus aja. Sekarang ternyata sudah separah ini. 😄
@006chiev,2024-08-15 01:31,"met mam ollllll
pagi ini makan mie yg opkors dimasaknya pake air dispenser w/ gorengan loyo semalem dan yg terakhir dan tidak bukan tentunya penugasan mpkmb tercintaa😋🤟🏻"
@krabbypattyyums,2024-08-15 00:57,survey kepuasan mpkmb hihii
@cozyykendall,2024-08-15 00:12,kangen op mpkmb.. perasaan baru kemaren wawancara di depan gka tapi sekarang udah kuliah di gedungnya aja:((((
@faisalmzhdtt,2024-08-14 23:27,"tugas kampus sejauh ini dikit anjir sbnrnya. cmn tugas mpkmb ini loh🥲
buku bimantara lah, buku mahasiswa lah"
@chasedeadg,2024-08-14 23:25,"at the end of the day, after lots of effort that we put on mpkmb, kita semua manusia yg ga luput dari kesalahan. aku mohon maaf apabila ada kesalahan aku dan panitia lainnya selama mpkmb yg merugikan kalian🐺"
@northzt4r,2024-08-14 23:21,"lainnya ada yang bahas mpkmb dan uph fest, satunya bahas ngonser fate+ vs sedih gabisa dtg, satunya udah bahas 17an REAL dunia sibuk banget"
@aisyahsaharaa,2024-08-14 20:53,Nama angkatan MPKMB IPB juga
@zelhazelhazel,2024-08-14 17:46,Besok mpkmb lg yu kak
@sptrosaliaa_,2024-08-14 17:33,jier zamanku langsung dibawa pas hari H mpkmb
@jaehyungitis,2024-08-14 17:01,KGN WOI @ mpkmb 61 :-(
@swidyam,2024-08-14 16:51,"iyawww, banyak sih yang dikumpulin setelah mpkmb, kaya challenge 7 habit juga, makanya ni mpkmb udah selesai tapi tugasnya masih melekat🤗"
@akatinaku,2024-08-14 16:49,eeeh penugasan buku mpkmb tuh dikumpulin setelah mpkmbnya kaahh?
@rcathelsa,2024-08-14 16:10,"but here i am dengan 1 organisasi, 1 ukm, dan beberapa kepanitiaan termasuk mpkmb kemarin!!! SEMANGATT YAA KAMU🫰🏻"
@llyyytn,2024-08-14 15:50,"ehhhh asliiii iyaaaa, selama rangkaian mpkmb aku tuh selalu di anterin dan di balikin ke tempat duduk semula sama kakak kakak panit, mereka tuh se sigap itu loh, dan makin hari mereka makin tanggap sama kita para maba"
@hellofaat,2024-08-14 15:48,"dulu aku juga gitu nder soalnya bener bener gada yang kukenal di kelas (bahkan dari kelompok mpkmb pun gada samsek) dan alhamdulillah pas pertengahan sem 1 dapet temen yang sefrekuensiii, intinya sksd nderr"
@sitileeee,2024-08-14 15:37,ngomong ngomong si salman ga nyiapin mpkmb make intuisi kan boy? hahahahaha
@belalangsaltoo,2024-08-14 15:27,"masi setia pake lanyard mpkmb, cuzz gue blm bisa move on 😓😓 ++ karna KTM gue ilang juga amnjayyy"
@sukabaksobgt,2024-08-14 15:14,"Haloo riyu, makasiih yaa kesannya selama di mpkmb, maaf kalau misalnya kita (terutama aku sebagai medis) ada kekurangan ke kalian🙏🏼❤️💫"
@llyyytn,2024-08-14 15:05,"mau bilang kalo MPKMB61 se seru itu
makasih banget semua yang terlibat, kalian sukses bikin para sobat nara nyaman, happy dan enjoy selama kegiatan berlangsung

bahkan sekarang aku gamon brutal sama MPKMB61😔

yang bilang mpkmb ga seru agak nya orng aneh si"
@northzt4r,2024-08-14 15:05,"gua seminggu lalu jalan muter kampus bareng temen gw kan pas mau ke amcor, trus liat maba abis mpkmb refleks ""liat lah cengiran-cengiran polos itu"" hihihihi"
@alexxalbon,2024-08-14 14:34,"Ak jg gamon sm Mpkmb, tp klau disuruh lagi ak gkmau"
@cipOlsit3,2024-08-14 14:06,gue mau tidur jam 9 atau jam 1 jg ttp bakal ngantuk anjir knp yh😣
@iheartnoya,2024-08-14 13:43,"jujur intinya menurut aku kita para panitia udah berusaha semaksimal mungkin buat maba pita bisa tetep nyaman selama mpkmb kemaren, kalau ada kurang-kurang maw gimana toh udah takdir 🥰"
@iheartnoya,2024-08-14 13:43,KWKWKW kami panitia salah apayah sampe harus go through this why is y’all making it so hard for usssss to just menyenangi masa mpkmb kalian 😃😃😃😃 bahkan aku sampe di sinisin iyah ak pribadi minta maaf seh karena masih banyak sekali kurangnya yaaah
@otherna,2024-08-14 13:41,"kalau gua tau? gua berhak komen kan? opini lu cetek bgt. gua panitia mpkmb, mpf, mpd semua gua jabanin makanya gua punya hak buat nangkis opini bodoh lu itu"
@inigajendraa,2024-08-14 13:25,"SURVEI KEPUASAN MPKMB IPB 61

Halo, Narapati Bimantara yang berbahagia✨
Tak terasa ya rangkaian MPKMB telah berlalu.

ipb.link/survei-kepuasan-mpk…

Silakan diisi yaa Sobat Nara, untuk wujudkan MPKMB yang lebih baik💫
Terima kasih banyak atas partisipasinya. Semangat selalu💪🏻🫶🏻"
@otherna,2024-08-14 13:23,"sayang, harusnya kamu tuh melek, kalau budget mpkmb tuh GEDE dan kalian, di sisi lain, gak dapet feedback yang seimbang. bukti kalau ekosistem kerja kalian yang rusak (gak tidur berhari-hari, keluar uang pribadi, dst) itu salah satu tanda kepanitiaan yg jelek"
@bapiakukus,2024-08-14 13:07,"Hai Narapati Bimantara!💥😎
gimana 4 hari setelah mpkmbnya sobat nara? dateng yukkk kita temu hangat dan ngobrol bersama panitia mpkmb di waktu dan tempat yang telah ditentukan, ramaikannnn and see u!💐💐💐

#DiBalikLayarMPKMBIPB61"
@drhirpaksa,2024-08-14 13:04,"ga perlu gw sebut, pokonya kata dia, kita pake lahan parkir ""punya mpkmb"" dan ganggu mobilisasi. padahal tupoksi dia bukan ngurusin parkir tapi ngurusin peserta. dan kata2 ""dari tahun-tahun kemaren selalu begini"" sangat jelas menggambarkan klo eval kalian cuma formalitas"
@CestLaReves,2024-08-14 12:54,Gabisa.....kakiku bengkak....ka.....baru sakit pas sampe kos....😞💔 Next time pas gw jd panit mpkmb deh😭😭😭😭😭😭😭😭😭
@Opet253447,2024-08-14 12:51,Yah kan gw aja yg berpita selalu ditanyain gitu malahan yang jadi panitia mpkmb yg ngurusin berpita panas panasan dan hampir semua panitia panas panasan
@aissyyyaipibi,2024-08-14 12:28,maunya gitu.. TP tugas mpkmb masi menunggu😔😔😔
@kazuhaindomie,2024-08-14 12:12,baru sehari mpkmb aku langsung pengen keluar unair
@plainoldtee,2024-08-14 12:08,km mau ak masukin ipb bercanda!?? dan ak jelek2in didepan anak kampus lain!? terus aku nasehatin!? tapi gajadi deh ak akan hubungin cp mpkmb dan lanjut mendengarkan kampus terbaik🫵😋🙏
@otherna,2024-08-14 12:07,"tp better mpkmb sv sih, tahun depan biar sv aja yg lead, pasti bagus"
@otherna,2024-08-14 12:03,buat narapati bimantara belajar dari kejelekan kating kalian ini ya ❤️ aku yakin mpkmb 62 will be better 🫶🏻
@nothing_s_here_,2024-08-14 12:01,emg masih mpkmb yahh??
@otherna,2024-08-14 11:56,"apa bagusnya makan siang lu noh butut, mending juga hokben, di bawah 1 nama mpkmb tp gak bisa provide lunch yg proper. JELEK JELEK JELEK 🤣🫵🏻 belajar jd panitia sama mpkmb sv yaaaa"
@katshyck,2024-08-14 11:55,"jadi keinget kakak medis pls.. pas itu lagi closing mpkmb dan panitia pada turun ke depan panggung trs aku tanya ke kakak medis, ""kak, gak ikut turun?"" trs kakak media bilang, ""engga, harus ngeliatin, takut ada yang sakit"" oh my broken heart 💔"
@astronotcentil,2024-08-14 11:52,"not me watching MPKMB downfall di ipbbercanda. have something to say, tpi yaudah gdulu 😅😅😅😅😅😅😅😅😅😅😅😅😅😅😅😅😅😅😅😅😅😅😅😅😅😅😅😅😅😅😅😅😅😅😅😅😅😅."
@katshyck,2024-08-14 11:49,"💗 di sv 💗 tidak 💗 begini 💗

💗 kakak 💗 baik 💗 cantik 💗 imut 💗 lucu 💗 ganteng 💗
 
selalu bertanya ""ada yang mau ke wc? ada yang sakit? kalian sehat semua kan?""

lope 💗 kakak kakak 💗 sayang ku 💗 panitia 💗 mpkmb sv muahh 💋💗 semua di sv menjadi fleksibel 💗"
@sukabaksobgt,2024-08-14 11:48,"Buat Narapati Bimantara maaf yaa kalau selama MPKMB kalian merasa kurang nyaman, makasih jg selama aku jadi panitia aku dihargai sama temen² yg aku temuin, trs jg aku terharu kalian ngebantu belain kalau ada misinformasi oleh oknum yang cuma ikut jelek²in buat memperkeruh keadaan"
@lsfhtpgg,2024-08-14 11:46,"Gabisa gw anjrit, jerih payahnya 3bulan dan pas Minggu MPKMB gw direndahin ama orang-orang yang ga ngerasain jadi kita.
Btw makasih buat adik-adik 61 buat tweet tweet positif nya 💜💜💜, Khususnya tentang dekoran, makin semangat ni gw"
@sukabaksobgt,2024-08-14 11:43,"Buat panitia MPKMB tetep semangattt yaaaw❤️ semua yang udah terjadi diambil hikmah sama pelajarannya, kalau ada yang salah diperbaiki, saran baik diambil buat kedepan, tapi yang merendahkan gatau konteks cuma ikut-ikutan buat ngata²in ga usah di denger yaa, we did our best kok💫"
@lsfhtpgg,2024-08-14 11:31,"Manusia gabakal tau rasa suatu kejadian gimana, kalau sebelum ngerasain kejadiannya. Better u nyobain jadi panitia MPKMB, dikira panitia setelah ada berita yang di up gitu ga ngadain eval??"
@urcentauri,2024-08-14 11:25,"jadi pjk tuh udah antri gt loh skrg kloter 123 yg pipis.

Trus yang nomor 2 kan ujung ujungnya boleh wudhu kan😭 ak ge kaget sih, tp barikade co ce kan dipisah..
yg 3 emg sih, tp katanya mpkmb emang shalatnya diparkiran gitu 😭😭

ada tuh gue udh gatahan, gue ngotot boleh  ajadah"
@urcentauri,2024-08-14 11:25,"pov dr peserta mpkmb : dilarang pipis tuh bukan dilarang jg sih lebih ke tunda.. kalau aku casenya gini :
1. grgr pas narsum mau lewat ( jd kan kalau di gww di mobil tuh kelewatan yg harusnya clear area) abis narsum  masuk kt langsung ke toilet
2. pas toiletnya jg udh rame"
@Opet253447,2024-08-14 10:53,Intinya pas gw mpkmb sv ipb di perhatiin bgt deh apa lagi buay yg berpita
@rottenpeanutt,2024-08-14 10:51,mpkmb m nya mengompol
@aneversez,2024-08-14 09:42,dramaga ada ga..... ak terakhir makan sayur pas konsum mpkmb..... 😔😔😔
@anothersidejml,2024-08-14 08:59,sepertinya mpkmb sv bisa jadi contoh buat yang dramaga 🤔
@ljnoara,2024-08-14 06:36,"Mpkmb kemarin juga di isiin air dan di antet ke wc ko kaa, yang ga pita pun di tanyain terus keadaannya. Mungkin maksud panitia kenapa ga izinin ke wc itu pas hari rekor ka, karna agak susah mobilisasinya..."
@rcathelsa,2024-08-14 05:52,"mpkmb udah beressss, kayak kosong bangett padahal masih ada panit, organisasi lain jirrr"
@manobiaaa,2024-08-14 05:36,"Eeee buset, dlu gue mpkmb aer aja diisiin pjk, ke wc dianterin, krn gue pita merah ditanyain mulu kondisi gue. Coba evaluasi itu, parah bgt, gak manusiawi"
@gudetawma,2024-08-14 04:48,ternyata gua kangen masa masa mpkmb......
@monggu611,2024-08-14 02:56,"bener bener gue gabisa keluyuran di atas jam 9 malem. buktinya gue skrng masih merasakan gaenaknya masuk angin, padahal closingan mpkmb udsh 3 hari yg lalu"
@Celestiafornow,2024-08-14 01:36,HAI GUYS LUPA INFO AKU KELAR MPKMB YEAYYYYY🎉🎉🎉
@vannotegar25,2024-08-14 00:26,MPKMB SV IPB NO DEBAT!!!!
@tehmaniskrimer,2024-08-13 23:55,kapan tugas mpkmb ini beres pls aku kangen akun dumpku
@glorievs,2024-08-13 22:35,untung ni kosan airnya mati mulu bukan pas mpkmb😭
@moonphse,2024-08-13 16:52,closingan mpkmb gabisa seminggu aja apa... kangen.... 🙁
@tasmoniaa,2024-08-13 16:42,ya kmaren pas mpkmb gw liat????
@gumohwo,2024-08-13 15:51,mereka start sebelom pra mpkmb jir…
@boujvie,2024-08-13 15:50,YEP funnya mana ya.. mpkmb lagi aja pls
@draysss___,2024-08-13 15:50,"Plis lah….
IMHO ospek, pkkmb, mpkmb, atau apapun itu. Harusnya jadi tempat buat mahasiswa baru berekspresi, berkarya, dan euforia karena mereka baru diterima di kampus yang mungkin impian mereka. Jangan ngerusak moment senang senang lu itu gak diajak. Kasian panitia."
@hyunjinskena,2024-08-13 15:40,Hi frustasi bgt sm tugas mpkmb yg gk klar klar
@scaredacted,2024-08-13 15:13,"agak aneh ya ngomong kayak begitu, balik ke biasa aja kali ya, hehe.

gua pengen banget ceritain banyak hal, mulai dari mpkmb gua kemarin, temen-temen baru, suasana belajar baru, dan gua juga satu kelas sama temen les lu yang lu sering ceritain waktu ituu!"
@raitwave,2024-08-13 14:58,bahkan aing blg ke jinan dkk mau pindah ipb aja krn mpkmb bejir kaya seru bangat tp diimgetin 4 tahun kuliahnya ospek mah cm sebulan iya … ok …
@morkeeuuu,2024-08-13 14:53,seru mpkmb aja..
@llyyytn,2024-08-13 14:23,"pulang mpkmb masih ada tenaga dan batre sosial banyak masih bisa haha hihi, pulang kuliah 3 matkul malah tepar"
@fwzthecounselor,2024-08-13 14:20,mpkmb ipb der
@meandpeeps,2024-08-13 13:14,ada apa rame2 mpkmb cooooyy
@resvrgent,2024-08-13 13:05,abis mpkmb sung jajan di yellow corner mint🙏🏻😹
@cipOlsit3,2024-08-13 12:41,"egkkk, kelas online ak td sih gegara dosennya berhalangan buat ngajar offline makanya diganti jd onlinee"
@serephalite,2024-08-13 12:37,😭😭😭 unik bgt dibawa mpkmb
@haneeeyney,2024-08-13 12:10,padahal pas mpkmb perna brgkt bareng.. dia lupa sm gua
@cipOlsit3,2024-08-13 12:04,ZOOM AJAAAA KAYA BIASAA
@fwzthecounselor,2024-08-13 11:16,@ygmuliaparis napa lu ga gini mpkmb kemaren
@cipOlsit3,2024-08-13 11:03,SAATNYA MNCOBA HAL BARU🫰🏻
@sanearme,2024-08-13 10:51,ipb walau gw ga ikut mpkmb
@llyyytn,2024-08-13 08:12,"aman min, tapi masih gamon MPKMB"
@fleyura,2024-08-13 07:22,anjay gw viral msuk ig jco eak slibiw tp knp pas lg jelek”nya kelar mpkmb ia syit
@SyahhNad,2024-08-13 07:04,"Alhamdulillah abis mpkmb ipb 61 cuzz langsung ke orientasi 2024 iwb 😋😋

Asik double degree"
@ininayeah,2024-08-13 06:35,arsip ca gamon ipb
@ciggaretesnt_,2024-08-13 06:16,MPKMB IPB GASIHH?!?!! 🤩🤩🤩✨
@arachatoraa,2024-08-13 05:53,"yg jawab ipb boong bgt ya, serunya waktu mpkmb doang, kalo udah ospek fakultas beda lagi wkwk"
@boojaymey,2024-08-13 03:59,Makasih banyak ya Kak Mentari udah buat MPKMB aku jdi ada cerita yg berkesan. Aku ga bakal lupain apa yang udah pernah dilaluin pas di MPKMB SV IPB ini. Aku bener-bener berterima kasih banyak ke Kak Mentari dan Kakak² Agniarsa serta panitia lainnya..🥹 THANKS MPKMB SV IPB 61 🙌
@boojaymey,2024-08-13 03:59,Intinya aku disini seneng banget bisa ketemu Kak Mentari. Tadinta aku ovt tentang MPKMB kalo bakal dapet kating galak ternyata pernyataan itu dibantah sama Kak Mentari alias...SEBAIK ITU KAKAKNYA 😭👍. Bahkan aku sampe ngobrol banyak banget sama Kak Mentari.
@boojaymey,2024-08-13 03:59,"Kak Mentari pernah cerita kalo dulu pernah ketemu kating jg pas Kak Mentari MPKMB 60, katanya ada kating yg se care itu sama kelompoknya sendiri, sampe tanya²in dan bahkan ngipasin adek² kelompoknya. Dan kalian tau? KAK MENTARI REALLY DID THAT TO US😭☀️!! (cont..)"
@boojaymey,2024-08-13 03:59,Hi semuaa! kenalin ini kakak PJK aku selama MPKMB SV IPB namanya Kak Mentari. This is an appreciation post for Kak Mentari because Kak Mentari udahh bekerja keras and take care for us (Agniarsa Danadipta/V07). The way Kak Mentari berhasil bikin V07 ini aktif dan seru! (cont...)
@arzhitect,2024-08-13 02:54,kok mw mpkmb lg yh
@cipOlsit3,2024-08-13 02:53,kira kira kegiatan ap yg bs q lakukan hri ini bikos kelas online dri jam 1 ampe jam setengah 3
@wirangga22,2024-08-13 02:23,anthem pionir ugm emang terlalu op. anthem mpkmb ipb next year semoga bisa saingan. saatnya aransemen baru🙏
@raasanshine,2024-08-13 00:44,kita ke sana-Hindia owned by kreatif mpkmb ipb 61
@cipOlsit3,2024-08-12 22:24,kmrn capek bgt pulang pulang lgsg tidur😵
@glorievs,2024-08-12 21:39,deket sih… kemaren tuh pas mpkmb aku naik angkot gaada 5 menit😭 yg bikin ngeri telat jalan kakinya soalnya aku kalo jalan loyo banget🥹💔
@jeeyayaa,2024-08-12 17:53,kokk gaada yg ngasih tau gw kalauu life after ngepanitt mpkmb seberat inii😔
@Studyzzz6969,2024-08-12 16:02,"HALO KAK MEDIS, makasih kak untuk siap siaganya selama mpkmb kemaren 🛐"
@shigatsuww,2024-08-12 15:52,ril anjay udah gtu tugas mpkmb blm kelar langsung PKU ((mamah gakuat))
@hadisuryas_,2024-08-12 15:22,Kisah dibalik MPKMB 61. Hats off abangda PIC!!. Ditunggu perannya Narapati Bimantara untuk MPKMB 62!!
@temennyaplutooo,2024-08-12 15:04,wkwk banyaakk.. yang nyampe nikah juga ada korum sekum mpkmb 58 tuh
@anindyuu,2024-08-12 14:21,"setelah dipikir2 gw ga nonton ria sw selama 2 tahun grgr waktu itu sibuk nugas mpkmb, skrg udh mpkmb lagi dan gw baru nonton lagi akhirnya 🥲"
@themariast,2024-08-12 14:04,"Punten help kangen mpkmb, gak punya temen di pku 💔"
@macamtuulah,2024-08-12 14:03,"hari pertama coolyeah!!
kelas 1 matkul - mam nasgor bc yg enak itu - ngerjain tugas mpkmb sampe sore"
@raasanshine,2024-08-12 13:52,mau ngesg mpkmb an tp malassssss sedihhhhh
@raasanshine,2024-08-12 13:42,life after mpkmb: ga kepikiran blm makan
@raasanshine,2024-08-12 13:37,kangen mpkmb yg hectic itu...
@kyyaspaces,2024-08-12 13:10,"sesungguhnya ke gamonan itu adalah hal yang tidak baik. 

mpkmb ipb bertebaran di feeds gua😭"
@snowydropie,2024-08-12 13:01,"Guys kalian kecanduan jingle MPKMB IPB 61 gak si... 😭😭Asli berhari-hari otak aku bunyinya :

TAK AKAN AKU SIA-SIA KAN HADIRKU DI SINI !! TERBANGLAH TINGGI RAIHLAH ASA NARAPATIII BIMANTARAAAAA"
@sukabaksobgt,2024-08-12 12:28,"Ini seriusan gatau obatnya, soalnya aku juga, sakit hati mpkmb udah selesai🤧"
@aissyyyaipibi,2024-08-12 12:23,"sumpah satu satu dong ini datengnya kuliah, tugas mpkmb, volunteer, kepanitiaan... 

KAYAK WOE SATU2 BISA GA😭😭😭😭😭✋🏻✋🏻✋🏻✋🏻"
@aissyyyaipibi,2024-08-12 12:08,"RALAT GAIS.. 

maksudnya tugas mpkmb kok semenakutkan itu yaa😭😭.."
@yolaviense,2024-08-12 11:56,😥😥 kak... mending degdegan karena mau mpkmb ketimbang degdegan ketemu dosen😥😥
@hduftt,2024-08-12 11:43,"td gw di fc ditanyain ""kamu bimantara mana"" 
bjir kgen mpkmb"
@yourlullabies_,2024-08-12 11:37,"hari pertama jadi asprak seruuuu banget! happy bertemuu temen-temen 61, apalagi mereka abis mpkmb jadi masi membara semangatnya. terus ada kejadian disangka maba juga hari ini wkwk. 10/10"
@stucktistika,2024-08-12 11:37,makeup kaka kaka panitia mpkmb itu pake apasii kok bisa masih cakep cakep banget ampe malemm
@orzvd406,2024-08-12 11:29,"rank pappermob terkeren *rank sementara

Gerigi ITS
MPKMB IPB
Pionir UGM"
@babiesyoda,2024-08-12 11:04,sehat sehat mahasiswa mpkmb + ppku☺️
@oroeki,2024-08-12 11:02,halo.... aku kembali.... setelah rangkaian mpkmb..... yang banyak banget itu....
@meandpeeps,2024-08-12 10:36,"ketiduran, mimpi sm tmn2 mpkmb"
@wananoya,2024-08-12 10:09,semingguan kemaren ngga ngikutin berita soalnya sibuk panit mpkmb... terus tiba tiba duarr pedro neto + felix
@iccaaann,2024-08-12 08:40,trus aku bolak balik jkt bogor demi mpkmb
@Luthf1S,2024-08-12 08:02,gue & rian foto sama artis mpkmb 😇
@seulgiipb,2024-08-12 07:46,kangen mpkmb
@nafsimth,2024-08-12 07:10,"ternyata ASALAM GUA NAILKKK, fix gara-gara gak makan malam mpkmb day-5"
@wirangga22,2024-08-12 06:50,"Selain itu, transfer muatan dan kurikulum orientasi mahasiswa di MPKMB juga melalui narasumber eksternal dari kalangan public figure. Najwa Shihab, Puteri Tanjung, Cinta Laura, dan Chandra Liow. Bangga. Terima kasih atas experience dan ilmunya!"
@sukabaksobgt,2024-08-12 06:47,Menyalaa MPKMB🔥
@sukabaksobgt,2024-08-12 06:42,"Guys aku sebahagia itu jadi medis MPKMB (sedih-sedih pasti ada) tapi itu bagian cerita, terimakasih MPKMB 61 atas segala ceritanya, suka duka nya, gabakal kulupain sampai kapanpun❤️💫"
@wirangga22,2024-08-12 06:40,"Proses Selebrasi Formasi ini memang perlu persiapan khusus. Mulai dari konsep, media rekor, codingan, manajemen teknis di lapang, pengelolaan sumberdaya panitia dan pelaku rekor, visualiasasi formasi. Rigid. Terima kasih seluruh panitia atas effortnya di Pemecahan Rekor Formasi!"
@wirangga22,2024-08-12 06:39,"Selebrasi Formasi sudah jadi budaya di @MPKMB_IPB . Tahun ini MPKMB  berhasil menyelenggarakan budaya tersebut dengan tajuk,The Dynamic Human 3D Interactive Human 3D Interactive Motion Kalaeidoscope Formation. Rekor Dunia. Silahkan tonton di Youtube MPKMB.
piped.video/watch?v=1r0gWlWm…"
@sukabaksobgt,2024-08-12 06:36,"Guys isi twt aku bakal ttg mpkmb yaa beberapa hari ini, susah move on euy"
@limitfungsii,2024-08-12 06:32,AMIINN!!! see you di mpkmb'62 hudaaa!!🥹🫶🏻 semangat yaaah💥💥
@sukabaksobgt,2024-08-12 06:30,"Aku kangen MPKMB, kangen medis, kangen Gandra Muda, kangen komdis, kangen lapang, kangen Gajendra, kange semua muaaa tentang MPKMB arghhh"
@Wilsyad1,2024-08-12 06:08,mohon maaf kak ga bawa obat-obatan pribadi karena MPKMB udah jadi obat
@wirangga22,2024-08-12 05:59,"Chapter Selanjutnya Implementasi. Dinamika paling besarnya adalah revisi jadwal MPKMB. Manajemen Risiko. Semua persiapan sudah siap untuk diimplementasi. Kick-Off, Pelatihan 7 habits, Talent Mapping, MPKMB, Pasca MPKMB (Segera)."
@bariqqqqqqq,2024-08-12 05:06,INI APAAN TOT MASA UDA DIGIININ AJA COK PADAHAL BARU SELESAI MPKMB😭😔
@wirangga22,2024-08-12 04:31,Tahun ini juga monitor langsung untuk MPKMB Sekolah Vokasi. Pemerataan konsep kegiatan dengan MPKMB Sarjana. Tema Besar dan Kurikulum. Terima kasih teman-teman pimpinan MPKMB Vokasi atas kerjasamanya. BIG RESPECT.
@wirangga22,2024-08-12 04:27,"Anyway, terima kasih banyak temen-temen Koordinator  Pimpinan MPKMB atas dedikasinya. Bela-belain ga liburan semester demi menyambut mahasiswa baru. Respect."
@wirangga22,2024-08-12 04:01,"Perubahan lainnya ada di Koordinator lainnya. Alasannya: satu, standardisasi calon SDM tidak sesuai dengan output rekrutmen. kedua, adanya tumpang tindih dengan struktur divisi di MPKMB. Sistem Informasi (backend) dan MSDM untuk Pengelolaan dengan PJK S1 & S0"
@wirangga22,2024-08-12 03:38,"Perubahan terjadi juga pada struktur Koordinator di MPKMB. Menghilangkan posisi Sekretaris Jenderal berganti menjadi Wakil Koordinator Umum dengan pembagian bidang. 

Before                                           After"
@howlgrass,2024-08-12 03:33,Hiks kok TBTB kuliah sih ak mau mpkmb aja
@beabecekut,2024-08-12 03:17,ipb tu yang bisa dibanggain cuma formasi mpkmb yang gaseberapa dan gakepake pas cari kerja itu ya?
@wirangga22,2024-08-12 03:15,"Saatnya pencarian kepanitiaan. Organogram OMB. Batasannya adalah Bagan kiri fokus ke teknis MPKMB, dan bagan kanan fokus ke kurikulum MPKMB dan program OMB lainnya (7 Habits & Talent Mapping). Ini organogram pertama kali. Fungsi Pendampingan Maba berada di Co-Fasilitator."
@wirangga22,2024-08-12 02:58,"Shoot out dulu buat SOC Gen 1. Mereka ini backgroundnya dari program MPKMB, Co Fasilitator, dan Agrisymphony. Sepuh. Dan memang syaratnya menjadi SOC adalah ""pengalaman"". Terima kasih banyak sudah mengabdikan diri (walaupun belum purna tugas)."
@silllysha,2024-08-12 02:49,alay ga sih kalo nangis krn kangen mpkmb soalnya ak kangen bgt 😢
@wirangga22,2024-08-12 01:55,"Diary OMB 61
MPKMB selalu bikin haru kalau udah melewati fase hari pelaksanaannya. Tahun kedua menjadi Person in Charge di Orientasi Mahasiswa Baru-MPKMB. Spill mungil perjalanannya. Semoga bisa jadi insight buat adik-adik angkatan 60-61 yang interest jadi panitia tahun depan😁"
@boooakutakut,2024-08-11 23:53,Siapa yang masih pengen MPKMB? “Aku2” soalnya blm siap ppku plis
@naabielaaa,2024-08-11 23:22,TIDAAAKKKKK......... ak masih mau mpkmb
@myarusque,2024-08-11 23:20,"MAKASIH BANYAK BUAT MPKMB'61 KEMARIN YA, KAKSSS. SEMANGAT UNTUK MELANJUTKAN SEMESTER BERIKUTNYA, SEMOGA DAPET YANG TERBAIIIKK😍😍😍😍😍❤‍🔥❤‍🔥❤‍🔥"
@miiyyaaa__,2024-08-11 23:18,"hasna jadi pjk mpkmb 62
hasna jadi pjk mpkmb 62
hasna jadi pjk mpkmb 62
hasna jadi pjk mpkmb 62
hasna jadi pjk mpkmb 62"
@cherrywaffle__,2024-08-11 23:14,liat sg temen” yang hari ini baru ospek jadi kangen mpkmb😔😔😔
@maharannieee,2024-08-11 22:40,jir kayak gw balik closing mpkmb udah nyala sendiri 😭😭😭
@accounrendom,2024-08-11 22:12,"Ok tahun depan aku fix mau ikut jd panit mpkmb 62

Bismillah"
@rratueeell,2024-08-11 21:35,ngeliat orang orang baru ospek gua jadi kangen mau ospek mau mpkmb lagi
@simallun,2024-08-11 20:11,kebangun jam segini 🥲 keknya masih kebawa hawa mpkmb deh 🥹
@bluebeccies,2024-08-11 18:10,duh gamon sama mpkmb 61
@asyadellion,2024-08-11 17:34,"Anjay ada aja co yg rep qrt gw ngebahas ospek, kmrn mpkmb skrg mpf emg sebaiknya ak gausa ikut2an lagian dikasi saran malah bgitu. Trs klo ga dikomunikasiin gmn dong bjir. Gtu aja sih mikirnya. Anj jd ga ngantuk"
@sidayor,2024-08-11 16:57,"gabisa jadi pilot beneran, jadi pilot rekor mpkmb 61 aja deh😙"
@chasedeadg,2024-08-11 16:55,"aaa glad to hear thatt, hope u enjoyed keseluruhan mpkmb kemariin yawww<3"
@rutoipb,2024-08-11 16:24,"# latepost #
jujur banyak hal yg aku takutin waktu awal dibagi kelompok sedang, tpi ternyata ketakutan²ku sama sekali ngga terjadi, aku dikasih temen temen abhiseva yang baik, dikasih PJK yang sayang sm semua anak²nya, dan akhirnya aku bisa survive + enjoying MPKMB"
@j0zaaaw,2024-08-11 16:22,ini beneran besok gua kuliah? KULIAH???????????? ABIS MPKMB GA LANGSUNG WISUDA???????????????
@psycholgurl,2024-08-11 15:56,Jadi komdis mpkmb 62 y/n
@jijellipebe,2024-08-11 15:46,liat aja taun depan gua jadi komdis mpkmb
@todayisgege,2024-08-11 15:29,gimana mpkmb km kids
@llyyytn,2024-08-11 15:19,Payung nabi adam closingan mpkmb
@napatishappy,2024-08-11 15:15,cerita tentang mpkmb gak sihh 😌😌
@chasedeadg,2024-08-11 15:06,"akuuu salah satu panit yang pelukan nangis itu!😓 jujur sedih bgt bakal susah ketemu sm temen² panit, bonding panit mpkmb itu luarr biasa it feels like a family to me☹️❤️"
@ptaawww,2024-08-11 14:49,"mpkmb membekas banget iihh, mau lagii"
@mingyuipb,2024-08-11 14:44,harusnya MPKMB SV kemarin guest starnya XH
@cipOlsit3,2024-08-11 14:30,gpp ak fomo soalnya gbs membendung rasa ini lg flis (kakak mni 59😣)
@zwvorz,2024-08-11 14:29,"apesih sedih bgt ajg, org besok msh mpkmb"
@cipOlsit3,2024-08-11 14:26,ak…habis…dikasih semangat dari kakak komdis (kak bagus)😣
@_ceriboy,2024-08-11 14:24,"Secapek apapun tetep ngusahain buat ktemu duluuu, foto2 dulu, bikin tren2 tiktok, ngobrol, bercanda, kejar2an, semuanya kita lakuin dlu karena itu bikin kita recharge energi dari lelahnya mpkmb. Yah walaupun pulang asrama tetep capek karna harus jalan lagi WKWKKWKWKW"
@RADIANT3CCLIPSE,2024-08-11 14:12,DEMI APAPUN SELALU NANGIS NONTON REKOR MPKMB 😭
@cyancza,2024-08-11 14:10,ka Atha????? demi apa nemu akun nya pas mpkmb selesai:(
@mumtazrahill,2024-08-11 13:48,"bye mpkmb, welcome ppku"
@mumtazrahill,2024-08-11 13:47,sedih banget mpkmb nyaa udah selesaii
@zwvorz,2024-08-11 13:43,"BTULL KAKK, big thanks to kakak kakak panittt yg slaluu aware sm kondisi mabaa 🌷🌷 bakal kangen mpkmb 61 bgt 😔😔"
@streshidup,2024-08-11 13:42,gacor banget rekor taun ini 😆😆 #RekorMPKMBIPB61 #MPKMBIPB61 #RaihAsa @MPKMB_IPB @ipbofficial
@blepnel,2024-08-11 13:40,kayaknya kemarin pas jaman mpkmb sebelum zoom apa gitu ada yg nyetel lomba sihir iru kak bagus kah...
@cchelautt,2024-08-11 13:27,"guys tb tb aku nge tweet banyak gt maafin ya, pas mpkmb aku ga ada tweet samsek sumpah😭😭😭"
@cchelautt,2024-08-11 13:23,"WOI PAS MPKMB GAADA TWEET MEMO PENUH MAKANYAAA GAPERNAH TWEET, KASIAN BGT GASIH 🥹"
@buitenzerg,2024-08-11 13:10,"Eh iya, kamu anak ipb kan ya?? Bsk udh mulai kuliah ya?? SEMANGAT‼️❤️‍🔥 review mpkmb nya dongg"
@brunominnor,2024-08-11 13:03,pasti krn mpkmb lu itu
@bluesstudy,2024-08-11 12:50,sedihhhhh mpkmb udah selesai ;(
@juaarasie,2024-08-11 12:49,"itu mah iyahh, engga tadi ada menfess lewat kek mpkmb bisa di convert lhooo apakah ingyahh mungkin yg dimaksud 7H kali yee"
@juaarasie,2024-08-11 12:43,mpkmb bisa di convert sks?
@peetrichors,2024-08-11 12:39,guys kok kalian bisa survive di antara tugas mpkmb /gen
@060411wa,2024-08-11 12:38,last day mpkmb kmrn min
@ptaawww,2024-08-11 12:30,GAMON BANGET SAMA MPKMB PLSS
@shymfiony,2024-08-11 12:30,gua mending cape mpkmb dah dr pada cape ga ngapa ngapain
@bilanabeelaf,2024-08-11 12:25,"while ppl expect aku bakal maju jd kasubdiv medis mpkmb 62, tp untuk saat ini ngga dulu

gatau nanti"
@macamtuulah,2024-08-11 12:24,GUSY AKU BENERAN GAMON MPKMB DEH
@macamtuulah,2024-08-11 12:20,"menamatkan gim mpkmb 61 dan berfoto bersama komdis,,, masyaAllah🧎‍♀️🤗"
@arukaridesu,2024-08-11 12:19,review brutal mpkmb ipb 61 ‼️😵‍💫
@macamtuulah,2024-08-11 12:14,"overall bagus sih, pgn mpkmb lg"
@youandiwecanfl9,2024-08-11 11:52,"gak bakal nyangka kalo MPKMB bakal se seru ini...aku bakal kangen sama semuanya bakal kangen ama kaka pjk yang selalu care sama kita, kaka medis yg selalu nanya kita pusing apa ngga, kaka komdis yg selalu ngantur dan nyebrangin kita huhuhuhu. SEMUAA PANITIA MPKMB SEKEREN ITUU !!!"
@youandiwecanfl9,2024-08-11 11:49,MPKMB KEREN DAN SERU PLS KAKKKK huhhu
@hnbecool,2024-08-11 11:45,bikinnyg resmi dari mpkmb nya dong dev
@tooyies,2024-08-11 11:43,ini besok beneran udah kuliah? bisa mpkmb lagi aja gak
@yujimib,2024-08-11 11:36,"Iyaaaaa 61, ayokk"
@streshidup,2024-08-11 11:36,iya lg………. sehat sehat panit mpkmb
@zwvorz,2024-08-11 11:31,"pokonya aku makasih banget ke abi dan freshie-freshie atas kenangannya selama ini. makasih udah jadi keluarga pertamaku di ipb. mpkmb emg udah berakhir, tp hubungan kita jangan ya? harus kumpul-kumpul lagi pokonya 💗"
@jennoouui,2024-08-11 11:02,KAMU 61 KAHHH? MUTUALAN APA MAUUU?
@ipb_menfess,2024-08-11 11:01,"punten, barangkali ada yg liat/menemukan KTM a.n Khopipah Assonda di acara penutupan mpkmb semalem di lapang gelora, boleh komen ya, nnti dihubungi, TIA"
@zwvorz,2024-08-11 10:48,"waktu dibagiin kelompok kecil, jujur aku takut. takut ga kenal siapa-siapa, takut ga cocok sama temen-temen yang lain, takut ga bisa have fun waktu mpkmb. tapi ternyata, waktu pertama kali diinvite ke grup, aku kaget banget dikasih long text sm pjk + ada panggilan oldshie freshie"
@streshidup,2024-08-11 10:42,ini di dramaga jam segini banyak bgt yg pake baju putih item…. ada apa yh… ini bukan mpkmb kan?????? bukan anak 61 kan 😭😭✋🏻
@2ndlifee,2024-08-11 10:42,"selama mpkmb, apa lagu favorite mu? aku : kampus terbaik"
@auranzwrns,2024-08-11 10:16,"keknya gua emg ditakdirkan ipb karna kampusnya tentang musik. i mean, rektor nya aja pencipta lagu dan penyanyi. mars hymne jingle anthem pokonya semua lagu tentang ipb tuh enak enak bangetttt. jingle mpkmb 61 juga super easy listening. jadinya ga bosen 🥺🫶"
@hcneyskyy,2024-08-11 10:09,foto-foto selama mpkmb bakal jadi kenangan yg bakal aku simpen sih 🤍
@hcneyskyy,2024-08-11 10:07,ternyata bener apa yg kaka nya bilang nikmatin aja mpkmb soalnya bakal kangen ternyata itu NYATA 😭😭
@auprico0t,2024-08-11 09:38,"karna kebanyakan orang menyampaikan kesan pesan mpkmb kemarin lewat kata, kalo aku lewat lagu ""semua aku dirayakan"" aja. senang bisa ketemu temen-temen yang merayakan every moment, capek bareng, ketawa bareng. see u guys on top🫶"
@nwdira,2024-08-11 09:37,yang cinlok di mpkmb nikah dong
@studiewfa,2024-08-11 09:22,Kak dev menuju panitia mpkmb 62 😮😮😮
@naostudys,2024-08-11 09:13,"gamon mpkmb, mau lagiii :(("
@madforknowingu,2024-08-11 09:08,sayang mpkmb 🫶🏻 bener2 takut gabisa survive & sendirian di pku nanti hiks
@kerlabu,2024-08-11 09:04,Apalagi pas MPKMB 😭😭😭
@cupcakeblueee,2024-08-11 08:39,CLOSING MPKMB IPB 61 GACORRR SERU ABIEZZZ
@dokcing,2024-08-11 08:33,kangen mpkmb 😔😔😔😔
@p0tat0cip,2024-08-11 08:27,apalah mpkmb 59
@rupmarup,2024-08-11 08:26,"Closing mpkmb 61 ngundang band Lyla. I mean, emg kelahiran 2006 masih dengerin Lyla? Wkwkwk"
@cchelautt,2024-08-11 08:21,"makasieh cowoku, appreciation krn selesai mpkmb katanya, tapi belom masuk fem HUHU oke di edit aja selamat mahasiswa pku❤️"
@shof1ald,2024-08-11 08:11,"Keren sekaliiii
Terima kasih Abah, Sasa, dan 130 PJK MPKMB 61"
@vannotegar25,2024-08-11 08:06,Boleh mpkmb lagi nga kak??
@oxeanwvss,2024-08-11 08:05,"tahun depan zaki buat video mpkmb
#manifesting aamiin"
@nadhifahsahlaa,2024-08-11 08:01,"terima kasiiii MPKMB'⁶¹, see yeaaa MPKMB'⁶² ⭐️"
@beausyfly,2024-08-11 07:52,"COI KEMAREN PAS BALIK ADA YG DIANTER PANITIA MPKMB depan gang kos guaaaa, gua yg jalan kaki ini cuma bisa liatin doang"
@cherrywaffle__,2024-08-11 07:47,woi kok orang” bisa cinlok di mpkmb😭😭😭
@nipnif,2024-08-11 07:45,"stlah gue sakit kek gni, gue memutuskan tahun depan gamau jadi panitia mpkmb"
@tansylace,2024-08-11 07:43,AK NANGIS DAH NGEDIT VIDEO MPKMB SM VIDEO KAK JAZIIL😿😿😿😭😭😭😭😭
@wirashalci,2024-08-11 07:41,Etdahh itu IPB udah MPKMB ke-61 aja 😂😅
@onmyprogress,2024-08-11 07:40,"Malem ini mau belajar materi, tp tugas mpkmb masi banyak 🙂"
@juleyskz,2024-08-11 07:34,mpkmb selesai berarti no more ngchat alek OY KO DMN DUDUK
@gleenchant,2024-08-11 07:25,"keren bgt kaaa makasih banyak kakk, blm rela mpkmb nya udh selese 😭"
@eunwooipb,2024-08-11 07:21,efek mpkmb jam 3
@H3YDEE_,2024-08-11 07:20,"makasih banyak udah mau jadi teman pertama di ipb yg bikin banyak memori bareng bareng, yg bikin mpkmb menyenangkan walaupun banyak tugasnya. maaf banget kalo aku banyak salahnya dari kata kata ataupun perbuatan, maaf suka kurang ajar pls abi maaf ya 🥲🥲"
@cipOlsit3,2024-08-11 07:16,"SEBENERNYA INI GAK DIMASAK, ini cuma bamer baput cabe dipotong terus kasih kecap sm permicinan, NAMANYA CACAPAN DAN ENAK BGT COCOK BUAT MAKAN APAPUN😣"
@iniiyols,2024-08-11 07:12,list kepanitiaan yg ak pengen sejauh ini bru mpkmb sama agsn. infokan pendaftaran🥺
@cipOlsit3,2024-08-11 07:11,kangen masakkan sampit…
@ataa134,2024-08-11 07:08,mpkmb udah kelar ini waktunya cat rambut gasi 😛
@pharmakailogist,2024-08-11 07:08,"gua selama mpkmb kemaren diadopsi mandhala lain mulu dah, waktu itu nararya trus kmrn traksata"
@hifaloof,2024-08-11 07:05,rumor tergacor mpkmb WKWKWK
@muztardketchup,2024-08-11 07:03,semenjak mpkmb aku makin cinta sama bareface ku
@shigatsuww,2024-08-11 07:02,"kasian bgt temenku,,, kepincut komdis pas mpkmb?? jangan ya dek yaaa😭"
@cimjayun,2024-08-11 06:50,mpkmb cepet bgt ia
@clairobogor,2024-08-11 06:48,"thank you mpkmb ipb 61!! 🤍 sangat memorable rasanya ketemu orang orang baru, tiap menit kanan kiri beda orang, kenalan lagi… daaaann temen-temen semuanya super seru!! be happy enjoy ppku nya temen temenn semoga kita bisa bertemu dan ngobrol panjang lagi di lain waktu 🫶🏻"
@infctee,2024-08-11 06:45,whishlist tahun depan: jadi panitia mpkmb 🤩🤟
@heyychannnie,2024-08-11 06:44,cy.. gue balik mpkmb udah langsung bikin grup kelas sama kating 😭😭😭
@infctee,2024-08-11 06:34,makasih mpkmb 61 🤍
@chasedeadg,2024-08-11 06:24,dah sptnya itu smua tempat boboku selama 2 hari pra-mpkmb dan 5 hari mpkmb 😘
@grapestra,2024-08-11 06:16,gaaamauuu plss mau nya mpkmb setiap hari ☝🏻✊🏻
@beausyfly,2024-08-11 06:16,bjir balik mpkmb kemaren gue langsung tepar sampe jam 9
@chasedeadg,2024-08-11 06:14,"rumput gelora 5.5/10
untungnya pas bobo disini ada tas sebagai bantal, dan baju pdl tebal...kalo engga, rumputnya nusuk nusuk jujurly, dan basah lembab gt, kotor juga soalnya bekas closingan mpkmb"
@chasedeadg,2024-08-11 06:07,"tribun gww -9999/10
literally traumatizing anjret...... debuann, kotor, nyamukan, toilet sedikit banget, literally gue iritasi, gatel dan bentol trs gabisa tidur samsek disana krn kondisi tsb pdhl jam tidurnya lumayan... lumayan berisik juga krn divisi lain prepare mpkmb disitu"
@chasedeadg,2024-08-11 06:07,"lantai gww 7/10
biasa aja, tidur krn capek pas eval, agak kotor krn bekas maba duduk pas mpkmb"
@chasedeadg,2024-08-11 06:06,"rating tempat aku tidur di ipb selama ngepanit mpkmb 🌟🐺

a thread (?) soalnya bakal panjang dan beda² tempat"
@chasedeadg,2024-08-11 06:05,mw rating tempatku bobo selama mpkmb
@sav_syifa,2024-08-11 05:56,"MPKMB IPB 61 really Wrap??
No more latihan, fitting, gladi, cek sound, warawarawar, dan jailin abang kakak. 
Notes: foto terakhir foto buat tugas yang lucu bgtt karena lagi on duty as mc dan kreatif"
@qiissuutt,2024-08-11 05:54,"pelan pelan dong ipb, dah ada banyak aja tugas, padahal baru siap mpkmb 😪"
@_PFaltz,2024-08-11 05:52,baru aja selesai mpkmb kemaren cokkk masih butuh tambahan istirahat 🛌
@iniiyols,2024-08-11 05:42,"jirrrr, h+1 mpkmb sehampa ini"
@only4bre3,2024-08-11 05:31,"sedih? banget? dah?
padahal kelar mpkmb yg dinanti"", tp ngeliat igs komdis gajen, SEDIH BANGET JIR🥺🥺"
@shof1ald,2024-08-11 05:30,"See you Narapati Bimantara👋
Terima kasih MPKMB 61!!!!!

vid: Rafi/barupat"
@fairyfountaain,2024-08-11 05:29,"proud to be a part of narapati bimantara!! BIG THANKS to kka panitia, kka pjk, komdis, medis, sekben, panglima, dannn orang-orangg kerennn DIBALIKK LAYAR MPKMB’61 yg gbs di mention satu persatu🥺we did it! terima kasih, terima kasih banyak, sdh membuat mpkmb’61 bgtu berkesan!🫶🏻"
@hifaloof,2024-08-11 05:26,"people come and go but i hope they always stay, terima kasih banyak teman-teman mpkmb ku yg entah dimanapun pasti gue tanya namanya satu satu😭😭😭"
@hifaloof,2024-08-11 05:24,INTINYA BENER BENER SENENG BGT SAMA MPKMB 61!!! THANK YOU BUAT MAHAGRAKU ATAS UNFORGETTABLE MEMORIESNYAAA❤️‍🔥❤️‍🔥❤️‍🔥
@hifaloof,2024-08-11 05:22,YEAYYYY AKHIRNYA BISA NGETWT LAGI SETELAH KEMAREN DELETE TWT KARENA FULL MEMOP MPKMB😭😭😭
@jakegizi,2024-08-11 05:20,"narapati bimantara🤎 good bye mpkmb, and welcome ppku! (walaupun 7habits sama tm blum juga sih but bye bye)"
@Shiraa_Cchlt,2024-08-11 05:10,"Ngeliat angkatan bawah kok mpkmb nya pada asik banget ya undang sana sini

Lah jaman gue pas jaman masih covid 🥲 Mpkmb nya online bjirr. Mengiriiiiii 👊🏻"
@akuraditt,2024-08-11 05:08,"😭😭😭, efek mpkmb"
@KK0ITO,2024-08-11 04:58,sedih….. uda selesai mpkmb……..
@2log2048,2024-08-11 04:30,"kan lu abang komdisnya yo, di mpkmb 62 wkwkw"
@meteorhologi,2024-08-11 04:25,ah sayang banget bjir chemistry yg bagus banget ini malah adanya di hari terakhir mpkmb 😭
@gleenchant,2024-08-11 04:16,apa bole menyetel ini after mpkmb?
@meteorhologi,2024-08-11 04:15,"mau cerita tentang mpkmb kemarin. gw baru mulai ngerasa chemistry yg bagus banget dari gardapati. dari mulai kumpul buat ke gelora, itu kita semua make sure jangan ada anggota yg ketinggalan. terus-"
@Luthf1S,2024-08-11 04:13,selamat gamon sama mpkmb yaa 😇
@amorrozs,2024-08-11 04:08,"update after Closing MPKMB IPB 61 Day 5.
Gak bisa jelasin satu-satu karena terlalu banyak moment yang berkesan dimalam kemarin. Ini MPKMB beneran udah selesai?? Seminggu tuh secepatnya ini berjalannya?! DENIALLL BANGETTTT 😣😣"
@dinduythekid,2024-08-11 04:07,siapa yg bapak kostnya nonton live streaming mpkmb closingan kemaren?? bapak kost gweh
@cinanaamon,2024-08-11 04:04,life after mpkmb: baru bangun
@amorrozs,2024-08-11 04:03,"update after MPKMB IPB 61 Day 4 edisi Rekor Day. 
Gak nyampe 30 menit langsung dapet rekor duniaa?!! secepet itu langsung one take, GILLS SIH. Liat result pov kamera drone pas malamnya bener-bener PUASS BANGETT. Lagi-lagi amaze sama panit yang berhasil koordinasiin semuanya!!!"
@eunwooipb,2024-08-11 04:02,demi ga kena komdis pas mpkmb gue rela motong poni sendiri dan hasilnya masih pitak sampe sekarang CEPETAN TUMBUH KEK
@shymfiony,2024-08-11 03:58,"bad habits yg tb tb muncul setelah mpkmb selesai : tidur cmn 3 jam

padahal udh g pke alarm tp tb tb kebangun gtu aja jir"
@cipOlsit3,2024-08-11 03:52,AAAA TKUT BSK DAH PRAKTIKUM
@sasimanbaswedan,2024-08-11 03:51,wishlist taun depan: JADI PJK MPKMB JADI PJK MPKMB JADI PJK MPKMB JADI PJK MPKMB JADI PJK MPKMB 😍😍😍😻😻😻😻
@meandpeeps,2024-08-11 03:46,"yaudahlah mau gmn lagi, besok udah kuliah, jd panit mpkmb udah beres, tinggal nilai2 anakk2 ajaa. time flies 😀"
@ecohanayy,2024-08-11 03:43,nangis... liat mpkmb ipb... 😔
@zelhazelhazel,2024-08-11 03:36,Ini abis mpkmb minimal libur seminggu ga sih
@zelhazelhazel,2024-08-11 03:31,"Dulu aku mikir ospek itu masa yg melelahkan, tp orang-orang keren ini (TERMASUK AYAH DAFIE, pjk paling kece, paling baik, paling palinggg pokoknya) akhirnya bikin aku berubah pikiran, makasih banyak yaa udah bikin masa MPKMB aku jd masa yg paling memorable dan menyenangkan🫶🏻"
@ipb_menfess,2024-08-11 03:25,"punten, mc mpkmb yg gapake kerudung kyk lucu lucu gemes gt..."
@1020gongfourz,2024-08-11 03:13,"SUMPAHJ MPKMB udah berakhir tp tugas OMB kuliah dan semua muanyaa arggg belum argg, kenapa libur ospekncuman 1 hari jujur ga kuat"
@sasimanbaswedan,2024-08-11 03:12,AU AHHH 😝🐺 salam sayang mahagra dari kastara 💚🏹 ngelanggar cukup di mpkmb aja ya 😁🙌
@levhiackerman,2024-08-11 03:00,kok mpkmb nya ipb terlihat seru di mata saya.. 🥺
@napatishappy,2024-08-11 02:59,mpkmb sekali kedip selesai
@adelawokaowk,2024-08-11 02:57,"btw rate buat MPKMB IPB 61... 9/10!!! seru bangaaaattt dan kakak-kakaknya super baiikk :3
RATENYA AGAK JUJUR KRN ada hal yang bikin aku sedih dan bikin sdikit sakit huheuehuehueheueheu🤍"
@Wilsyad1,2024-08-11 02:51,gabole gamon sama MPKMB yaaa
@auprico0t,2024-08-11 02:41,"MPKMB recap
d1: di notice bang windut
d2: tbtb ke depan dpt souvenir
d3: sepatu gua ilang wak
d4: gaada core memory yg spesifik tp pokonya seru (no pict)
d5: disamperin rektor pas lagi ngantri pipis (pdhl kebelet bgt)"
@khansaaii,2024-08-11 02:41,TIAP LIAT VIDEO MPKMB GUA JD GAMON ANJIR GAMAU PISAH DR MPKMB🥲💔
@chasedeadg,2024-08-11 02:41,now that mpkmb is over...no more bangun jam 1.30 pagi...no more tidur cuma sejam...no more pulang ke kos cuma buat ambil bauu... semua ke hectican tiap hari ini aku bakal kangeen banget....
@chenleipb,2024-08-11 02:33,EH TOLONG kangen mpkmb banget :(
@wirangga22,2024-08-11 02:32,"AKHIRNYA CLOSING MPKMB 61. ga sempet foto di venue, but here we go, picos61. thanks to us. appreciate. next step adalah Pasca MPKMB. sehat-sehat."
@artemwxng,2024-08-11 02:29,"udah menamatkan game mpkmb ipb, besok udah ngespawnnya di ccr mulu bukan di telaga/AHN/GWW lagi ngespawnnya..."
@streshidup,2024-08-11 02:28,review closing mpkmb: maaf bang lampu sorotnya bikin sakit mata bang 😭😭😭
@tansylace,2024-08-11 02:27,gamau liat gallery takut gamon mpkmb 😭😭☝🏻
@get2know_wawa,2024-08-11 02:23,mpkmb udah selesai nih? serius?mau balik lagi boleh ga? aaaaaaa
@gumohwo,2024-08-11 02:19,gamon berat sama mpkmb
@aissyyyaipibi,2024-08-11 02:17,"bawa satu mandhala bisa gak, jd nanti satu st jugak, kangen mpkmb😭😭"
@jijellipebe,2024-08-11 02:17,gaboleh nonton closingan mpkmb kak 😭
@yanstudytwt,2024-08-11 02:07,Cie beres MPKMB IPB kiw  kiw cukurukuk
@dishayangkamuu,2024-08-11 01:58,ga siap berpisah sama mpkmb...
@shfpermata,2024-08-11 01:45,mpkmb terus aja sampe lulus dong.. bisa ga..
@diharirabu,2024-08-11 01:16,MPKMB Yang S1 dapet emas yang Str dapet hikmahnya
@DimasFirdaus_s,2024-08-11 00:57,"Protes ae dik, sono ikut mpkmb"
@akuraditt,2024-08-11 00:35,Efek mpkmb
@fallsparklee,2024-08-11 00:32,"ih sumpah komdis prodiku habis mpkmb jadi ceriaa dan gaul bngt😭, padahal pas mpkmb jutek abizzz"
@aksyojmoon,2024-08-11 00:29,Baru beres mpkmb....
@withhpleasuree,2024-08-11 00:27,lalu ke closingan mpkmb 61 bareng pramudya🥹🤗 (sedikit kangen karna aku selalu gabisa ikut kumpul). terus random ketemu sama dua maba TERNYATA SERU WKWKWK BAHKAN MEREKA TAU KITA PJK PRAMUD🤣
@ayesazzu,2024-08-11 00:23,"ini seriusan ga ada lagi kumpul subuh?  ga ada lagi yg duduk di gww sampe pegel? ga ada lagi dengerin narsum sambil tidur? ga ada lgi jargon perang? ga ada lagi dikcil yg tbtb teriak ""cek khodam""? ga ada lagi yg disuruh lari lari buat ngerjar barisan yg depan?mpkmb will be missed"
@akuraditt,2024-08-11 00:17,Mpkmb di ccr
@zwvorz,2024-08-11 00:12,besok masih mpkmb kan ya? jangan lupa sop nya ya guys
@dinduythekid,2024-08-11 00:11,gw sedih.. mpkmb udah selesai…
@gardenhug,2024-08-11 00:03,ini mpkmb beneran udh selesai? kita ga kumpul jam 5 lg?
@katshyck,2024-08-11 00:00,MAMAAA AKU GAMON MPKMB😞☹️😖😵‍💫😭
@litieum,2024-08-10 23:51,"uwiwwww kerenn sekalii maba ipb ku satu ini, congrats udah menamatkan gim mpkmb ituu!! 
hidup ku alhamdulilah udah mulai baik baik aja sekarangg udah seru lagii"
@faisalmzhdtt,2024-08-10 23:28,pulang last day mpkmb sangat lelah ya. pgn post sg ini itu tapi tahan dlu deh. lgsg tepar pls
@seathoughts_,2024-08-10 22:56,keren mpkmb 61!🤍
@beausyfly,2024-08-10 22:53,ya Allah mpkmb beneran udh selesai ya
@24whoran,2024-08-10 22:27,tuhkan udh kangen mpkmb lagi... post-mpkmb depression
@chocrattes,2024-08-10 22:04,"nanti bakal ada video versi mpkmb nya kok (kata panit) jdi jedanya ga cepet"" bgt gituuu"
@chaeewho,2024-08-10 20:26,"jujur setuju. tapiii, perlu diketahui bahwa rekor itu brainstormnya susah bgt, krn bikin rekor tuh pertimbangannya bukan cuma soal design, tapi masa, waktu, biaya, media, dll dan mainrisknya besar. panitia pun paham tp ya itu tadi, mungkin bisa di mpkmb 62 kamu yg brainstorm ☺️"
@inigajendraa,2024-08-10 20:15,"SELAMAT MENGUDARA GANDRA!❤‍🩹
ini adalah ruang yang aman dan nyaman, anything u want ruang ini tak terbatas. Jangan berhenti kabari kita semua ya, kemanapun hilir angin membawamu terbang, Kita Semua Akan #SelaluAdaUntukmu, love u guys to the bone

padlet.com/bimantaragajendra…

#MPKMB"
@shof1ald,2024-08-10 19:44,"See you MPKMB 61👋
siap melanjutkan talent mapping, 7 habits, MPF, MPD, semester 3 20 sksk itu💪✨"
@bluendzer,2024-08-10 19:39,"tadi pas abis closingan mpkmb ditelpon anakku dia nyariin aku buat ketemu tapi ak dah balik duluan, trs trnyata dia pen ngenalin cewenya dia blg ""aku pengen ngasih tau kak jihan aja, kalo aku udh gak sedih lagii""  good for you adikkk, langgeng trs yaaa😞💓"
@lollipoppbunnyy,2024-08-10 19:24,"Baru selesai beberapa jam, aku udh kangennn mpkmb, biasanya bangun jam 3 pagi:("
@llyyytn,2024-08-10 19:15,"rasa ingin jadi panit mpkmb tahun depan📈

ngeliat kakak kakak panit tadi pada ada yang nangis trus pada pelukan tuh nyes bgt rasanya, mereka keren banget bisa bikin ribuan orng yang baru mereka kenal bahkan belum kenal jadi happy, mau begitu jugaa tahun depan"
@ciggaretesnt_,2024-08-10 19:04,CLOSING MPKMB IPB 61!!
@llyyytn,2024-08-10 19:00,"keren kak, makasihhhh ya mpkmb 61 nya gacor abisss🤩"
@Itstan19001469,2024-08-10 18:51,TERIMAKASIH MPKMB IPB 61🤩🔥💥💖
@arzhitect,2024-08-10 18:50,"gkpph, ak ttp seneng sma closingan nya, bisa gk mpkmb ditambah......"
@itsmedaniss,2024-08-10 18:43,ga siap selesai MPKMB😔😔😔
@mzzrke,2024-08-10 18:39,"lagu kita ke sana tuh ngingetin gua sama dia, TRS TADI LAGU KITA KE SANA DI STEL PAS BUBARAN MPKMB DAN GUA MAKIN SEDIH 😢😢😢😢😢😢😢😢😢"
@heeddeungitis,2024-08-10 18:30,"list mpkmb crush gw
1. kang raka 
2. kak rafael
3. kakak komdis day 4 yg meriksa gw gatau namanya siapa yy soft spoken dan PAKE KCMT
4. kak jabara
5. kak joe 
6. anak adikara depan stan dimsum yg tinggi bgt dan ganteng
7. kang raka lg
8. KAKAK KASUBDIV MEDIS CEWEK GPKE KRUDUNG"
@twsswan,2024-08-10 18:23,"congrats sudah berhasil menyelesaikan gem mpkmb 🥹 mpkmb seru bgt walaupun cape bgt hikd

mandhala niskala love u gusy 🫶🏻"
@bluep4per,2024-08-10 18:23,"Trs kalian harus tau tadi mpkmb ujan nya cuma dikit banget padahal hari"" sebelum nya ujan deres mulu sore ke malem, DAN SKRNG kan gua udh di kost an itu baru uja  deres coook"
@NANNAAOOO,2024-08-10 18:21,TERIMAKASIH KAKAK PANIT SEMUAA YG UDH SUKSESIN ACARAA MPKMB'61💙💙💙‼️‼️‼️
@Kris_Lockey,2024-08-10 18:21,SELURUH DUNIA HARUS TAU KALO MPKMB IPB TAHUN INI SESERU ITUUUU
@firaxryu,2024-08-10 18:20,HUHUHUHU SERUUUU BANGEEETTTT mau mpkmb lagi tapi request bagian konsernya aja 🙏🏻
@nayalolosutbk25,2024-08-10 18:20,mau ah ak tahun depan jd panit mpkmb
@memnirehtyls,2024-08-10 18:16,gamau pku masi mau mpkmb☹️
@kasurbengkok,2024-08-10 18:15,jujur setelah mpkmb selesai ini yang aku rasakan adalah bingung
@itadoowri,2024-08-10 18:14,Mamah ak gk siap ppku msi mw mpkmb 😭
@alexxalbon,2024-08-10 18:14,IH GUE NANGIS ANJIR MPKMB KELAR
@heeddeungitis,2024-08-10 18:12,gw sedih bgt habis ini keknya gada kesempatan melihat kk pangpang itu hiks UDH GABISA NGETEK DI KA BINTANG. udh gk mpkmb. gw mau mpkmb 4 tahun.
@stabiloveu,2024-08-10 18:09,RATE MPKMB LAST DAY 10000/10 AKU GBSA BERKATA KATA LAGI INTINYA MAKASI BANYAK KAKAK PANIT DAN SEMANGAT PKU NYA SOBAT NARAAA<3
@adeliameong,2024-08-10 18:08,"rabu ; mpkmb day 2 + ke bandung
[8/10]
mpkmb-nya seruu, banyak penampilan dan ada guest star yaitu alsa MY FAVORITE SONG NANANA HUHU, capek sih soalnya tidurnya kurang karena harus bangun jam 3 dan malemnya jam 8 langsung pergi ke bandung, TAPI MAKAN NASGOR ENAK POL!"
@_crazyylibraa,2024-08-10 18:07,MAU MPKMB LAGI PLISSS
@adeliameong,2024-08-10 18:04,"selasa ; mpkmb day 1
[7/10]
oke sure, capek pol dari jam 4 ampe jam 6 an lewat almost jam 7 kali ada, terus aku armada terakhir jadi makin lama keluar... makanannya enak semua ily, dapet topi (seneng hehe) ga ada dokumentasi tapi aku malemnya ke sentul jadi capek+++"
@j4sminesites,2024-08-10 18:03,"waktu awal keluar guidebook ada yg blg ""nikmatin aja nanti jg bakal kangen mpkmb"" disitu gua gapercaya krn udh muak duluan sm sop barang && penugasan.. tp ternyata asli gusy skrg udh kgn mpkmb (closingan baru 2 jam yg lalu)"
@sweetensovr,2024-08-10 17:58,mpkmb udah selesai senin nya langsung kuliah dan kenalan sama temen baru lagi.......
@ijeyitp,2024-08-10 17:55,"Anw makasih banyak buat IPB University, buat kakak” panitia yang super keren huhuhuuu, buat kak aya PJK kuu, buat Narapati Bimantara ter🫶🏻🫶🏻🫶🏻, buat anak Gajendra, buat Naladhipa. Buat semua” yang berpartisipasi di MPKMB inii, makasih banyakkkkk."
@ijeyitp,2024-08-10 17:55,"Izin mau review MPKMB 61 yh tman”. 
OSPEK IPB INI KEREN SM SERU BANGET NGET NGET. Kita kek dapet semua” yg di beberapa univ itu gaada."
@katsubarbeque,2024-08-10 17:55,"gue jg nangisin panitia mpkmb yg sekeren itu, kok bisa ya mereka ngatur kita yg kaya gada aturan gini dg sabar 😔"
@khansaaii,2024-08-10 17:54,mpkmb ipb seru bgt🥹 syg bgt udah selesai😔sehabis ini kt ditampar tugas dan kuliah😹
@j4sminesites,2024-08-10 17:49,aku sedihbgt gamau udahan mpkmb tolong kak
@lynestudy,2024-08-10 17:45,MPKMB IPB BNERNNN SERUUU BNGETTT PLSSSSSS BNER2 EFFORT BNGETT KAKAK-KAKAK PANITIANYAA BHKANN SEPANJANGG ACARA AJA GUE GA BERHENTI UNTUKK BLG KERENN KRNAA BNRNN KERENNN BNGETT KAKAK-KAKAK PANITIA
@bagindawak,2024-08-10 17:45,"Bingung coy mau update mpkmb, terlalu keren dan sedih jujur"
@shuallatte,2024-08-10 17:44,Sedih banget dah mpkmb dah kelar..
@jaemincikini,2024-08-10 17:37,beneran sedih banget bangsat… mpkmb kelar… terus apa…
@themariast,2024-08-10 17:33,Aku mau buat appreciation post untuk semua orang selama mpkmb tapi besok ajdah by capekgue penbobo
@rickyuph,2024-08-10 17:29,"kemaren pas belum mulai mpkmb pengen cepet cepet selesai, tapi sekarang pas udah selesai MALAH SEDIH:(("
@llyyytn,2024-08-10 17:27,makasih buat semua yang udah terlibat di MPKMB 61 🤍
@auranzwrns,2024-08-10 17:26,semoga next year atau tahun² berikutnya gue bisa jadi salah satu org yg menyukseskan mpkmb ipb
@auranzwrns,2024-08-10 17:26,"udah lama ga ngerasain ospek, sekalinya ngerasain se-seru ituuu. thankssss mpkmb 61 🤍"
@coupernicium,2024-08-10 17:26,"dulu mah mikirnya ospek nyebelin, gak seru, flop, bikin capek doang. pas jadi bagian narapati bimantara malah sedih gamau cepet cepet mpkmb kelar😔"
@artemwxng,2024-08-10 17:25,"SEDIH IH MPKMB UDAH KELARRR
walau seru, tapi sebenernya ga terlalu mau untuk diulang sih, pusying penugasan sama bangun subuhnya...

TAPI AKU MASI SEDIH GA SEMPET FANCAM-IN KALA PAS JINGLE GEGARA NGANTRE MAKAN PANJANG BENER SAMA GA SEMPET LIAT LAGU PERSEMBAHAN PJK :(("
@gaonpotter,2024-08-10 17:22,"ANJIRRRRR MPKMB 61 DAH SLESE, YG BENER AJA"
@fioressta,2024-08-10 17:21,"Jujur, ipb ga pernah ada dibayanganku ketika aku memutuskan untuk lanjut kuliah. But, everything abt this uni always make me proud and want to cry huhuu :( inget banget day 1 mpkmb aku nangis terharu waktu duduk di dalam gww ..

So, ipb .. be nice to me pls!"
@loadingsmh,2024-08-10 17:19,"makasih mpkmb udah ubah persepsi aku kalo ospek itu mengerikan, ternyata super duper menyenangkan, bisa kenalan orang dengan mudah juga + kakak""nya baik semuaaa :("
@han1nnnnnn,2024-08-10 17:17,ini serius mpkmb selesai?
@dokcing,2024-08-10 17:15,YA ALLAH GABISA GW SEDIH BGT SELESAI MPKMB gabisa ngetek ke kakak kakak adikara lg HIKS sedih bgt heblekk.... gakmau......
@starryshineey,2024-08-10 17:14,"thankyou mpkmb ipb 61, ga pernah nyesel ketemu sama orang orang nya🫰🏻🫰🏻"
@sprinxlee,2024-08-10 17:13,SUMPAHHH MPKMB IPB SERUUU BANGETTTTTTTTT MAU LAGIIIIIII
@foldernyadea,2024-08-10 17:11,mpkmb day 5 = 10000/10 SERU BANGET BANGET
@foldernyadea,2024-08-10 17:11,"kakak kakak panitia, terima kasih ya day 5 mpkmb, anak anak pita merah nggak dipisah sama temen temennya 💚💚"
@aksyojmoon,2024-08-10 17:10,GW UDAH GAMON MPKMB PLIS????
@fioressta,2024-08-10 17:08,AKHIRNYA MPKMB 61 SELESAI JUGAAAA! Seneng tapi juga sedih ..
@decembun,2024-08-10 17:06,closing mpkmb 61 dumps!! thank you kakak-kakak panitiaaaaaaa 🥺🫶🏻
@sumayoxyz,2024-08-10 17:06,"Gila hampir aja gue keluar kosan tengah malem buat jemput adek gw yg baru kelar penutupan mpkmb, terjebak di IPB, nyari gojek ga dapet dapet 😭 untung pas lg siap siap berangkat dia tbtb dapet gojeknya"
@capricornettos,2024-08-10 17:04,"pulang dari mpkmb day 5, pulang dari konser, pulang setelah foto dan nangis bareng anak mandhala, setelahnya gue langsung ngerasa sehampa itu saat masuk ke kost.."
@coupernicium,2024-08-10 17:01,last day mpkmb 61! 100000000/10 bakal kangen bgt:(
@grazzzeeeee,2024-08-10 17:01,"bukan gamau selesai mpkmb, tapi.... momen momennya itu lho.... biarpun ntar bakal kumpul kumpul lagi juga tetep beda feel nyaa.....🥺🥺🥺🥺🥺🥺🥺"
@lsfhtpgg,2024-08-10 16:59,"fotoku dan foto crush mpkmb ku. Ga ada kan, ya.... karena ga ada, udah ilang, udah ada yang punya dia. 😞"
@themariast,2024-08-10 16:59,MPKMB 61 PECAAAAAAHHHHHHHHHHHH
@baraexplorerr,2024-08-10 16:58,"apa itu panglima, komdis? langsung foto sama ketuplak mpkmb sv lah🤗"
@geobukigonuk,2024-08-10 16:58,Hari tersedih selama MPKMB
@alexxalbon,2024-08-10 16:57,"Cung yang di sini pas MPKMB ngeluh capek, pegel dkk tapi pas udah selesai MPKMB malah ngeluh sedih blm mau selesai MPKMB... aku....."
@seulgiipb,2024-08-10 16:55,"udah gabisa nangis soalnya capek, tapi HATI AKU MASIH SEDIH COK MPKMB KELAR☹️🥺☹️🥺☹️🥺"
@grapestra,2024-08-10 16:54,"udah selesai kah ospek nya?!?! ga relaaaaaa plsss aaa gmau berpisah, BIG THANKSSSS buat kakak panitia mpkmb 61 kalian semua kerennnn. sehat² yaaaaa kaliannn 💓🤎"
@j4sminesites,2024-08-10 16:51,big BIG thankss untukkk kakakkk panitt mpkmb 61!!!!!! moment inii akan gua ingat sampai tua bangka
@Wilsyad1,2024-08-10 16:50,"""maaf guys karena keterbatasan waktu penampilan yang tadi adalah persembahan terakhir dari panitia MPKMB""
yahh kak belum pengen selesai MPKMB kak
tolong saya kakak kakak pjk
tolong saya kakak kakak medis
tolong saya kakak kakak komdis
saya belom siap MPKMB nya selesai 
Tolongg!!"
@17horrible18,2024-08-10 16:48,katabgue abis mpkmb sakit
@mutjuukyuu,2024-08-10 16:34,"Hp udah retak, bergaris garis, lalu makin retak lg ya Allah grgr ada kecoa lewat samping gw reflek ngelempar hp...
pict 1: kebanting di tangga zeta
pict 2: tbtb bergaris beres mpkmb
pict 3: auah barusan kelempar lg"
@tasmoniaa,2024-08-10 16:27,"selamat istirahat panitia mpkmb 61, gue beneran nggak berhenti bilang ""GONG"" sama inovasi² keren tahun ini😼"
@vanrachm,2024-08-10 16:15,Ga lupa juga mau ngucapin SELAMAT UNTUK KITA NARAPATI BIMANTARA karena udah berhasil ngelewatin rangkaian MPKMB ini (walaupun masih ada pasca MPKMB). Selamat beristirahat sejenak kaka-kaka dan teman-teman semuanya <3
@fira11111,2024-08-10 16:13,"kalo tahun depan gue jd panitia mpkmb, konsum nya bakal gue isiin vitamin dah"
@vanrachm,2024-08-10 16:10,"Apresiasi setinggi tingginya untuk kaka-kaka panglima, PJK, medis, komdis, dan semua staff dibalik MPKMB 61 ini karena udah buat acara ospek jadi bener-bener seru dari pra sampai puncak yang aku tau ga mudah sama sekaliiii-"
@faithimm_,2024-08-10 16:07,ini closingan mpkmb nostalgia lagu ftv 2010an wkwkwk
@gheeishere,2024-08-10 15:57,"prabu boleh makeup😋, tapi mpkmb ipb ga makeup aja gue makeup🫰🏻🫰🏻"
@Otherotters_,2024-08-10 15:52,Ikutan vibes closingan mpkmb 61 :v
@calaeshy_,2024-08-10 15:50,"Maksudddd mpkmb apa yah ini sound nya sampe kedengaran di kos gua, menambah keirian diriku saja...m"
@jwylibel,2024-08-10 15:47,bisa ga sih mpkmb sampe wisuda
@aarjunarka,2024-08-10 15:47,kecewa penutupan mpkmb nya gaada dewa
@boojaymey,2024-08-10 15:45,"udah ikut panit mpkmb aja nnti, lu jdi komdis udh paling cocok rin"
@CestLaReves,2024-08-10 15:44,Guys btw ini bukan ttg MPKMB ya....😞😞😞
@hmmmmm_iya,2024-08-10 15:41,"Closingan mpkmb suaranya kedengeran banget bjir sampe kos gw??!?? Tahun tahun sebelumnya, ga pernah sampe se kedengaran iniii"
@wacawyow,2024-08-10 15:39,"manani yg bilang gs mpkmb 61 tulus, yura, hindia 🥲🥲"
@vedtovet,2024-08-10 15:03,FAKKK MPKMB NGEBAWA GAC JIRRR
@sentimeter29,2024-08-10 14:56,"makasihh yaa panitia mpkmb 61, w terhibur dari kost  dengerin GAC"
@Wilsyad1,2024-08-10 14:50,"sorry ga sering neng kampus soale wes repot MPKMB
ayo dolan mbaaa"
@keliskae,2024-08-10 14:47,"jangan closingan dulu bi, masih ada mpkmb 62;((("
@myarusque,2024-08-10 14:46,"Bentar, nder. Closing MPKMB dulu"
@morkeeuuu,2024-08-10 14:42,mau mpkmb selamanya..
@jenogarut,2024-08-10 14:23,"jir ini mpkmb beneran selese ya.. 7 habits udah kelar, ngurus akn 61 jg udah selese... welback to reality berarti ya"
@secretguarden,2024-08-10 14:23,Cuy ini emang speaker mpkmb se dar der dor ini kah. Woi ampe kosan mana kenceng kalee 😭
@wellmotherwar,2024-08-10 14:17,mpkmb ipb 61 keren bgttt gue benerbener sedihhhh mau nangis😿
@dlacorfiles,2024-08-10 14:15,tadi pas diplay recap mpkmb 61 di big screen langsung berasa emosional:((
@sentimeter29,2024-08-10 14:15,"ini guest star closing mpkmb siapaaa yee?? bzirrr ga asing suaranya, apa salahhh denger yee"
@jengyangf,2024-08-10 14:12,Asik uwon ikut mpkmb jdi maba ipb jugak
@urfuturvet,2024-08-10 14:11,infokan gs closing mpkmb
@zwvorz,2024-08-10 14:07,terima kasih mpkmb 61
@nassudalie,2024-08-10 14:01,gs mpkmb siapa si KENAPA GAADA YANG UPDATE
@anothersidejml,2024-08-10 13:55,eh nonton short movie mpkmb sv sm mv pak rektor dong gusy. Nontonnya di yt mpkmb sv yah
@zayyyiid,2024-08-10 13:52,Konserrr mpkmb closingann
@korpusIPB,2024-08-10 13:51,"Rekor Baru di MPKMB IPB 61: Penggunaan Media Berkelanjutan Jadi Sorotan

korpusipb.com/mpkmb/rekor-ba…"
@zayyyiid,2024-08-10 13:49,15 Gb cuman buat Mpkmb tercinta😉
@llyyytn,2024-08-10 13:47,pawang hujan closingan mpkmb
@zelhazelhazel,2024-08-10 13:46,Boleh MPKMB trs ga kakk:((
@alexxalbon,2024-08-10 13:44,Coba aja MPKMB sksnya 144
@bumikudonat,2024-08-10 13:41,"keren kalian 61, done mpkmb"
@akuraditt,2024-08-10 13:38,Semangat semangat. Mpkmb dah kelar ya kalo sv
@aaajeung,2024-08-10 13:36,rasa ingin tidur cepat tapi sound closingan mpkmb kedengeran bgt di kostku
@woncatl,2024-08-10 13:34,jungwon ngelive 😭 gue lagi konser mpkmb ipb anjir
@twinkledinouwu,2024-08-10 13:32,gilaaaa suara closingan mpkmb sampe crystall cuyyy a.k.a daerah bateng-balio.. semangatt ya warga balio
@akhjijiakh,2024-08-10 13:26,sedihh mpkmb selesai 🥲 gabisa liat abng2 kk2 lagih 😭😭😭
@capcayemak,2024-08-10 13:21,KEREN LU MPKMB
@proximcntaur,2024-08-10 13:08,woww kembang api seru amat itu mpkmb gw liat2
@anothershaa_,2024-08-10 12:44,sedihh bgt last day mpkmb
@dreaM_IN_HOle,2024-08-10 12:44,Serius deh ngaku siapa panitia mpkmb yang tadi pagi shound check suaranya mirip tulus 🫵🏻  udah kepedean kirian beneran
@OSCOCLIFFO,2024-08-10 12:29,konser closingan mpkmb
@krabbypattyyums,2024-08-10 12:24,"lupain jessie yang di mpkmb itu ya guys, ini jessie yang aslieww"
@fanboysakura,2024-08-10 12:21,wow gokil closingan mpkmb 61
@busyorbasi,2024-08-10 12:20,eh suara yg closing mpkmb nyampe kamar kost gue jir (jgn iri pliezz)
@limitfungsii,2024-08-10 12:06,"NAYEEE 🫶🏻🫶🏻🫶🏻 seruuu + capek puooll mpkmb nayy, hari ini aku lg last day mpkmb 🥹🥹 how's life nayee?"
@s5olitude,2024-08-10 11:57,siapa yg sangat happy KARENA BOLEH DTG CLOSING MPKMB??? aku ☝️☝️
@fwzthecounselor,2024-08-10 11:47,panitia mpkmb super keren hectic karena hujan tapi komando tetep lancar
@ipb_menfess,2024-08-10 11:30,punten closingan mpkmb 61 ujan gusy 😁☝🏻
@CestLaReves,2024-08-10 11:24,Panitia MPKMB pls tetep tihati ya..😞
@lovsjw,2024-08-10 11:19,Day 5 mpkmb seru parah
@Amaliyyah215,2024-08-10 11:08,"Yang bisa masuk cmn yg pake lanuard panitia AGSN 2023, MPKMB 2023 nder"
@Aho_Serval,2024-08-10 10:41,Menjadi furi semenjak mpkmb
@fiifarfi,2024-08-10 10:34,"mata gua super berat baru tidur jam 2 bangun jam 6, tpi fomo pen nonton closing mpkmb😔"
@tasmoniaa,2024-08-10 10:16,kangen mpkmb bangettt huhuuu☹❣
@sentimeter29,2024-08-10 10:05,wkskskk tim dengerin penutupan mpkmb dari kost
@sentimeter29,2024-08-10 10:04,widihh mpkmb dah selesai yaaa✨🎺 selamattt berkuliah ipebeh 61
@hmmmmm_iya,2024-08-10 10:03,"Ini closingan mpkmb di mana deh, masa lagu kampus terbaik kedengeran banget sampe ke balebakk"
@kimatasy,2024-08-10 10:01,"Ohh closingan mpkmb di lapangan belakang gymnas to, pantesan kedengeran ampe kos"
@matchasoup25,2024-08-10 09:58,Kapan lagi rektor kampus nyanyi di mpkmb
@napatishappy,2024-08-10 09:54,mpkmb extend lagi plis
@arangelhood,2024-08-10 09:53,"""Dengan ini, MPKMB 61 resmi ditutup."" 😥"
@skyfullofaurora,2024-08-10 09:52,@MPKMB_IPB tolong dong properti nya ngalangin banget buat anak anak kastara
@boomaryok,2024-08-10 09:52,"ya allah sedih bgt, maksimal, brutal aku mau mpkmb lagi 😁 (( walau tugas nya sedunia ))"
@boomaryok,2024-08-10 09:49,"sahabat, sedih banget cuma denger suara doang dari dalam posko. aku akan merindukan masa-masa mpkmb ini teman-teman #MPKMB61 #IPB"
@eunwooipb,2024-08-10 09:40,"kebohongan terbesar gue: ""kelar mpkmb langsung nyelesain aksa pancabaya deh"" UDAH 3 HARI PASCA MPKMB BELUM KELAR"
@skarezk,2024-08-10 09:38,eh demiapa sih itu closingan mpkmb kedengeran sampe kos gua
@accounrendom,2024-08-10 09:29,IHH ITUU YANG PHOTOBOOTH DIMANAAA? Di luarr acara mpkmb kahh? Atau adaa di dalem lapangan gelora nyaa?
@accounrendom,2024-08-10 09:27,"Day 5 mpkmb 61

Semoga cerah terus sampe malemm aamiin"
@shof1ald,2024-08-10 09:21,"Seru bgt dah closing MPKMB 61, have fun ya Narapati Bimantara🤎🐺✨"
@AnDnunu_,2024-08-10 09:17,Spill dong kuliah umum pra mpkmb kalian berapa lembar? Kok ini kayak banyak banget yah?
@shestarst,2024-08-10 09:11,kemaren jg ak mpkmb disuruh pake deo wajib wkwkkw
@fwzthecounselor,2024-08-10 09:04,mpkmb 61 ada nadin (mencoba meramal)
@korpusIPB,2024-08-10 08:06,"Orasi Mahasiswa Kobarkan Semangat Mahasiswa Baru di MPKMB IPB 61

korpusipb.com/ragam/orasi-ma…"
@haec1an,2024-08-10 07:58,kuliah umum mpkmb day 1 itu yg mana ajh banyak bgt ya 😭😭😭
@malachitin,2024-08-10 07:51,apa yg gw beli selama hari ke-5 mpkmb: a thread
@anggitahz,2024-08-10 07:48,penasaran gs mpkmb 61 siapa😭
@infctee,2024-08-10 07:03,seriusan ini last day mpkmb?? 😔
@Caacaazaa,2024-08-10 06:49,"Sumpahhh selama MPKMB kemarenn aku salfokk bangett sama kamuuu, kamu cantikk banngettt gilakkk😭😭😭😭😍😍😍😍😍

btw kiwkiw cukurukuk ea ea eeeeaaaa
Comay comay muachhhh💋💋💙💙🌊🌊"
@hcneyskyy,2024-08-10 06:23,gua pasti sedih sih kalo mpkmb udah selesai 😭😭
@saturwnusz,2024-08-10 06:22,Pengen ikut closingan mpkmb dahh
@jijellipebe,2024-08-10 06:04,"gua boleh dateng ke closingan mpkmb dramaga ga sih, penasaran guest starnya"
@ipb_menfess,2024-08-10 06:00,"punten gs closingan mpkmb beneran tulus? PLIS GUE MAU NONTON, TERBUKA BUAT ANGKATAM 60 GA YA? PLIS BOLEH"
@Asksjshhsgs,2024-08-10 05:58,jir klo bnr mpkmb skrg ngundang tulus ak iri si
@ipb_menfess,2024-08-10 05:57,Punten katanya closing MPKMB ada dua gs?!!
@MungkinJordan,2024-08-10 05:55,"MPKMB ndarr, latihan closing malem"" anjer"
@ipb_menfess,2024-08-10 05:53,Punten siapa ni jadinya gs mpkmb Tulus? Hivi? Hindia? Yura Yunita?
@tasmoniaa,2024-08-10 05:41,knp ya dari semua penyanyi yg ada dari jaman mpkmb 59 tuh rumornya ngundang tulus trs😅😅😅
@lalalalalosey,2024-08-10 05:22,demi apa mpkmb 61 gs nya tulus?!!!
@FankaSalim,2024-08-10 05:06,nanti malem tulus ada acara ga sih? tapi bukan mpkmb
@j4sminesites,2024-08-10 04:46,udh tenang hari ini udh nyuci jd gapunya utang cucian (cucian gw numpuk sejak mpkmb)
@16frootloops,2024-08-10 04:10,mpkmb 61 gong sekaleeee
@ngopiduluwak,2024-08-10 03:58,Panit mpkmb gladi kedengaran sampe asrama alias KALO GUEST STAR NYA BENERAN TULUS NANGIS 7 HARI 7 MALAM 😭😭😭😭
@ipb_menfess,2024-08-10 03:57,punten heehhhh ini mpkmb ngundang tulus? kapan acaranya??
@grscpk,2024-08-10 03:50,mpkmb di ui?!?!?!
@boojaymey,2024-08-10 03:41,bakal kangen banget sama Agniarsa Danadipta...apalagi sama kak mentari yg udah jadi pjk yg best bgt 🥲 tbh ngetik twt ini berkaca² bgt..bakal kangen sama mpkmb sv ipb...makasih ya kak mentari dan temen² danadipta yg udh percayain aku sebagai rama kalian...🥹🙌 #IPBinDiversity
@apipuyskabbogor,2024-08-10 03:36,"enjoy last mpkmb nya ya, konser🤩🤩"
@yunhziu,2024-08-10 03:32,sedih lastday mpkmb
@foldernyadea,2024-08-10 03:26,"siapa yg nggak sabar mpkmb day 5 ??!! 💥💥💥💥

(view dari asrama ku)"
@amoremiamora,2024-08-10 03:07,jaga wudhu dari dzuhur sampe isya #mpkmb #lastday #wish #us #luck
@faisalmzhdtt,2024-08-10 02:43,ini beneran terakhir bgt nih mpkmb😢
@fairyfountaain,2024-08-10 02:40,last dayy mpkmb yeahh..ko agak sedihh…😥😥
@lankptra,2024-08-10 02:34,kok feel nya sedih sih last day mpkmb
@muztardketchup,2024-08-10 02:29,pengen mpkmb lagi minus berangkat subuh dan tugas-tugasnya 🫰
@naruhiiko,2024-08-10 02:29,Menurut gw alesan kenapa gw suka bgt mpkmb karena pas sma ospek nya online bjir
@coupernicium,2024-08-10 02:16,"udah terbiasa bangun jam 3 pagi buat mpkmb, jadi tadi tetep bangun jam segitu meski masih ngantuk dan capek"
@mnyhyst,2024-08-10 02:16,"Hari ini aku merasa produktif bgd wkwk
Padahal cuma beres² kosan setelah sekian lama g ke urus karena hrus buru² ke IPB mulu buat mpkmb"
@peonysz,2024-08-10 02:02,"HAHAHHAHQHA baru kemaren pagi diomelin karena main hp, surely gonna miss mpkmb era 😪"
@napatishappy,2024-08-10 02:01,"rasanya baru kemaren beli barang"" mpkmb dah mau selesai aja"
@maunan14,2024-08-10 01:53,"Hari terakhir untuk MPKMB IPB 61, jaga semangat kalian dan buakarrrr semangat ituu🔥. Tegakkan badan, lantangkan suara, dan selalu bersama sama. Mari kita guncangkan IPB dengan yel yel!"
@NubPepengsut,2024-08-10 01:52,Tantangan juga nih buat panitia @MPKMB_IPB tahun depan
@asloveseems,2024-08-10 01:49,kangen mpkmb 😭😭😭😭😭😭
@OSCOCLIFFO,2024-08-10 01:41,"siap menghabiskan suara di hari terakhir mpkmb ini untuk perang yel"""
@OSCOCLIFFO,2024-08-10 01:40,GUE LAGI MPKMB KOCAK
@grapestra,2024-08-10 01:38,MAAF KLO NGELUNJAK PLS MAU NYA MPKMB TIAP HARI
@yujimib,2024-08-10 01:37,Kami ini maba maba IPB Dramaga 🤟🏻😎
@get2know_wawa,2024-08-10 01:35,"Last day semoga dapet kesempatan fotbar sama komdis, medis, pjk, panglima dan panit mpkmb lainnya"
@macamtuulah,2024-08-10 01:33,kak aku mau mpkmb aja😭😭😭😔
@denaaskh,2024-08-10 01:20,"Buset, org org mpkmb nya dpt hal hal romantis. Jaman w komdisnya ga ada yg lucu lucu begini 😂"
@zwvorz,2024-08-10 01:17,mau nangis kalo keinget hari ini hari terakhir mpkmb 😔😔😔😔
@dishayangkamuu,2024-08-10 01:15,"guys jangan dulu share rekor ya, tunggu dri yt mpkmb dulu yang ada suaranya dan psti lebih baguss"
@pipiah_,2024-08-10 01:05,"guys mpkmb day 2 kuliah umumnya siapa aja yaa? pak rektor, mapres, siapa lgiii"
@daysuddenlyy,2024-08-10 01:04,mpkmb ipb seru bangettt 😩 mau ipb..
@llyyytn,2024-08-10 00:59,"mobilisasi day-4
dua peserta mpkmb unit lain di dket gua

“Ih gua pengen banget masuk gajen, yel yel nya asik bgt dah”

@inigajendraa angkut min"
@006chiev,2024-08-10 00:52,hari ini last day mpkmb jujur seneng sedihnya dapet bgttt
@nayalolosutbk25,2024-08-10 00:51,"SEDIH BGT WOIII, ternyata emg seseru itu gais mpkmb😞😞💔💔"
@nayalolosutbk25,2024-08-10 00:50,hah…mpkmb udh last day…
@glorievs,2024-08-10 00:50,katanya nanti di share di sg mpkmb lyneee
@Wilsyad1,2024-08-10 00:38,"mari kita dokumentasikan sebanyak-banyaknya, MPKMB yang seru ituu"
@apsiygkbwatkm,2024-08-10 00:33,FHKSFGWIWEFSAJFUGAF AK DEBUT DI VID MPKMB
@glorievs,2024-08-10 00:27,panit mpkmb kok ga pamerin hasil rekor sih plis ITU KEREN BGT ASLI formasi banyak varian warna bagus kalo ak jd panit aku pamerin ke seluruh dunia
@breezingbloom,2024-08-10 00:18,adek bobo dulu ya (mpkmb jam 1)
@get2know_wawa,2024-08-10 00:14,"3 sides of mpkmb, bakal kangen gasii 🥺"
@Wilsyad1,2024-08-10 00:09,mantap semangat yaa buat move on dari MPKMB (belom juga putus udah disuruh semangat moveon aja nih)
@apsiygkbwatkm,2024-08-10 00:06,PLS GMW HARI INI AYO MUNDUR HARI.. GK SIAP SLESAI MPKMB
@llyyytn,2024-08-10 00:02,"mana Senen jam pertama praktikum kimia☺️
makin gamau mpkmb ini kelar"
@stabiloveu,2024-08-09 23:48,ternyata udh semua deng😭😭 ku kira karena ga dri mpkmb ga semua😭😭
@n4zwayy,2024-08-09 23:46,"panitia mpkmb keren, pjk keren, medis keren, komdis keren, apalagi maba nya juga keren!! 🌟🥹🩷"
@stabiloveu,2024-08-09 23:41,"ini karena yang 20 mnit ga mungkin aku upload jadi aku mau upload keseruan setelah rekor tadi minn🤩🤩 cek ombak salah satu hal yg pling berkesan sih! anw terimakasih banyak kakak kakak panitia untuk kerja kerasnya, idenya, waktunya, dan semuanya! sehat sehat yaa🫶🫶"
@Wilsyad1,2024-08-09 23:39,"Institut Pagi Buta? 
No, hari ini berangkat jam 1 siang ya kawan kawan jadi gada pagi buta pagi buta lagi
seneng bisa berangkat jam 1 siang nggak harus mandi subuh subuh tapi, ini last day MPKMB sedih gasihhh"
@rutoipb,2024-08-09 23:12,"abhiseva, anak anakku yg deket nya cpettt bgt, yg ngga kayak baru kenal 2 minggu, yg selalu nyempetin ketemu setiap pulang MPKMB, jangan smpe asing ya 😠😠 msi banyak tempat nongkrong yg blm dijajah, sayaaanggg sekali sm abhiseva, terimakasihhh abhisevaaa 🌟🌟🌟💚💚💚"
@rutoipb,2024-08-09 23:04,sepagi ini tp udah mellow krn hari ini last day mpkmb 😣🥺😪☝🏻
@naostudys,2024-08-09 22:58,ini serius hari ini hari terakhir mpkmb? :<
@beausyfly,2024-08-09 22:49,ini pku bisa ganti sm mpkmb aja ga
@woofbblue,2024-08-09 22:44,"Liatt ges keren bngt kann!
Terima kasih kepada seluruh panitia yang udah berjuang mensukseskan acara mpkmb ini...
Buata temen² sobat nara juga, kalian semua keren
#RaihAsa 
#Mpkmb61"
@gleenchant,2024-08-09 22:28,gamon mpkmb? jangan ya dek ya...
@urshaning,2024-08-09 20:39,lagi rame anak mpkmb abis rekoran and realize seru bgt pd ada dokumentasi sendiri
@lattemerahdaun,2024-08-09 19:28,wow mpkmb itu udh 2 thn lalu ya ternyata
@grtppol,2024-08-09 18:32,Closing mpkmb di gelora hihiii
@stillleledk,2024-08-09 18:31,"Buset, ini kalian besok buat penutupan MPKMB 61, jam segini masih latihaaann, besoknya apa ga lemes😭"
@fleyura,2024-08-09 18:29,anjir ak radang dn amandel after triak” an pas mpkmb ….
@xyoaiz,2024-08-09 18:27,"bocah mpkmb lagi gladi closingan, berasa lagi konser di kamar gueee"
@xyoaiz,2024-08-09 18:27,"besok closingan mpkmb 61 yaa? kaya sedih gasie, ternyata udah 2 tahu lalu aku jadi maba nya ..."
@rajarakyatbiasa,2024-08-09 18:24,maksudnya closing mpkmb 61
@dimasdnv,2024-08-09 18:16,"Jaman gw masih belum musim bikin kayak ginian, tapi dulu rekor pas gw mpkmb aka ospek adalah seluruh mahasiswa baru makan beras analog barengan."
@fleyura,2024-08-09 17:06,saking riwehnya gue ngerjain resume mpkmb day 1 tapi judulnya abinaya benua.....
@xartemn,2024-08-09 17:06,"Mpkmb selesai perkuliahan pun akan dimulai....

I'm so excited untuk kuliah tapi aku ga mau ninggalin temen2 ospek ... rencanya h-3 kuliah aku mau nyicil baca2 materi... tapi kayaknya aku bakal fokus menikmati mpkmb yang indah ini. Makasih ipb, makasih kakak kakak panitia <3"
@llyyytn,2024-08-09 17:04,"ga sabar bsk, tapi gamau juga kelar mpkmb nya:(
duhh"
@asloveseems,2024-08-09 17:02,IYA PLIS dari awal mpkmb sampe selesai gaada kusam kusamnya
@bluesstudy,2024-08-09 17:02,mau mpkmb terus aja pls takut ppku 🥺
@bluesstudy,2024-08-09 16:59,bs gx mpkmb nya dilamain
@grapestra,2024-08-09 16:57,besok mpkmb selesai..... jujur ga rela bgttt plss... 🥹
@hyunjinskena,2024-08-09 16:56,Lu pada pasti ga percaya kan bocah se tantruman gue yang dikit dikit ngeluh pengen pulang pas MPKMB lebih banyak diem planga plongo ngeliatin orang pada akrab sama temen temen nya 😔😔😔😔😔😔😔😔
@jaeminasdfghjkl,2024-08-09 16:45,MPKMB tahun ini keren bgt... Papermob nya gacorrr
@gizzyyzy,2024-08-09 16:27,Ini panitia MPKMB gladi bersih tengah malem bangett???? WOWWW Smangatt panitiaaaa. Jgn capek2 pls. Btw suaranya kedengeran sampe balebak
@alexxalbon,2024-08-09 16:11,"Huhu mpkmb ini keren banget dah, mau memgucapkan trimakasih sebesar besarny sama kakak panitia yg udah kerja di depan or dibalik layar mpkmb ini, super duper keren dan asyik dan ga berasa banget. Jgan lupa istirahat dan smgat ia osfak dan osjurnya kk kk pjk, komdis, medis dkk 😔"
@jakegizi,2024-08-09 16:07,gamau udahan mpkmb nya pls😭😭
@j4sminesites,2024-08-09 16:05,demi apapun mau peluk kakak kakak panitia mpkmb bgt 🥹🥹🥹
@urstarlaitt,2024-08-09 16:04,jadi panit mpkmb tahun depan yay or nay?
@jenoskhb,2024-08-09 15:48,mpkmb sampe selesai ppku mau ga kak biar aku gausah praktikum
@hourlyhili,2024-08-09 15:42,bleh ga abis mpkmb langsung daftar wisuda
@urstarlaitt,2024-08-09 15:38,MPKMB nya sebulan aja bisa ga sih ? :(
@kyouriest,2024-08-09 15:36,telat bgt post nya sibuk mpkmb
@j4sminesites,2024-08-09 15:30,AAAA MERINDING REKOR GOKIL BGTTTT YAALLAH APRESIASI SEBESAR BESARNYAAA UNTUK SEMUA KAKAK KAKAK PANITIA MPKMB 61 OMG KERENN BGTT
@jenoskhb,2024-08-09 15:29,"formasi favoriteku,,, makasih semua kakak panitia dan semua pihak yg terlibat dlm proses mpkmb 61 iniii huhuhu so grateful being part of ipb university 🥺🥺🫶🏻"
@cherrywaffle__,2024-08-09 15:26,gmn caranya mau move on dari mpkmb kalo begini😔😔😔
@yuwrirawr,2024-08-09 15:21,mpkmb serius mau udahan nih?!
@ratuestteao,2024-08-09 15:19,"mpkmb kelar, langsung wisuda 👍"
@llyyytn,2024-08-09 15:18,"kalian yang rekor keren banget
kakak panit tahun ini juga hebat hebat banget

makasih banyak ya semua yang terlibat di mpkmb 61 ini, kalian hebat banget, semangat terus kedepannya buat kakak kakak dan temen temen narapati bimantara semuanya, bangga banget"
@akuraditt,2024-08-09 15:18,"Kapan lagi ya kan, abis mpkmb langsung wisuda"
@jenoskhb,2024-08-09 15:16,SUMPAH AKU NANGIS LIAT PAPERMOB MPKMB IPB 61 KEREN BGT
@hiatgss,2024-08-09 15:14,"terima kasih MPKMB 61, gak kerasa besok hari terakhir aja, terima kasih juga kakak-kakak panitia semua yang sangat-sangat keren dan membimbing kami Narapati Bimantara inihh 😻😻😻"
@zayyyiid,2024-08-09 15:12,besok terakhir mpkmb :(
@tasmoniaa,2024-08-09 15:05,eh btw kemaren pas faculty day gw terharu kicil ngeliat pjk gw pas faculty day mpkmb ((ikk 57)) lg di depan taman trs mau foto² habis sidang gt sm tmn²nya trs gue nya lg jadi pjk faculty day mpkmb🥺🥺🥺
@rektoripb,2024-08-09 15:01,"temen-temen, rekor mpkmb 61 udah keluar lhoo bisa cek disini yaaaa! selamat berbangga🫂"
@fioressta,2024-08-09 15:00,"Seru bangettt, mana abis rekor bisa liat kaka komdis senyum lagii wkwk"
@saysikenow05,2024-08-09 14:56,Ada yg merasa g menjalani MPKMB 100%? Merasa FOMO? Merasa capek padahal g aktif aktif bgt? G papa ges sama kok😚
@limitfungsii,2024-08-09 14:52,panitia mpkmb nih gak bobo ya.... pls jaga kesehatan kaka kaka smw🫰🏻🫶🏻
@juicetomt,2024-08-09 14:50,kok sedih ya besok mpkmb terakhir 🙁
@maugnraf,2024-08-09 14:50,panik dikit karena jari gue belibet😁😁
@nedisheepa,2024-08-09 14:47,gladi bersih buat besok mpkmb
@sugaipb,2024-08-09 14:44,"Duh, mpkmb aja belon beres udh dapet ini hehe"
@coupernicium,2024-08-09 14:42,KAN JD GAMON MPKMB
@goomaaddict,2024-08-09 14:41,"engga.. ga ketemu, baru liat pas hari h mpkmb dan itu udah ga boleh mata staff medisnya"
@zwvorz,2024-08-09 14:40,"undur lg dong, besok hari terakhir mpkmb soalnya"
@bucinnyatuku,2024-08-09 14:36,"ngeliat foto2 pas mpkmb sama orex kemaren bener2 langsung nyengar nyengir sendiri🥹mulai dari pertama kalinya tampil di mpkmb setelah tahun lalu jadi maba terus gajadi ikut orex, eh sekarang aku jadi yang jaga boothnya. terus nemenin anak2-"
@nadoraraa,2024-08-09 14:33,"H-1 CLOSING MPKMB SEDIH, AK SAYANG BANGET SAMA NIRMALA THANKYOU GUYSS🫶🏻🫶🏻🫶🏻✨"
@nayleyeah,2024-08-09 14:24,BISA2NYA KELAR MPKMB GUE TURUN 2 KG ???? DUIWJDJAJJDJAJA KEKURANGAN GIZI KAH
@cipOlsit3,2024-08-09 14:23,duh kalo free begini enaknya jalan jalan ga si
@cipOlsit3,2024-08-09 14:22,ni tugas tinggal idp sm per challenge kan yh
@dipzidisini,2024-08-09 14:19,bsk terakhir mpkmb gd yg mw fotbar dgn ku kh🥹🥹
@jakegizi,2024-08-09 14:18,ya allah abis mpkmb mau perawatan banget
@jenoskhb,2024-08-09 14:15,INI MPKMB NYA IPB KAK JAY 😭😭😭
@qibiillll,2024-08-09 14:14,gadlu deh klo mpkmb lg😔🙏
@heyychannnie,2024-08-09 14:14,eh sabar dulu dong baru selesai mpkmb...
@intakipb,2024-08-09 14:11,mpkmb ngundang clairo ya bsok
@cipOlsit3,2024-08-09 14:11,ALHAMDULILLAH GAJADI KE KAMPUS
@j4sminesites,2024-08-09 14:00,plis spill hasilnya min
@hazinkau,2024-08-09 13:56,Gwe cinta bgt sm mpkmb ipb 61 ini
@CestLaReves,2024-08-09 13:51,Besok hari terakhir MPKMB....
@Revaandaa,2024-08-09 13:40,"Ini ga si gongnya, tuing tuing mpkmb, 61?"
@goomaaddict,2024-08-09 13:39,gokil panit kreatif mpkmb
@haechanvokasi,2024-08-09 13:39,"jadi gini rasanya udahan baik2 🙂😔

(udahan MPKMB)"
@cipOlsit3,2024-08-09 13:32,MAU ANJIR OTW
@tehqotaq,2024-08-09 13:32,SERU BANGET KAAAKKKK... APALAGI PAS LIHAT PANITIA PADA BANGGA GITU SAMA NARAPATI BIMANTARA 😭😭😭😭😭😭😭😭😭
@cipOlsit3,2024-08-09 13:31,SALTING DI LIKE KAK MENTARI
@coupernicium,2024-08-09 13:31,narapita bs nangis aj
@sulitrolldepan,2024-08-09 13:29,"Gw abis dengerin lagu MPKMB IPB dari tahun ke tahun, yang paling enak MPKMB 61 cuyy, bener bener memorable"
@Noved23_,2024-08-09 13:28,Minnnnnn spill hasillll pelissss😭
@yeellowpretzel,2024-08-09 13:27,"Buku rekor gw ilang min, cariin plsss"
@youandiwecanfl9,2024-08-09 13:27,SERUUU BGT BGTTT MINNNNNN😭😭😭😭😭💖
@niseyniss,2024-08-09 13:23,mpkmb selesai tapi deadline tugas di depan mata
@g0dzSake,2024-08-09 13:23,"sukak soalnya kk komdis akhirnya melepas topeng judesnya wkwkwk, trs seru walaupun pegel tapi HARUS SEKALI SEUMUR IDUP SIHH IKUT REKOR🤭"
@meluncur2345,2024-08-09 13:17,SERUUUU bangeet sampai ga bisa berkata kata 🫵🏿👍🏿🫶🏿
@cherrywaffle__,2024-08-09 13:08,GAMAU SELESAI MPKMB PLISSSS
@Imiijinno,2024-08-09 13:07,"Ditungguuu hasilnyaaa miminnnn, kira kira kapan deh min? Soalnya seingetku formasi rekor yang favorit nya dimasukin buat tugas insta story juga🤔"
@scaredacted,2024-08-09 13:05,DITUNGGU HASILNYA MINNN 🔥
@Johns9579559272,2024-08-09 12:59,"Gk kerasa mau last day mpkmb, tunggu kejutan buat besok ya sobat nara🙀🤩"
@togamejuo,2024-08-09 12:57,"spoiler last day mpkmb 61, pov eksklusif asrama 😎😎😎"
@coupernicium,2024-08-09 12:57,"meskipun jadi sobat narapita, tapi aku gamau cepet cepet udahan mpkmb:( BAKAL KANGEN BGT SAMA MPKMB 61 YANG PECAH ABISSSS"
@1020gongfourz,2024-08-09 12:55,sedih aku mapit ga ikut rekor jd ga punya keseruan
@ndreyyaea,2024-08-09 12:52,"SERU BANGETT, ga kerasa dah mau beres ajaa🤧 btw seru liat komdis nya happy kiyowo gini AHAHAHA"
@rcathelsa,2024-08-09 12:45,EH AKU SEDIH BESOK TERAKHIR MPKMB HUAAAA MASIH MAU MAIN SAMA RELASIONERS AND OTHER PANIT HUAAA
@l0velyroese,2024-08-09 12:37,MINN MPKMB NYA CEPET BGT!? besok udh closing aja…
@MPKMB_IPB,2024-08-09 12:34,"HAI HAI SOBAT NARAAA, gimana nihh after capek” ngerjain rekor tadii, pasti penasaran banget gaksii sama hasilnyaa??!🙀🫨⁉️ 
btw drop keseruan hari rekor versi kalian dongg sobat nara! 😋🙌🏻 

#miminsyngnarapatibimantara"
@haoipebe,2024-08-09 12:28,huhuhu besok last day mpkmb... ak syang bgt sm sahaja.... huhuhu gmau pisah.... smoga bsok kita msih bisa kumpul n main bareng yh mandhalaku...klen seru bgt 😨😨😨😨💞💞💞💞
@kunyukrupawan,2024-08-09 12:19,sumpah gue mau bgt ngulang MPKMB IPB dr awal OAJDKAKSKA SERU POLLLL🥹🥹🫶
@minhalide,2024-08-09 12:11,haaa sedih bgt bsk udah last day mpkmb 😿
@katshyck,2024-08-09 12:08,"APA-APAAN ANJIR MASA AYAH GW NYAMAIN MPKMB SAMA OSPEK MILITER, YA KAGAK NYAMBUNG LAH BJIR."
@j4sminesites,2024-08-09 11:49,blm siap mulai kuliah beneran.. mau mpkmb terus blh gak tp gausah ada penugasan blh gak plis maaf kl ngelunjak
@lynestudy,2024-08-09 11:49,PLSSS JNGANN DLUU PLSS AKU MAU KONSER PENUTUPAN MPKMB DLUU PLASSS
@keliskae,2024-08-09 11:49,mpkmb masuk 120sks kah
@mnyhyst,2024-08-09 11:38,"duh abis mpkmb harus kenalan lg yh
😭😭😭😭, jujur fase paling capek adalah harus kenalan lagii tp aku juga maw punya temennn"
@callmelilyea,2024-08-09 11:31,"mw ikut fallinlove sama kating pas mpkmb tpi dlu kating yg ak kenal cmn pjk doang njir 😭 ignorant bet anaknya dlu soalnya, malah melihat tmanku yg having crush sama pjk kel lain kdgwkdhje"
@llyyytn,2024-08-09 11:30,"sedih mpkmb udh mau selesai😔
gabisa ngakak ampe ngik ngik lagi sama racil"
@artemwxng,2024-08-09 11:23,"woi temen gw bilang jingle mpkmb 61 kek lagu mr. diy, emang iya kah😭"
@aissyyyaipibi,2024-08-09 11:21,"kok aku selama mpkmb ga nemu banyak panitia ya, soalnya ketemunya tuh kalo ga komdis, ya pjk, atau ga ya medis ajah itupun ga semuanya😭😭😭

padahal pengen cari info kating jomblo"
@hyunjinskena,2024-08-09 11:17,Gpp gue juga after mpkmb tidur jam set 10 malem baru bangun jam 11 siang
@korpusIPB,2024-08-09 11:16,"Menyongsong Era Pertanian Modern: Strategi TNI dalam Talkshow MPKMB IPB 61
korpusipb.com/mpkmb/menyongs…"
@korpusIPB,2024-08-09 11:15,"Semarak Hari Kedua MPKMB IPB 61, Membangun Sinergi Melalui Komunikasi

korpusipb.com/mpkmb/semarak-…"
@dishayangkamuu,2024-08-09 11:12,that's why pas h-1 mpkmb gue ga siap mpkmb karna PASTI KERASA CEPET NYA DAN SKRNG H-1 LAST DAY?!!!
@cipOlsit3,2024-08-09 11:03,PANCABAYA DONEEEEEE
@Johns9579559272,2024-08-09 10:57,Keknya selesai mpkmb hidup w bkl hampa (njz lebay bgt)
@dipzidisini,2024-08-09 10:53,anjir tragedi h-1 penutupan mpkmb😭
@wirangga22,2024-08-09 10:50,SUPER TEAM. Semoga tetep waras sampe MPKMB dan OMB ini kelar🙏
@xartemn,2024-08-09 10:46,Mpkmb jangan selesai:(
@kacangmeteor,2024-08-09 10:44,Baru juga kelar mpkmb😭
@wirangga22,2024-08-09 10:34,Hari 4: Pemecahan Rekor Formasi MPKMB 61. Hats off Panitia @MPKMB_IPB dan Narapati Bimantara ❤️🇮🇩
@hwisun,2024-08-09 10:31,ini kelar mpkmb dah boleh wisuda kah?
@hnbecool,2024-08-09 10:18,S.MPKMB ya dev?
@glorievs,2024-08-09 10:15,stop aneh aneh iyh w seminggu ini cmn makan konsum mpkmb doang😾😾😾😾😾😾 kecuali hari senin beli geprek tp ga ak abisin sih…..
@bckberner,2024-08-09 09:57,Jujur seseneng itu gw ketemu caraka.. gakuat banget beres mpkmb bakal misah ke kelasnya masing²:(
@tasmoniaa,2024-08-09 09:52,curiga tp sotau aja sih closing mpkmb apakah bakal di gelora????
@levanaon,2024-08-09 09:49,jujur msh kepikiran kerah kemeja aku ternyata ga rapih waktu maju nanya pas mpkmb 😫😫😫😫
@naviacchi,2024-08-09 09:45,currently nangis ga siap closingan mpkmb besok.. jujur capeeek banget ospek tp seneng bgt rasanya disayang bgt bgt bgt setiap hari sm kaka2nya HUHUU besok fix nangis kejer
@jjh4ze,2024-08-09 09:31,dari awal pra mpkmb malah ak suka liatnya gagah parah 😬😡😎
@fiifarfi,2024-08-09 09:28,takut sekali menjadi partner mc annisa rahma sang mc mpkmb inih😭✋🏻
@accounrendom,2024-08-09 09:28,Apa hukumnya cinlok pas mpkmb😔
@macamtuulah,2024-08-09 09:25,SUMPAH AKU BENERAN DIBUAT ENJOY DI MPKMB☹️🌟
@iilytintiihy,2024-08-09 09:17,"big thanks buat panitia MPKMB 61, pjk, komdis, medis yg udh jalanin tugasnya dgn top markotop lah pokonya!!!!💙💙💙 BAKAL KANGENNN BGTTTTT MASA2 OSPEK INI. bismillah taun depan jadi panitia MPKMB 62 HEHWHEHWHWHWHWHW😁😁😁😁"
@iilytintiihy,2024-08-09 09:13,"bangga bgtttt jadi bagian dari narapati bimantara😭😭😭. SENENGGG BGTTTTTT BISA NAMATIN MPKMB BARENG 61 YG SUPER DUPER MEGA BINTANG KERENNNN BGTTTTT. mulai dari panitianya, rangkaian acaranya, BENER2 SEMPURNA🤍🤍🤍🤍🤍🤍"
@stabiloveu,2024-08-09 09:12,abis mpkmb langsung wisuda enak bgt y😇😇 join dong
@hayanglibur_,2024-08-09 09:12,Kapan rekor mpkmb tayang di yt?
@youandiwecanfl9,2024-08-09 09:07,STUJU ANJIRR MPKMB IPB TERBAIK POKOKNYA MAH
@shalldobest_,2024-08-09 08:34,"Re watch mulu jadinyaa Wkwkwk
DAY-2 MPKMB IPB, akhirnya kedapetan maju juga buat nanya langsung ke narsum nya ehehe"
@pra_seeu,2024-08-09 08:32,iyaaa pliss itu bukan akuu dekil bngttt pas mpkmb 😭
@FlyingAngel05,2024-08-09 08:08,Isi tl gua hari ini full mpkmb sama gorengan wota akwkwk
@gleenchant,2024-08-09 07:59,eh jujurly gw sedih mpkmb udh mo selese
@cipOlsit3,2024-08-09 07:42,owwkeii
@erakinimedia,2024-08-09 07:34,"Najwa Shihab, Putri Tanjung, dan Cinta Laura membagikan pesan inspiratif kepada mahasiswa baru (maba) IPB University saat MPKMB. erakini.id/gaya-hidup/era-g5…"
@ktaerev,2024-08-09 07:29,Mpkmb hari ini 10/10!!!
@saturwnusz,2024-08-09 07:26,Kenapa mpkmb sv cuma 2 hari..
@saturwnusz,2024-08-09 07:26,Pengen mpkmb lagii 😭
@beelbyla,2024-08-09 07:18,kakak kakak panit mpkmb terimakasihhh keren sekalii mpkmb nyaaa
@cipOlsit3,2024-08-09 07:16,P INI KULIAH UMUM DAY 2 DARI BAGIAN PAK REKTOR YA??
@rutoipb,2024-08-09 07:02,gak ada yang kasitau aku tidur siang di kosan pulang MPKMB seenak itu 😭 biasa ak tidur tidur ayam doang
@bonfirekiss,2024-08-09 07:00,Shade aku beneran turun satu tingkat abis mpkmb.... makasih oleh olehnya ^_^
@lsfhtpgg,2024-08-09 06:58,lopyu anak produksi mpkmb
@inigajendraa,2024-08-09 06:56,"ga kerasa yaa hari demi hari berlalu 😿, soo how was ""The""Rekor Dunia Itu???

 jangan lupa bagikan keseruan, kesenangan, kesan pesan, cinta yang datang dadakan huishh apapun ituu dehhh 

padlet.com/bimantaragajendra…

see you in The Last Day MPKMB 61

#MPKMB"
@tehqotaq,2024-08-09 06:51,"HEWOOOO 🙌🙌🙌🙌
ALHAMDULILLAH LANCARR (meskipun pegel dikitt)... Btw kamu gimanaa? MPKMB nya udah selesai kaah?"
@stabiloveu,2024-08-09 06:47,"RATE MPKMB DAY 4 ADALAH 100/10 KENAPA? KARENA SERU BANGET?! pegel mah pasti, tp ilang krna seru! after rekor jg ngobrol sama kk komdis dan pjk itu seruu! foto"" juga, pulang pagi pulak🤗 yg bkn aku sedih aku dpt rekor rusak jadi td ada trouble, tkut bgt bkin jlk gara"" aku deh:("
@dumpiebuby,2024-08-09 06:37,"jadi PJK untuk anak-anak hebat itu bukan suatu hal yang mudah namun tidak sulit, aku seneng bgt bisa dampingin temen-temen maba disabilitas yang sangat spesial buat aku. mereka bener bener seneng buat ikutin rangkaian MPKMB IPB dengan sangat baik 🥺 🤍"
@soonnurse24,2024-08-09 06:31,"terima kasih kakak kakak panitia mpkmb yang baik sekalii hatinya, kakak kakak komdis yg stay di beberapa titik buat jagain jalanan & isiin anak anak botol minum, sukses selalu ya kak🥳"
@dinduythekid,2024-08-09 06:15,sedih anjrt bsk hari terakhir mpkmb😓
@nipnif,2024-08-09 05:59,"MPKMB DAY 4🐺🐺🐺
persiapan terhectic, baju baru di jemur jam 7 malem, lupa beli roti buat sop, lari-lari ke alfamidi, CM INI SMGT KRN GA HARUS BAWA TAS RANSEL MWKKWKW🥹🥹🥹"
@yujimib,2024-08-09 05:39,"Hari rekor MPKMB IPB 61 yang super duper seruuu, keren kalian semuaaa!"
@grazzzeeeee,2024-08-09 05:38,SE HEPI INI MPKMB IPB!??!?!?!?!?!😋😋🫦🫦🫦🤭🤭🤭‼️‼️‼️‼️
@Luthf1S,2024-08-09 05:29,"DAY 4 MPKMB ITS A WRAP!!!!

selamat kepada narapati bimantara karena sudah memecahkan rekor duniaaa!!"
@glorievs,2024-08-09 05:13,sumpah sangat senang mpkmb ipb super seru happy senang very fun very good ga serunya kalo kepisah sm temen mandhala doang udah😀😀😀😀
@howslaiff,2024-08-09 05:12,Setuju gk mpkmb selamanya
@rcathelsa,2024-08-09 05:03,"Finally!! Day-4 MPKMB IPB 61 is a wrap!!! akhirnya pemecahan rekor berhasil huhu. proud bangett sama relasioners61 yang udah bertahan sejauh iniiiiiiiiiiiii

#mpkmb #mpkmb61 #ipb"
@foldernyadea,2024-08-09 05:03,"anak pita merah selama 4 hari mpkmb 💪 semangat guys, semoga hari ke 5 anak pita merah yang ""sehat"" bisa seru seruan ! terima kasih kakak kakak medis yang sudah memberikan perhatian penuh kepada temen temen pita merah ⭐️⭐️⭐️⭐️⭐️"
@zwvorz,2024-08-09 05:01,"makasih kakak pjk, komdis, medis, dokum, panglima, sekben, ketua, dan panitia lain... keren banget mpkmb dr hari pertama sampe hari ini... semoga besok hari terakhir makin keren 🌹🌹🌹🌹"
@sabinadsty,2024-08-09 05:00,bsk last day mpkmb bgt nih???
@rcathelsa,2024-08-09 05:00,story aku udah kayak spam ya tapi jadi panit mpkmb belum tentu bisa diulang ya kan?!
@alesplacee,2024-08-09 04:58,MPKMB x OREX 😍😋
@amorrozs,2024-08-09 04:56,"update after Day 3 MPKMB IPB edisi FACULTY DAY!!! 
FI vibesnya kerasa beda pas diserahin ke panit fakultas, keseluruhan rangkaiannya bener-bener dikenalin sampe sayang sama FPIK, ketemu temen2 baru yang bisa match my freak, kating pendampingnya juga asik poll!!"
@amorrozs,2024-08-09 04:49,"*MPKMB
baru ngeh ada typo🙏🏼🙏🏼"
@aissyyyaipibi,2024-08-09 04:45,"ini aku dan teman-teman mandhala jatarupa🌹🌹

PASTI HABIS MPKMB BAKAL KANGEN BANGET SAMA WARGA JATAPALS DUH💗"
@aneversez,2024-08-09 04:39,info mpkmb yang pulangnya dianter kating 59 : ga kuat jalan☺👍
@itscorbryn,2024-08-09 04:38,Panitia mpkmb kren btul dahhh trainingnya brp lama yaaa ak mw jdi panitia jg tp gk bisa jadi komdis karna aku dikit2 ketawa
@beelbyla,2024-08-09 04:34,eh anjir mpkmb tu seru anjir tapi kenapa tinggal besok ya
@beelbyla,2024-08-09 04:31,Wkkwkwkw woiiii mpkmb core banget
@shof1ald,2024-08-09 04:26,"Walaupun ga selalu bisa ikut mereka kumpul, tapi aku bangga banget sama mereka, Lochita. Terima kasih sudah menerima aku sebagai pjk kalian di batch 2 yang 'seru' ini, ga kerasa udah mau selesai MPKMB 61😣, inget ya kalo Kak Didi Always be there for u Lochita🤎🐺, see u closing!"
@kalalipe,2024-08-09 04:15,gua akan mengerjakan tugas mpkmb ini dalam sistem kebut semalam (doakan saya bisa)
@zwvorz,2024-08-09 04:07,"pgn main, gabut bgt mpkmb pulang siang"
@katshyck,2024-08-09 04:05,"KAK, MPKMB NYA SEBULAN DONG PLSSS, GAK SIAP KULIAH AAAAAAAAAA"
@sehatselaludir,2024-08-09 04:02,"berkali kali liat kakak komdis dari saat mpkmb, mpf, dan mpd. selalu salut dengan sikap profesional mereka 😞😞 apa aku nanti daftar komdis mpf yah.."
@genczai,2024-08-09 03:56,SEDIH BGT GW NTAR LG MPKMB SELESAI....
@rayiinaa,2024-08-09 03:48,off akun ini dulua ya soalnya tl nya mpkmb anak dramaga semua 😊
@mpkmbsv_ipb,2024-08-09 03:43,"Selamat pagi, Narapati Bimantara!

Siapa di sini yang masih gamon sama 2 hari MPKMB kemarin?😔😔. Please ceritakan ke mimin gimana kesan dan pesan kalian selama MPKMB SV itu🌍🪵💧🌪☀️🔥"
@bluebeccies,2024-08-09 03:38,"akhirnya ospek mpkmb kita selesai ges, sisa konser"
@soursallylovu,2024-08-09 03:36,kok kayaknya mpkmb ipb seru bangett
@llyyytn,2024-08-09 03:29,"sedih tapi gpp, boleh ga si taun dpn ikut mpkmb lagi?"
@yellewood,2024-08-09 03:27,"e-eh maaf kalo vokasiii, tapi mpkmb seru 😋"
@meongiest,2024-08-09 03:23,"mpkmb ipb seru dan keren bangettt! big thanks buat kakak-kakak panitia yang gak kalah keren 🥺🥺 kakak komdis, medis, pjk, dan lainnyaa. KALIANN SEMUAAA KEREN BANGETTT! THANK YOUU BUAT KERJA KERASNYAAA KAKAK-KAKAK! 🫂🫂💞💞💞"
@mmargiella,2024-08-09 03:16,infokan komdis mpkmb ipb yang galak itu
@jjh4ze,2024-08-09 03:06,tadi nangis kecil keinget besok mpkmb terakhir 😔😔
@scaredacted,2024-08-09 02:55,"all shoutout untuk semua kakak panitia, pjk, medis, komdis, dan orang orang yang mendukung kelancaran mpkmb ipb 61 kalian semua keren banget 😭😭🔥🔥"
@MINSUNGlST,2024-08-09 02:53,pcd mpkmb lebih sakit ya ternyata
@blubrryblue,2024-08-09 02:46,maaf kaka dan ibu pembicara kalo saya ga aktif alias kadang oncam kadang off sesuai mut soalnya tkut ditunjuk😇😇😇 tugas mpkmb belom kelar😇😇 nambah 7habits lagi😇😇
@jfblooms,2024-08-09 02:45,"gue kena PMD, post mpkmb depression. kangen deh rasanya..."
@menisyong,2024-08-09 02:41,"MPKMB SV IPB 61 ITS DONE‼️
WE DID IT NISKALA🪵🫶🏻"
@nadhifahsahlaa,2024-08-09 02:26,"day ⁴ •MPKMB'61
supeeyy happyyy soalnya hariini bonus senyuman manis dr kakaakk"" komdiss yg syantik poool plsss plsss😭‼️💥💓🌺⭐️"
@piscokgbj,2024-08-09 02:25,MAKASI BGT KK PANITIA MPKMB 61. AKU REKOR TANPA GOSONGG
@temansekelasaja,2024-08-09 02:15,Masih pada mpkmb jirr
@yayaasudalah,2024-08-09 01:43,mpkmb 2 hari duduk trus lanjut 7 habits tiga hari duduk berjam-jam lagiii SEHAT-SEHAT BATCH 2 😭😭
@sugaipb,2024-08-09 01:39,BESOK.....UDAH.....SELESAI.....MPKMB.......
@rektoripb,2024-08-09 01:28,saking serunya mpkmb sampe lupa kalo hari ini pengumuman tahap 1 bu😞😞😞😞
@lerclee,2024-08-09 01:26,"MPKMB SISA 1 HARI LAGI, RIYAL OR FAKEEE???"
@vivienneaikoo,2024-08-09 01:21,"also karena mpkmb UI udah mulai, aku takut buka sosmed hehe"
@miaf_09,2024-08-09 01:19,"Yang ketiga malah tahun kedua kuliah disuruh ospek mpkmb lagi njir, udah mah salah outfit karena gada infonya, gak bawa almet juga pulak. Bener-bener beda sendiri njir😭😭🤣"
@bucinbapakmu,2024-08-09 01:19,"makasih banyak buat panitia mpkmb semuanyaa yang sudah bekerja keras untuk acaraa inii, may god bless u all🥺💗💗💗"
@bucinbapakmu,2024-08-09 01:13,pengen mpkmb lagi please tapi bagian closingan aja:(
@auulyeaah,2024-08-09 00:45,harusnya kemaren aku ikut mpkmb ipb
@ijeyitp,2024-08-09 00:44,"Makasih banyak ya kakak” panitia, makasih juga sobat nara. KEREN BANGET MPKMB IPB INI. Sumpah ini seneng banget bisa jadi part of MPKMB61 ini, ily kalian semua."
@burmannii,2024-08-09 00:41,Masa ... skrg ... mpkmb ... boleh ... bawa ... hp ... so ... envy
@xartemn,2024-08-09 00:30,No besok terakhir mpkmb :((( nooo
@pangeranmimpin,2024-08-09 00:29,REKOR AAAAA GUA MAKIN SEDIH HARI INI H-1 MPKMB SELESAII
@cipOlsit3,2024-08-09 00:18,siapa yang udah selesai resume kuliah umum..
@8thdegrees,2024-08-09 00:15,Gusy kuliah umum mpkmb tuh yg di resume yg bagian mana deh? Apa iy semua rangkaiannya…?
@lazueli,2024-08-08 23:57,"bentar lagi mpkmb beres 😋😍🥰💗🫶
senin ppku 😟😭😨😱😰😓"
@chocrattes,2024-08-08 23:46,mw tapi panit mpkmb temen aku smua anjr ☺️☺️☺️ pjk komdis medis acara relasi dll ☺️☺️☺️☺️
@chocrattes,2024-08-08 23:41,inimah yg nanti bakal bikin jingle mpkmb 62
@glorievs,2024-08-08 23:40,love you sobat nara dan segenap panit mpkmb semoga sukses dan lancar
@frellsz,2024-08-08 23:36,Perkiraan konsep gw buat penutupan mpkmb 61!!!
@Galweth,2024-08-08 23:20,"panitia mpkmb bener"" keren dah, selalu supportive🫶🏻"
@chocrattes,2024-08-08 23:06,"CLOSING MPKMB BAKAL DI GELORA KAH?!!!! ADA PANGGUNG 

JIRLA IRI BANGET CO SAMA 61 :)
TAUN LALU DI GWW"
@alexxalbon,2024-08-08 22:35,Mpkmb 😔 sisa 😔 besok 😔
@dlacorfiles,2024-08-08 22:35,day 4 mpkmb ipb 61 aka rekor daayy yeeaayy fighting to all narapati bimantaras 💪🏻💪🏻🤩🤩
@pkue11,2024-08-08 21:21,Ingat HokBen ingat konsum mpkmb
@akuraditt,2024-08-08 20:53,Inikah guest star mpkmb hari terakhir?
@piefayy,2024-08-08 20:25,"Ga bisa tidur, untung masih merah. Gedor apotek apa ya subuh² haha

Ps. Org mah lagi berisik siap² buat mpkmb dan saya masih belum tidur"
@chesp1nn,2024-08-08 19:44,"aku juga, maybe in another life aku lagi ikut mpkmb ipb terus stay di asrama ipb, nongkrongnya di koi botas, jalan jalan ke surya kencana tiap sore, ga botak pas ospek, foto di depan ipb pake almet biru itu"
@naruhiiko,2024-08-08 17:54,Hp gw pas mpkmb :
@fleyura,2024-08-08 17:48,tim diserbu tugas mpkmb
@fleyura,2024-08-08 17:25,bolehhh tp dah pada penuhh jg karena kmrn banyak yg ku tanyain pas mpkmb katanya dah pd penuh huhu
@mouseklat,2024-08-08 17:15,best ospek ever bgttt yaallah mpkmb
@eunwooipb,2024-08-08 16:14,"akuuu, tp kemarin udah ikut mpkmb gapapa?"
@naelmakanmanis,2024-08-08 16:09,jujurr baru selesaii mpkmb udah kangen lagi
@roseshaze,2024-08-08 16:02,aku pas mpkmb ganti2 temen mulu tiap pindah tempat anjay
@berrygurrll,2024-08-08 16:02,eh case hp w yg pink dmn ya😭😭😭😭 GK KTMU KTMU pdhl kmren mau dipake buat mpkmb biar lusyu kiyowok
@faisalmzhdtt,2024-08-08 15:54,"maaf gua mewek ca
jujur takut kuliah cuman seru pas mpkmb doang
semoga seterusnya tetep seru"
@tansylace,2024-08-08 15:45,sedih ia mpkmb sisa besok sm lusa
@faymth,2024-08-08 15:37,"Jadi karuna tinggal 2 hari lagi kah..😔
Ingfo extend mpkmb"
@OSCOCLIFFO,2024-08-08 15:23,lohh mpkmb kok tinggal 2 hari lagi terus hari seninnya gue dah mulai kuliah anjir
@wwiin27,2024-08-08 15:19,pas kemarin jam segini udah tidur & bangun pagi pagi buta tuk siap siap MPKMB💔
@repetisii,2024-08-08 15:11,NKCTM (Nanti Kita Cerita Tentang MPKMB) 🌞
@auprico0t,2024-08-08 15:02,akan gue buat 1 dunia mendengar jingle mpkmb ipb 61 itu
@biologyloml,2024-08-08 14:51,Mpkmb sisa 2 hari lagi gua sedih banget tolong masih mau lebih lama lagi sama mandhala ku
@24whoran,2024-08-08 14:50,"gmw pisah sm mpkmb walau stres capek pegel"" tapi kek asik bgt"
@youandiwecanfl9,2024-08-08 14:49,BESOK REKORRR HUHUHUHU GA SABAR BGT TP KEK KEK KEKK BJIRR MPKMB DAH MAU SELESAI NI??
@DjikaBeruntung,2024-08-08 14:46,HAHAHHAHA GUAA JUGA PERNHH KOK PAS MPKMB WAKTU PEMILIHANN KETUA KELOMPOK BESAR
@grazzzeeeee,2024-08-08 14:44,GIMANA BISA MOVE ON SAMA ERA MPKMB KALO KEGIATANNYA SEMEMORABLE INIII?????
@doriissrss,2024-08-08 14:34,MPKMB SV SERUU ABIS CUY
@cherrywaffle__,2024-08-08 14:30,"blm siap kuliah eh kocak takut nanti setelah mpkmb kelar trus gue bablas nanya ke grup mandhala, “guys besok tikum di manaa?” 😭😭😭😭😭😭"
@cherrywaffle__,2024-08-08 14:28,ini serius…. mpkmb….. bentar lagi…. kelar……????
@blluemuffln,2024-08-08 14:26,Mau kayak yg lain tapi masa mpkmb cuma sekali T____T kenapa sih harus penyakitan jadi orang (aku) aaaaaaaskdjsifjwfksjckc sedih
@elricadian,2024-08-08 14:13,"Kakak² pdd, perkap, pubdok, acara dll yg busettt kerennn² bgtttt walaupun mereka kerja dibelakang layar tp sumpahhh tanpa mereka mpkmb 61 gaakan segacorrrr iniiii plisssss pokoknya mahhh ak gaakan pernah nyesel masuk IPB dan jd bagian dr mpkmb 61 iniii🔥❤💐🙌🏻"
@maitosaddict,2024-08-08 14:11,sumpah ini kita masuk gaada perkenalan dulu kah? mpkmb kecil2an gitu??? langsung belajar materi di hari pertama dept kah????????????
@cheyiue,2024-08-08 14:11,"guysss tlg yg nemuu atau liat atau gmn, kasih tauuu akuhhh 😭😭😭 sedihhh bgt baru beli h-1 mpkmb malah ilang 😭😭"
@elricadian,2024-08-08 14:10,"Komdis yg katanya galak sksksksksk aslinya superrr duperrr baikkkk cm krn tugass aja beliau jd komdis jd tuntutan buat ga kasih senyum, tp klo diluar jadwal mpkmb busetttt ramahnya gakk ketolonggg plisss manissss bgttt senyum kakak² komdisss ituuu🤧❤💐💐💐"
@limitfungsii,2024-08-08 14:08,ih ini bnran mpkmb bntr lg kelar dan udh mw kuliah yh 😔😔😔😔😔😔😔😔😔
@seulgiipb,2024-08-08 14:07,besok rekor... gapernah ngerasa se senggang ini selama mpkmb coyyy🥺🥺
@elricadian,2024-08-08 14:05,JUJURRR AMAZEE BGTT SII SM PANIT MPKMB KEKK YAALLAH KERENN BGTT MEREKA NGERAHIN SEMUA TENAGA WAKTU SM PIKIRAN MEREKA BUAT NYAMBUT KITAA😖❤KEKK RASANYA AAA...LOVEEE YOUU KAKAK² PANITIA @MPKMB_IPB
@anothergeez,2024-08-08 14:03,"terimaa kasii mpkmb 61 sv ipb, terima kasii narapati bimantara, terima kasii aksaa bimantaraa, terima kasii🩵🩵🩵"
@seulgiipb,2024-08-08 13:56,gantiin maba buat ikut rangkaian mpkmb aja kak langsung dijamin pasti 🥺🥺🥺
@limitfungsii,2024-08-08 13:42,kok mpkmb cepet bgt sih 2 hari lagi... YAALLAH BLM SIAP KULIAH
@rickyuph,2024-08-08 13:41,"gw maksain berak kaga bisa kocak, dari pertama mpkmb belum berak anying perut gw😭😭😭"
@vairjys,2024-08-08 13:23,"MPKMB udaa selesaii, waktunya pulang ke jakarta dulu.. BAWAAN GUE SAMA TALITHA PLS INI @RAMY3N"
@peachhyypeaachh,2024-08-08 13:14,blio hrus bonceng se widura sbelum mpkmb tamat😔
@peachhyypeaachh,2024-08-08 13:10,siapapun ajak gwa ke botas after kelar mpkmb ples.....AK BTUH HIBURAN (CPE BGT JIR)
@cutiespizza,2024-08-08 12:55,woi kangen mpkmb😔😭
@eunwooipb,2024-08-08 12:54,"siapa setuju MPKMB IPB mau S1 atau SV tuh ospek yang paling bagus, keren, and seru...."
@bucinbapakmu,2024-08-08 12:52,mpkmb 61 done!
@fwzthecounselor,2024-08-08 12:50,dopping anti tepar mpkmb
@rayiinaa,2024-08-08 12:42,"semenjak kelar mpkmb, ka emelly jd lucu typing nya"
@tehqotaq,2024-08-08 12:36,Siapa guest star terakhir MPKMB
@haidar_ipb,2024-08-08 12:15,Pengen ikut MPKMB IPB 61 😞😞
@thecincauu,2024-08-08 12:07,"list guest star yg harus ada pas H5 MPKMB : 
- feast
- the panturas
- the changcuters 
- lomba sihir
- reality club
- efek rumah kaca
- slam
- tipe-x 
- SO7 
sekian terima kasih, case closed."
@iluffygf,2024-08-08 12:06,alhamdulillah selesai juga ini mpkmb & expo
@katshyck,2024-08-08 12:05,"EH ANJIR SUMPAH, gw sedih bgt gak foto samsek sama panitia mpkmb, grgr hp gw mati pas balikk AAAAAAA NANGIS BGTT"
@cipOlsit3,2024-08-08 11:55,3 hari ga buka twit gegara se GA SEMPET DAN CAPEEEE BGT
@zwvorz,2024-08-08 11:54,mpkmb beres langsung wisuda kan ya?
@zwvorz,2024-08-08 11:53,makin sedih mau beres mpkmb
@elricadian,2024-08-08 11:52,Hal terkocakkk selama MPKMB 😖 tas gw jebollll plisss🤧🤧
@juaarasie,2024-08-08 11:51,ngeliat panitia mpkmb yang botak kaya dejavu gitu……
@katshyck,2024-08-08 11:47,hamdalah telah menamatkan rangkaian mpkmb dengan lancar tanpa berurusan dengan komdis tercintah🫰💐
@bleuutterfly,2024-08-08 11:45,"di foto vs aslinya 😇

berkerah, berkancing, bersaku (sesuai sop mpkmb) ✅
murah ✅
ukuran pas, ga perlu ngecilin ✅"
@gumohwo,2024-08-08 11:43,thank youu dosen2 gacor sb + kakak2 panita mpkmb + kakak sb 59 + semua temen2 sb 61 POKOKNYA S.E.M.U.A 🤍
@_bunnylatte,2024-08-08 11:43,kelar mpkmb kenapa jadi linglung ya
@bleuutterfly,2024-08-08 11:42,sisa foto mpkmb day-2!!
@naaashmmm,2024-08-08 11:42,HALOOO! aku liat kamu ((kayaknya eyecontact)) pas day one mpkmb lagi antri di gymnas OMG PENGEN NYAPA TAPI AKU GAK BERANIIII 😔😔😔
@nightteaa,2024-08-08 11:39,Mauu mpkmb lagii tapi gamau tugassnya.....
@anothersidejml,2024-08-08 11:32,"Kami segenap panitia MPKMB 61 SV IPB pamit undur diri. Terima kasih, Narapati Bimantara! #IPBinDiversity"
@beausyfly,2024-08-08 11:30,"AK BLM PERNAH MPKMB AN SM KALIAN PLSSS, AK INGIN MENYATU BRSAMA KLIAN"
@fluorinite,2024-08-08 11:28,mandhala serunya knp pas mpkmb bentar lagi beres sih💔💔
@pangeranmimpin,2024-08-08 11:18,MPKMB.... SISA.... 2... HARI..... LAGI.... 😭
@togamejuo,2024-08-08 11:13,jingle mpkmb 61 enak bgt pls rispek kakak kakak keren
@jiaxzan,2024-08-08 11:06,Pas jadi ketos ga capek pulang sampe tengah malem padahal pas mpkmb meleng dikit ketiduran
@stabiloveu,2024-08-08 11:05,"rate mpkmb hari ini 11/10🤩 materi pagi seru aplgi uwang sejuta🙏 ya meskipun ga dpt seru aja, tour fakultas seru, makannya enak, sesi siang seru bgt bgt dari narsum 1 narsum 2 nyampe adu gombal seru banget😭😭 mana pulang cepet jdi bisa istirahat😋🫰OIYA DEKOR FMIPA NYA BAGUSS"
@streshidup,2024-08-08 11:04,"gacor parah ospek fakultas hari ini, hari mpkmb paling seru sih fix"
@jiseokbogor,2024-08-08 11:03,for now mpkmb terseru adalah day 3 aka faculty day 🤍🤍🤍🤍💥💥💥💥
@24whoran,2024-08-08 11:00,wajib dimasukin ke mpkmb 61 core
@CestLaReves,2024-08-08 10:55,Ga kaget tbtb mpkmb dibikin jadi 2 part
@patrronuss,2024-08-08 10:53,gila cape bgt mpkmb+orex
@beausyfly,2024-08-08 10:34,"SERU BGT GA DIPISAH PISAH KAYAK KEMARINN HUHUU, AK BARU MERASAKAN EUFORIA MPKMB YG SEBENARNYA"
@cloodyblue,2024-08-08 10:33,ya walaupun masih suka sedih dikit liat temen temen pada mpkmb di kampus nya
@nipnif,2024-08-08 10:31,"MPKMB DAY 3🌊🌊🌊
senang krn aku bisa pake baju bewarna euy"
@mfickyharis,2024-08-08 10:20,Thank you FMIPA dan SSMI!! Apakah aku harus ke MPKMB kalian lagii?? 😆
@iculll_,2024-08-08 10:18,pulang ke rumah abis closingan mpkmb yay or nay
@dishayangkamuu,2024-08-08 10:08,mpkmb 2 hari lagi aaa tidak siappp berakhirrr
@edlnbvrgh,2024-08-08 09:52,"bukan naksir tp salut ajasi sama kaka medis yg mau lari²an bawain obatt, pjk yg udh ngarahin maba, panglima yg buakar semangat, komdis yg tegas bgt kreatif, videografer, talent semua²nya i love mpkmb 61 hadir tuk gapai asamuuuuuuu tempat lahirkan inovasi baruuu 💙💙💙"
@chupacupscandyy,2024-08-08 09:47,mana sampe skrg sertif mpkmb aja blm turun... 🤡
@napatishappy,2024-08-08 09:46,pesan moral: mpkmb harus bawa powerbank
@dorijinko,2024-08-08 09:35,ih mau...... ak tiap hari smangat mpkmb 😔😔😔😔😔😔😔😔😔
@amrasyidd,2024-08-08 09:11,"belum tau aja nanti di fateta ada salah satu (ah tar aja deh wkwk), viral juga ko mpkmb taun kemarin, ya ga? @dinesauruzt"
@strawberrieste,2024-08-08 08:44,gw jd anak vokasi 61 iri bgt si liat mpkmb di dramaga kwkwkwkwkwk
@strawberrieste,2024-08-08 08:44,eh berarti tuh anak sv 60 doang dong yg prnh mpkmb?
@strzg_,2024-08-08 08:32,"mpkmb bisa seminggu ga sih😔
#IPBinDiversity"
@Susahipp,2024-08-08 08:29,"Omaga, padahal cuma setengah hari. Pantes cape bangett liputan faculty day mpkmb 61 ini🥹💓"
@partaer,2024-08-08 08:28,pake namtag mpkmb aja
@korpusIPB,2024-08-08 08:16,"MPKMB IPB 61 Day-1: Gema Euforia Narapati Bimantara, Selamat Datang Tunas Muda Bangsa!

korpusipb.com/mpkmb/mpkmb-ip…"
@rayiinaa,2024-08-08 08:13,dukung gw ya mpkmb 62 gw mau jd komdis 😈
@Jaheuniverse,2024-08-08 08:05,Jgn bangunin smp mpkmb taun depann
@sectmspra,2024-08-08 08:01,"heh ini td udh disuruh benerin kiblat sm tmn²nya malah mulai shalat 😭🫵
rill cm bs geleng² kepala

tp jd keinget dulu MPKMB pas shalat di koridor kiblatnya sempet saling tatapan, pernah jg tegak lurus 😔"
@fanzwashere_,2024-08-08 07:39,"Ya gimana ya, persiapan nya aja cuman 3 bulan + mpkmb vokasi cuman 2 hari dan jatuhnya udh kayak ospek 1 fakultas 😔 (bedanya departemen nya lebih banyak). Bisa si bagus kek gitu, tpi ini tamparan buat mpkmb selanjutnya terutama 62 harus lebih bagus wkwkw"
@lovesomely,2024-08-08 07:29,"Peserta mpkmb berpita kayak gue tidak relate dengan cinlok cinlok itu (di luar di paling pinggir, di gymnas di tribun paling atas)"
@bluesstudy,2024-08-08 07:22,balik mpkmb mau beli mie ayam alhur fix
@anisa_romadona,2024-08-08 06:58,"Keinget mpkmb keliling ipb pake game pixel, skrg udh lulus aja wkwkw"
@cheyiue,2024-08-08 06:48,kangen jingle mpkmb 😭😭
@krabbypattyyums,2024-08-08 06:32,"LIAT INI KELIATAN BANGET CAPEK HABIS MPKMB tapi sedih (gaada kakak komdis yang marahin terus bilang ""bangunin temennya!!😠"")"
@lovingssoo,2024-08-08 06:30,2 hari mpkmb 1 hari orex pundak gue berasa bgt😭😭😭😭
@narsisuskuning,2024-08-08 06:14,jamput onok ae wong nyocot ngene. mpkmb gak segoblok iku yo cok
@taikbabu,2024-08-08 05:47,ga kerasa MPKMB dah kelar aja coiii
@glorievs,2024-08-08 05:44,sumpah selama mpkmb kayanya aku clumsy banget… berkali kali hampir jatoh atauga nyusruk ke orang😭😭😭😭
@nizuscore,2024-08-08 05:43,pcd after mpkmb bjirrrr mau lagi tp kagak kuat kakiku ia 😞😞😞😞
@dysastars,2024-08-08 05:40,SUMPAHH MPKMB TAUN INI KEREN BNGTT?!!
@chenleipb,2024-08-08 05:35,emg muka q sekucel itu ya abis mpkmb😭😭
@fleyura,2024-08-08 05:32,mpkmb kemarinn😭😭😭
@yolaviense,2024-08-08 05:17,"ga usah kuliah bole, mpkmb aja😥"
@blubrryblue,2024-08-08 05:02,mau mpkmb lagi tapi jangan ada tugas dan marah marah😔😔😔
@bbininoiscute,2024-08-08 04:44,Emng sekasihan itu kahh muka abis mpkmb😭😭😭
@tehmaniskrimer,2024-08-08 04:36,dari mpkmb kmrn gua tau kalo gua ga setakut itu buat ngobrol sama orang baru tapi AGAK MALU KALO GUANYA BACOT SENDIRI
@sug4rbabyy_,2024-08-08 04:35,kasta mpkmb 61✨️
@heyychannnie,2024-08-08 04:30,"gue nyesel karna ga nyiapin gift buat temen temen sama pjk dan panitia lain dari h-1 mpkmb, gue kira mpkmb day 1 tuh beneran balik sore makanya kek ""ah gampang tar aja pas balik"" GATAU NYA BUSET KAYA KERJA RODI berangkat gelap pulang gelap 😔😔😔"
@meandpeeps,2024-08-08 04:28,ANAK JMP 61 MPKMB GAPAKE CIPUT TERUS NGIDE PAKE TISU
@0308radio,2024-08-08 04:21,itu pake sop kampus/sop mpkmb??
@flowiela,2024-08-08 04:19,agak kaget sebenernya waktu liat kakak komdis yg ga pernah berekspresi (yg kukira galak beneran KWKW) tiba2 pas selesai mpkmb diajak selfie sm maba posenya lope2 sambil senyum lebar
@amorrozs,2024-08-08 04:12,"update after MPKMB IPB 61 DAY 2.
lagi lagi dikasih kejutan Chandra Liow jdi speaker seminar, teater kisah semesta day2 jga pecahhh bgtt, bikin gua sadar klau sekarang posisi gua sebagai mahasiswa harus turut andil buat masyarakat"
@vidibermain,2024-08-08 04:02,bingung pls.... udah hari ketiga mpkmb 😭😭
@aissyyyaipibi,2024-08-08 03:39,"pengen jd panitia mpkmb 62 bisa gk ya, kalo gabisa yauda gapapa😭😔✋🏻"
@fysmhh,2024-08-08 03:36,gua yg mpkmb cuman 2 hari aja badan udh kek copot semua rasanya apakah yg 5 hari yaa
@just_miin,2024-08-08 03:15,"Liat MPKMB angkatan 61 kemudian tersadar, gw diposisi mereka 10 tahun lalu yaaa....."
@yanstudytwt,2024-08-08 03:03,"When u as school of business IPB student :
•MPKMB fakultas naik bis ke Bogor kota
•Dapet konsum di fakultas
•Dapet merch
•Keliling gedung hotel"
@salvatoresfairy,2024-08-08 02:36,"SUMPAHH BENER BGT. Udh kucel lesu, sakit pinggang. Tapi seru ko mpkmb nya minus tidur aja"
@peetrichors,2024-08-08 02:31,ayo ikut mpkmb lagi hihi
@temennyaplutooo,2024-08-08 02:29,"Omaygaattt gue gamau mpkmb udahan, soalnya abis ini lpj an 😔"
@tasmoniaa,2024-08-08 02:29,jadi pjk mpkmb lagi🥺🥺🥺🥺
@yoolbbpp,2024-08-08 01:48,mpkmb ya allah gue tahun berapa ya itu
@ciggaretesnt_,2024-08-08 01:28,"wowww day 3 mpkmb yh inii, semangat smingit lov 🫠"
@pipiah_,2024-08-08 01:14,"emang ngangenin bangett sii kakk, klo mpkmb trs bisa ga sii"
@meandpeeps,2024-08-08 01:04,kangen mpkmb
@inginalmetbiru,2024-08-08 00:59,"Duh selesai banget MPKMB ini anjir, aku uda bisa tidur dengan puas tanpa kepikiran takut besok telat uhuyyy 🤩🤩"
@fleyura,2024-08-08 00:54,"menamatkan gim mpkmb ngok,, saatny balik ke habitat asal alias jkt"
@maunan14,2024-08-08 00:39,"auditorium FEM daritadi muterin Hivi!, apa jangan jangan last day MPKMB 61 konsernya Hivi!🤔🤔🤔"
@lovingssoo,2024-08-08 00:27,"MPKMB 😊🙏🏻😁😵‍💫🔥🤠😎🤯💘
OREX 🥰😍😘🥳🤗🤩❤️‍🔥💐🌷💗"
@pipiah_,2024-08-08 00:25,"soalnya bkn mpkmb cmn ormawa expo, tpi masuk ke rangkaian acara mpkmb"
@shevakamila,2024-08-08 00:24,"MPKMB acaranya gokil bgt, salut buat semua kk panitianya. MEREKA CAPE TP TTP PROFESSIONAL BGT??? Selamat istirahat ya kak, acaranya bagus bgt👍"
@bluep4per,2024-08-08 00:07,"Aku tiap hari pulang jam 9 malem ka😭 trs jam 3 udh harus siap"" mpkmb lagi😭"
@cheyiue,2024-08-08 00:03,"udh nemu bbrp org yg cinlok di mpkmb, kok iso gitu wkwkw tp kita tim anti cinlok 🙋🏻‍♀️"
@yourlullabies_,2024-08-07 23:59,seruu bangett twit ttg mpkmb 61 sering lewat di timeline gua
@kerlabu,2024-08-07 23:54,Aku mau daftar habis mpkmb
@sipalingunyu,2024-08-07 23:45,pesona kasta mpkmb 61‼️
@rickyuph,2024-08-07 23:31,gw udah ga berak dari hari pertama mpkmb anjir
@blepnel,2024-08-07 23:27,gila ngantuknya first meet gaada tandingannya ama mpkmb sama orex
@keballukabakar,2024-08-07 23:12,"Ga bisa berkata"" Gua, SERU BANGET COKKKK. 
MPKMB✅🅿️"
@zwvorz,2024-08-07 22:44,gabisa bkin update mpkmb day 3.... terpisah dr nararya 💔💔💔
@bobatiramisyu,2024-08-07 22:11,"Waktu MPKMB sering bgtt foto gini, lagi baris, lagi rekor, lagi duduk di gww kayak foto” sama maba lain yg gakenal. Tapi akhirnya sekarang cuma jadi penghias following IG aja karna sejarang ketemu itu, pada beda fakultas 🥲"
@zahrapepesikan,2024-08-07 20:37,karena mpkmb aku udah dua minggu lebih gk main proseka ataupun idv... ooooohhhh all the missed events and crystals/frags... genshin mah dh bodo amat sih
@JoGotDatWRizz,2024-08-07 19:32,kelar mpkmb mo tidur seminggu
@jhoajjang,2024-08-07 19:23,"7 habits, pmb, dan tugas mpkmb 💀💀💀"
@chstudis,2024-08-07 19:16,panit mpkmb 61 jgn lupa istirahat kata gua...
@a5zaraccoon,2024-08-07 19:04,@pieiku AKHIRNY YH sm djamed mpkmb
@wswanlady,2024-08-07 18:58,"Buka first account instagram emng nyari penyakit, soalnya timbul rasa iri kalau ada yg post twibbon MPKMB IPB atau OKK UI."
@wirangga22,2024-08-07 18:21,"MPKMB DAY 1: Thanks for influencing us Mba Nana, Putri Tanjung, Mas Haidhar, Cinta Laura. 🙌"
@Oopioow,2024-08-07 17:37,"antum beres mpkmb kan capek yh, gk tega mw ajak"
@mooozzarella,2024-08-07 17:15,wkwkwk seleksi buat jadi panitia mpkmb itu ketat banget.
@sunsetdayone_,2024-08-07 16:48,"gue kgn mpkmb deh, apa kita nyamar jadi 61 aj,,,,"
@greenteezh,2024-08-07 16:47,"liatnya pada seru banget dah yang mpkmb offline, gwe juga pengen ngerasain euphoria-nya bjir 😞"
@zrklrr,2024-08-07 16:34,Gua habis mpkmb td ke @choibama
@zarelkhairi,2024-08-07 16:32,janji gk cinlok di mpkmb
@elnnoidt,2024-08-07 16:22,"RESPECT, KEREN BGT KALIAN @MPKMB_IPB"
@syluuss,2024-08-07 16:19,Melihat mpkmb ipb sv aku sedih wkwkw🥲 haha...haha...haha....🥲
@dyjnnie,2024-08-07 16:13,Km pasti gatau aku pernah maju ke panggung pas mpkmb day 1🤗
@kongsirokok,2024-08-07 16:12,Mules bayangin stage closing mpkmb
@nadoraraa,2024-08-07 16:09,"Seruuu, terimakasih kepada kakak kakak panitia mpkmb dan semua jajarannya lopp banyak banyakk sehat sehat semuanya🫶🏻✨"
@av0cadomatch4,2024-08-07 16:07,dia mau cari cewe cakep mumpung lagi mpkmb
@fleyura,2024-08-07 16:00,sumpah cape bgt gue nyesel daftar orex kalo ternyata gue se drop ini pasca mpkmb
@wishkeyyshey,2024-08-07 15:52,mpkmb day 2 serunyo #IPBinDiversity
@katshyck,2024-08-07 15:51,"nangis karena apa? karena ngeliat kakak-kakak panitia pelukan setelah acara selesai.. pasti perasaannya lega bgt karena bisa menamatkan game kepanitiaan ini.. you're guys so really kind, sweet n cute🤏 WE LOVE U SO MUCH PANITIA MPKMB SV IPB 61.

#IPBinDiversity"
@Imiijinno,2024-08-07 15:49,"Siapaa yang punya catetan mpkmb day 2

Aku gak ngerekam, jadi agak lupa lupa🥹🥹🥹"
@manggowish,2024-08-07 15:43,"KAYAK?! INI UDAHAN? ANJING GUE GAMAU PLS MPKMB SEBULAN GAK!! buat kk2 pjk i want to say that u are so so si fucking bestt, the best thing everrr, kayak? coy mikir ga si ngtur puluhan orang dgn raut muka ceria pdhl dlm hati misuh2 krn pd gmw diatur, tp mereka ttp ceria?!"
@youandiwecanfl9,2024-08-07 15:42,IYAKAN PLSS???keknya aku bakal gamon MPKMB anjir.. semua kakanya baik bangettt :((((
@axapenghunimars,2024-08-07 15:41,"thank you, untuk pemerannya di seleksi sebelum mpkmb mulai sudah ada oprec nya nanti😉"
@inigajendraa,2024-08-07 15:39,"Candra Liow di IPB?? soo gimana perasaannya setelah melewati day 2 MPKMB 61
teruntuk perasaan yang terpendam, luka yang jauh di dalam dan hal hal lainnya yang tak sempat tuk di ucapkan ☺️
jadii tunggu apa lagi? silahkan mengisi tautan ini yaa
padlet.com/bimantaragajendra…

#MPKMBIPB61"
@MINSUNGlST,2024-08-07 15:38,"boleh gak mpkmb sebulan? bagian closingan nya aja tp yah, no materi dan tugasnya😊💘"
@safiranger,2024-08-07 15:37,Gacor bgt euy mpkmb sv taun sekarang. Keren semuaaaa gilakkk. Guesstarnya jugaa bjirr. Konsumsi apalagi tiap hari dikasih ampe 5 kotak
@youandiwecanfl9,2024-08-07 15:36,"SUMPAAH YAA MPKMB IPB 61 SE SERU ITU COYY?!?!IYA SI CAPE TP CAPENYA TERBAYARKAN SAMA KERENNYAAAA PLS PLSSS, shout out to kaka panitia yang udah cape nyiapin untuk kita huhuhu😭😭🤏🏻🤏🏻🤏🏻🤏🏻💖💖💖💖💚💚💚"
@breezingbloom,2024-08-07 15:34,efek samping mpkmb
@kwaokissleeping,2024-08-07 15:29,"Dua hari ini duduk terus sih, tapi duduk di lantai pegel juga :'). Sesi pagi tu duduknya sekitar 5 jam dengan keadaan tas dipangku (ranselku rasanya berat wkw). Bisa dimengerti sih, soalnya yang ikut MPKMB kan banyak. Jadi yaa meski pembicaranya seru, lama-lama jenuh juga"
@ygmuliaparis,2024-08-07 15:28,"sumpaah kaa tadii masterpiece bgt dari segi apapun, acting kaka juga menjiwai banget, terus hibur kita di penutupan hari mpkmb ka, smangaat"
@axapenghunimars,2024-08-07 15:27,ada oprecnya ko nanti sebelum mpkmb
@thumbbnel,2024-08-07 15:21,gue…. kangen…. mpkmb….. 😔🫵🏼
@ashtomicblast,2024-08-07 15:18,blm mood beberes jiwa gw masih di mpkmb'61
@jaehyungitis,2024-08-07 15:14,ini mpkmb baru 2 hari tp suara gw udh sisa napas doang …… #mantap
@ratuestteao,2024-08-07 15:13,"MPKMB DAY 2 KELAR !!

seneng waktu sesi pagi tu dapet di dalem, tp siangnya aku diluar deket pintu pls mana kepisah sama temenku... ga lupa dengan pegal karena duduk"
@vannotegar25,2024-08-07 14:56,"Thank u temen"" kalian udah mempercayai aku utk menjadi rama kalian🥹 luv u anak anak ku Agniarsa Manohara🫰❤️‍🔥 lastt day mpkmb sv ipb 61 #IPBinDiversity"
@bonfirekiss,2024-08-07 14:53,Iri banyak sama s1 tapi ga mau mpkmb seminggu.. maunya kayak tahun lalu dah
@grafischekunst,2024-08-07 14:48,"semangatt, kan dpt snack nya banyak pas mpkmb😭🙏"
@nominceunah,2024-08-07 14:48,yang lo liat mpkmb nya atau...
@Tomandj76063390,2024-08-07 14:41,"seruuuu bangettt mpkmb hari ke 2
#IPBinDiversity"
@enfjul,2024-08-07 14:41,me rn setelah mpkmb sv ipb
@jijellipebe,2024-08-07 14:39,"kakak"" yg udah ikut mpkmb.... boleh gak sih kalo besok gak ikutan ormawa expo.... badanku udh anget otw demam...... palaku pusing..... kakiku lemas ...... 😭😭😭😭😭😭😭"
@partaer,2024-08-07 14:37,seneng bgt tadi ngeliat yg lain pada fotbar fotbar 🥺🥺🥺 my bad im not trying to make friend in mpkmb......
@dignifiedlady_,2024-08-07 14:37,"Pura pura kenalan sama mutual twt pas mpkmb, tp akny diem diem aj 😋"
@sedangsinau,2024-08-07 14:36,mpkmb tahun ini kenapa seru banget dah😭😭
@jijellipebe,2024-08-07 14:35,GAK KUAT BGT SUMPAH CAPEK BGT ABIS MPKMB
@blubrryblue,2024-08-07 14:33,WKWKWKW KAMERAMEN MPKMB SV CAKEP NIH
@commstood,2024-08-07 14:29,kegiatan pasca mpkmb
@athwete,2024-08-07 14:22,"oke mpkmb sv udah selesai, saatnya besok ke dramagon"
@katshyck,2024-08-07 14:20,mpkmb bisa sebulan gak sih? #IPBinDiversity
@nailulyfe,2024-08-07 14:15,APA LG JINGGLE MPKMB SV IPB WOY! GOKIIIIIIIL🔥
@palsaid20,2024-08-07 14:12,"kelas gw napa kepisah ama temen"" yg udah kenal di mpkmb sihh"
@Maxflurry3,2024-08-07 14:09,"kak kalau suka sama teman sekelompok mpkmb tu normal ga ya? apakah sudah saatnya mengatakan ""jangan ya dek ya"" 😓☝🏻"
@niymooo,2024-08-07 14:09,"update mpkmb besok aj dah w udh sekarat nih, mata udah kaya pake lem korea dari jam 4 subuh😭😭😭😭🙏🏻🙏🏻🙏🏻"
@katshyck,2024-08-07 14:04,orgil mana yang beres last day mpkmb langsung gas gacoan?
@arzghy,2024-08-07 13:59,mukbang abis mpkmb
@lsfhtpgg,2024-08-07 13:57,"senyumnya manis bgt, cinlok mpkmb kah ini?"
@_bunnylatte,2024-08-07 13:52,pulang MPKMB pada skoliosis 🤗 ini tas 10 kilo kita gendong gendong ke gymnasium
@eunwooipb,2024-08-07 13:44,makan nasgor bareng anak kost yg maba IPB after mpkmb sv #IPBinDiversity
@keisaasyr,2024-08-07 13:34,LAST DAY MPKMB SV DAY 2 SERUU BGTT CAPE TP EKJMEKE TP BENERAN GOOD EXPERIENCE BGT HUHU SEDIH
@iniididii,2024-08-07 13:30,resmi menamatkan mpkmb
@zinniaele,2024-08-07 13:29,"gue iri deh mpkmb tahun kemaren sama taun ini gs nya bagus2, pas jaman gua gs nya bupati yg beberapa tahun kemudian kena kasus korupsi awokokwk"
@krabbypattyyums,2024-08-07 13:28,"mpkmb sv ipb, i don't know how to say TAPI GUA NANGIS KARNA CUMA 2 HARI?!!! hati gua sakit bangetttt, harusnya seminggu juga, bareng bareng sama kakak pjk dari tanggal 15 juli baru ketemu dia hari ini terus UDAHAN?!! SEDIHH.... NANGIS..... MAU NAMBAH LAGI....."
@stabiloveu,2024-08-07 13:24,"iyaa, mungkin karena sebelumnya mpkmb day 1 juga yaa, kita udah lama ga kegiatan full day gtu kann"
@loafyies,2024-08-07 13:19,cape bgt yaallah mpkmb tp seru
@stabiloveu,2024-08-07 13:12,TUH SE KOCAK INI GMNA AKU GA PENGEN MPKMB NYAMPE SETAHUN COBA😔😔 PENGEN BGT LAH
@imsweethoneyy,2024-08-07 13:09,"Pas msi di rumah paling cuma jalan 500 an step, after mpkmb jadi 8000 an wkwkwkwk😭"
@palsaid20,2024-08-07 13:06,"mpkmb sv ipb 61 telah tamat.
#IPBinDiversity"
@cherrywaffle__,2024-08-07 13:06,"yaAllah kakak” ipb baik bener semuanya tiap hari mpkmb at the end of the day pasti nanyain gimana hari inii😭, di grup fakultas, departemen, omda bahkan grup komunitas muslim😭🫶🏻🫶🏻🫶🏻 ailofyu kakak” ipb semuaaaa"
@zahrapepesikan,2024-08-07 13:00,kenapa ya pas mpkmb ga secape waktu pra-mpkmb? 😭
@dailylifeofdsty,2024-08-07 12:57,bismillahirrahmanirrahim besok mpkmb day 3🌳🌳🌳
@Wilsyad1,2024-08-07 12:51,"hari kedua ini capenya kerasa juga ya
entah kenapa? mungkin karena ngga siap sama penjelasan dari profesor terkait kuliah ya..... (belom siap kuliah) 
tapi terbayarkan dengan datangnya sang maestro yt rewind

untuk anak 61 ceritain dong kalo versi kalian gimana untuk H2 MPKMB"
@peachymbis,2024-08-07 12:50,sedih dah udh kelar mpkmb 🥹🥹
@clyonomist,2024-08-07 12:50,Kata gw fokus mpkmb dulu 😁😁😁🫵 tp movie anime klo di xxi tayang sbentar doang
@psycholgurl,2024-08-07 12:48,Tadi pada lucu amay fotbar last day mpkmb sama pacarnya 🥹🫰🏻
@H3YDEE_,2024-08-07 12:47,2 hari mpkmb gua lgsg ga bisa duduk lama lama
@akuraditt,2024-08-07 12:46,"Istirahat, besok g mpkmb kan?"
@rottenpeanutt,2024-08-07 12:44,sampah banget ucapan dukanya malah dikit & nerusin ke mpkmb
@j4sminesites,2024-08-07 12:43,"i love u tuk semua kakak kakak yg terlibat di mpkmb 61, kalian keren bingitz! jangan lupa istirahat yaahh"
@dumpieenaaa,2024-08-07 12:43,"Kalo ngga salah penugasan mpkmb ini masuk ke sistem sks kak, jadi mereka harus effort yang lebih juga supaya ip/ipk kedepannya nanti bisa tinggi"
@zwvorz,2024-08-07 12:41,"makasih MPKMB IPB, 17 taun hidup ak baru ketemu artis berkat km"
@i_m_v1k1,2024-08-07 12:40,TAPI TUGAS-TUGAS MPKMB NYAA ENGGAAAAAAAAAA
@dumpieenaaa,2024-08-07 12:39,"Kayaknya udah kak, aku ngga baca detail segitu banyaknya di guide book mereka 
Tapi maba 61 udah mulai ada pra mpkmb sekitar 2 minggu yang lalu
Faktor psikis juga bisa 😔
Semoga semua amal ibadah beliau diterima & keluarganya diberi kelapangan dada 🥀"
@_telordadarkeju,2024-08-07 12:37,"O anjir- aku ga terlalu mantengin menfess sama anak 61.

Tapi di buku penugasannya udah termasuk pra mpkmb, mpkmb, sama pasca mpkmb nggak? Tapi iya banyak apalagi kalian pergi shubuh pulang sore."
@suka2guabebas,2024-08-07 12:36,Anjir udah mulai mpkmb lagi aja
@coconatir,2024-08-07 12:35,tahun depan gue mau jadi panit mpkmb 62
@metodologig,2024-08-07 12:35,catering mpkmb plis stop the tempe thingy...aku mulai mual makan tempe...
@CaPlagioclase,2024-08-07 12:34,"maaf, emang okk pernah bagus? kadang iri bgt sama pionir/mpkmb/rabraw bisa seseru itu"
@thisisveel,2024-08-07 12:33,"shout out untuk semua kakak2 panitia yang udah berkontribusi untuk mpkmb sv ipb  61 iniiii, JUJUR KERENN BGTTT WOYYY🤩 #IPBinDiversity"
@_telordadarkeju,2024-08-07 12:30,"Apalagi MPKMB kan dari shubuh sampe siang kan, capek fisik bisa ngaruh ke mental (gw aja kuliah pagi sore + laprak juga capek fisik mental) 

Tidak menutup kemungkinan dia stres karena penugasan (pasti stres sih), cuma kalo penugasannya separah itu, harusnya udah rame-"
@cherrywaffle__,2024-08-07 12:29,eh guest star mpkmb jangan ada bocoran plis biar kagetnya kerasa😭
@naruhiiko,2024-08-07 12:26,Berhasil menamatkan gim mpkmb sv ipb dengan FULL DALAM GYMNASIUM😋😋😋 MAHITALA I LOEV YOU 😚😚🌏💚
@adenurhaeni055,2024-08-07 12:26,pecah banget siii mpkmb sv ipb 61🤩
@seulgiipb,2024-08-07 12:25,"selesai MPKMB mau pulang ke depok, gamau balik bogor lagi... energinya udah kekuras banyak BANGET!!!!"
@AinayaaNurul,2024-08-07 12:24,"ignore muka ku yg kucel abiss dan suara nyahh☺ SERU ABIS MPKMB SV IPB 61 maaf terlihat nora soalnya emng ga pernah konser, walaupun bukan konser si ini"
@blueisbbin,2024-08-07 12:24,"Mpkmb 61 sv ipb akhirnya kelarrrr (jgn lupa weh tugas aksanya sama yg batch 2 besok 7 habits)
Sayangg bgt sama kakak2 pjk, medis, dan kakak2 komdis. Makasiii kerja kerasnya ya kak, jan lupa istirahat jgn sampe sakit dann buat kak Azizul dan temen2 Agniarsa Ananta makasii banyakkk"
@rezonaldoo_,2024-08-07 12:22,masih digempur pasca mpkmb gasih
@tasmoniaa,2024-08-07 12:22,bjir ke klinik isinya bocahan mpkmb minta surat sakit
@xchiggarates,2024-08-07 12:20,"armada anahita sama dhinakara gabole masuk gymnas kak:( 2 hari berturut"" kami gaikut konser ceunahhh. tapi yang ini sedih bgttt selebrasi pake confetti ituuu part mpkmb yang paling aku tunggu, pengen ngerasain yang ada di konten tiktok juga:("
@robotdiesel,2024-08-07 12:19,61 udah mau lulus mpkmb kmu msih perawan??
@mylouvey,2024-08-07 12:16,love bangett sama panitia mpkmb sv😍
@vannotegar25,2024-08-07 12:14,Bersama MC Day 2 MPKMB SV IPB University✨ bang ammar🤩 #IPBinDiversity
@0308radio,2024-08-07 12:12,aku bakal kangen mpkmb HUFT #IPBinDiversity
@cheyiue,2024-08-07 12:11,panit mpkmb baikkk bgt  dimanjain betulll. Ketoilet aja ditemenin 😤😤😤😤🔥🔥🔥🔥
@lazueli,2024-08-07 12:07,WOY TADI LUPA BILANG GA PEDES... dipakein saos katsu aku DO'AKAN BESOK KUAT MPKMB
@mzzrke,2024-08-07 12:07,mpkmb bikin dompet tipis
@AinayaaNurul,2024-08-07 12:07,"✨REVIEW KONSUM MPKMB SV IPB DAY 2✨

1. first snack 10/10 mirip kyk kemarin walaupun msh dominan coklat tp ad keju 😍🥰
2. lunch 10/10 ayamnya empuk sekalih,kremesanny asin top sambelny jg pedes poul cocok bwt yg sk pedes
3. 8/10 sedih risolny diganti kue dan lg2 roti coklath😭"
@cimolbelajar,2024-08-07 12:06,"eh kenapa ada yg bookmark foto monyet sama selfie aku pas mpkmb...

mau dimiripin kah...???"
@axapenghunimars,2024-08-07 12:03,"tahun kemarin aku mpkmb sering di belakang, tahun ini aku ada di depan🥺"
@wedepols,2024-08-07 12:02,GOKILLLL ABIEZZ ANJIR MPKMB DAY-2 AMPE GA MAU PULANG GUE
@yupijupiter,2024-08-07 11:59,masa mpkmb selesai 😔😔 gimana cara move on nya...
@architectuvre,2024-08-07 11:53,ANJRT MASIH MPKMB LG
@bonfirekiss,2024-08-07 11:51,Pulang mpkmb nangis tapi bukan nangis seneng
@nipnif,2024-08-07 11:50,"MPKMB DAY 2🤩🤩🤩
semangat dkit soalnya udh sarapan nasi dlu KKWSKWK😋"
@mndalyaaa,2024-08-07 11:50,pdhl mpkmb ngelatih nti pas mpd mpf yg bahkan lebih2 menakutkan cuy 😁👍🏻
@inihannahh,2024-08-07 11:49,woilahhh selesai mpkmb semua org ter ka bagus ka bagus
@enzgineer,2024-08-07 11:44,semangaat mpkmb nyaa sayaang
@8thdegrees,2024-08-07 11:39,"Demi allah aku sayang bgt sm kakak2 panitia mpkmb sv 😭😭😭😭 makasih udh se baik itu, se friendly itu, se effort itu 🥹 Real ospek berasa dimanjain, have a good rest maba 61 & kakak panitia 💓💓"
@partaer,2024-08-07 11:38,mau juga dong pulang mpkmb dijemput ortu🥺🥺🥺
@bildelrey,2024-08-07 11:33,ngomongin gs mpkmb gue jd penasaran gs-nya addven sb🤔🤔
@labieele,2024-08-07 11:27,"MPKMB SV IPB PECAHHH BANGETT 🥹🫵🏻🫵🏻

LUF LUF SEMUANYAAA💙

#IPBinDiversity"
@anotherhera,2024-08-07 11:21,HAHAHAHAHAHA sehat sehat anak mpkmb
@moneeterz,2024-08-07 11:21,"Hahahaha ilang subuh subuh dari rumah udh kek maba mau mpkmb 😭😭😭 jangan lupa balik adek, cinta tak selamanya indah dek 😭😭😭"
@barabarambis,2024-08-07 11:17,"Itunyh mpkmb ga seserem mpf mpd kli yh,,, 😔😔🤲🤲"
@cherrywaffle__,2024-08-07 11:17,gue ngerasa mpkmb tuh lebih santai daripada pra nya tapi LEBIH CAPE BJIR
@yeellowpretzel,2024-08-07 11:15,Mpkmb day 2 done! Done w eval besar besar an sama komdis🚶🚶
@coupernicium,2024-08-07 11:10,semangat dong kan mpkmb day 3 bsok bos
@mnyhyst,2024-08-07 11:07,"Walau aku g ngelanggar ttp takut ih
😭 Ternyata rasa panik ku menyelamatkan ku di mpkmb karena harus terus cross check sampe 3x SOP ny
Inimah kalau aku ada salah sama siapa aj mau aku mau minta maaf🙏🏻"
@mehagaraaa,2024-08-07 11:02,terhantam mpkmb
@julpaacans,2024-08-07 10:55,"Seru bangt, MPKMB 61 day 1 & 2, ketemu najwa sihab sama cinta kaura.  materi nya daging bangt membekas sampai aku sangat termotivasi, walaupun ak dpt pita merah, tp kita tetep semangat. Dekorasi ny bangus bangtt plis. Keren2 bngt kakak panitia MPKMB 61. ✨️🤩🤩
#IPBinDiversity"
@studyshasha,2024-08-07 10:54,mpkmb sucks anahita diluar pas ada alsa aqila
@17796w,2024-08-07 10:51,stop liatin mpkmb pls yg ada makin gamon
@athwete,2024-08-07 10:46,"klo tau ada alsa, gue gamau pulang duluan td jir dr mpkmb sv"
@tasmoniaa,2024-08-07 10:42,keren bgt panit mpkmb taun ini habis acara masih ada energi utk fotofoto
@zrklrr,2024-08-07 10:37,@ipb_menfess siapa ya ini giest star mpkmb 61 sv ipb
@frellsz,2024-08-07 10:32,"Mpkmb so far keren2 banget narasumbernya, gasabar ama penutupan bakal kyk gimana #IPBinDiversity"
@Imtiyaz3fakhryy,2024-08-07 10:29,"woi adik 61 mpkmb itu bukan cuma buat hiburan aja ya, jgn lupa penugasannya biar bisa di konversi jdi 2 sks nnti👊🏻"
@hashcen,2024-08-07 10:23,"jadi inget day 1 mpkmb ak sakit, otw dari rumah udh mual, jalan dari gerbang ke depan ahn udah lemes. trus ditanya komdis km kenapa tapi pake nada lembut lgsg nangis aku :<"
@Imtiyaz3fakhryy,2024-08-07 10:22,mentalnya harus di kuatin dri semenjak mpkmb 😂
@cherrywaffle__,2024-08-07 10:14,alhamdulillah hari pertama kulyah cm 1 matkul (tkut terbantai abis mpkmb cape poll)
@senn_page,2024-08-07 10:08,ngeliat mpkmb ipb ya Allah.. pengen.. terima aku taun depan ya ipb! harus!
@anindyuu,2024-08-07 09:57,mpkmb ngundang chandraliow ini kocak
@rieyza21,2024-08-07 09:36,"Yesss, i agree man.. gw demen banget ngeliat dia tampil.. i gotta say i'm a fan :D

Asik2 td lagunya, dia jg menang sayembara buat jingle mpkmb tahun ini btw"
@vanquisher77,2024-08-07 09:08,"udah mpkmb 61 aja anjir, 7 taun yang terlalu cepat💔"
@lynestudy,2024-08-07 08:54,akhirny aku bisa memaknai kata kakak2 klo MPKMB itu memorable bngett dn bner2 hal yg pling seruuuu
@isthatdurrr,2024-08-07 08:52,"kenapa jadi ke bogor anj, mau mpkmb lu"
@Lobulariamar_,2024-08-07 08:26,Belum ada konfirmasi udah se enak jidat kaitin sama MPKMB
@jijellipebe,2024-08-07 07:53,EH GOKIL BGT INI YG NYANYI JINGLE MPKMB 61 SV DAHHHH 😍😍😍😍😍
@chasedeadg,2024-08-07 07:49,sooooo? korelasinya mpkmb dengan kasus tersebut apa?
@ponsicassano,2024-08-07 07:43,mpkmb seru bagian perang yel yel doang
@ghysia_k,2024-08-07 07:35,"Kesan: Seru banget apalagi materi dari narasumber sangat bermanfaat
Harapan aku untuk MPKMB harii ini sesi siang adalah datang bintang tamu yang terkenal, seru, ceria dan mendapatkan konsumsi yang melimpah. #IPBinDiversity"
@noyamboya,2024-08-07 07:33,tolong.... ini masi mpkmb...... udah bagi bagi kelas aja..... wml bisa survive.......
@10kkupu2,2024-08-07 07:29,Mpkmb berangkat subuh tuh berawal dari maba yang udah ngga semuanya asrama lagi. Tapi yah keknya bukan gara2 itu deh.
@mingyuipb,2024-08-07 07:28,tbtb menciut aku kira abis mpkmb pulang ke rumah
@iam_chive,2024-08-07 07:26,"Kalo tarik mundur ke 2018, mmg gue akuin masa” mpkmb itu cape bgt sih wkwkw kurang tidur cuy"
@iam_chive,2024-08-07 07:25,Tapi gue liat kmren sponsor mpkmb skrg banyak dan keren” loh dr Paragon group
@dlacorfiles,2024-08-07 07:21,aku berharap semoga MPKMB IPB 61 bisa berjalan lancar dan seru sampai hari terakhir 🤩🤩 #IPBinDiversity
@whiteluxroses,2024-08-07 07:16,"mpkmb memang melelahkan tp pada prosesnya kuliah akan lebih lebih melelahkan  lagi hehehe bitter fact memang tp truth better to be told jadi semangat ya adik adik, mulai belajar diubah mindsetnya dari anak sma jadi mahasiswa🤝🤍"
@aminamow,2024-08-07 07:07,Apa hubungannya ama mpkmb gua tanya?
@callurmiww,2024-08-07 07:04,mpkmb ipb day 2 ada CHANDRA LIOW?! iri berat 👺 pengen ketemu blio dari jaman kelas 4 sd plis 😰👺‼️
@zakien6,2024-08-07 07:02,loh knp langsung nyambungin ke mpkmb
@nearrietty,2024-08-07 07:00,Gue dulu naksir BANGET sama panit MPKMB dan sekarang udah lupa muka orangnya........
@khrzzzzzk_,2024-08-07 06:58,pdhl mpkmb seru. ga espek ada opini gini
@dCinnamoroll,2024-08-07 06:57,mama ku pas aku lupa spill kegiatan selama mpkmb hari ini
@taksekedarabang,2024-08-07 06:56,"mental lu lembek, gatau alesan itu orang suicide pake bawa2 alesan gara2 kumpul mpkmb kepagian"
@ameysiuw,2024-08-07 06:54,mpkmb gsnya banyak bgt buset
@machiacoo,2024-08-07 06:54,kita 1 kos dari mpkmb ya stop amnesia
@CherryPakchi,2024-08-07 06:53,"Hampir setahun yg lalu, terharu bgt liat mab- 61 have fun sama mpkmb nya, betah” ya disini, ipb sering ngadain konser kok"
@vanrachm,2024-08-07 06:46,MAKASIH MPKMB AKU JADI BISA KETEMU CHANDRA LIOW 😭😭😭
@sunsetdayone_,2024-08-07 06:44,anjir narsum mpkmb 61 gacor jir😔😔
@get2know_wawa,2024-08-07 06:39,"gapapa deh gapapa maksi ga hokben ga yoshinoya ga pawon.  worth it soalnya narasumber yg dateng keren keren, makasii mpkmb😇
#IPBinDiversity"
@mmargiella,2024-08-07 06:37,"Najwa Shihab✅
Putri Tanjung✅
Cinta Laura✅
Candra Liow✅

Next ci Shani letsgo, gege mpkmb ipb"
@jajeetl,2024-08-07 06:35,TIBA-TIBA CHANDRA LIOW WOWWW KEREN BANGETT MPKMB 61😭🤩😭😭😭
@zarelkhairi,2024-08-07 06:33,nyadar gak si marka “MPKMB 61” nya kelap kelip kaya keyboard RGB
@urcentauri,2024-08-07 06:33,CHANDRA LIOW ANJIR MPKMB IPB
@dokcing,2024-08-07 06:25,dikiranya gara gara mpkmb kali ya kocak 😔
@wiwawawiw,2024-08-07 06:10,"MPKMB ngantuk? Lirik mas crush solusinya😌

#IPBinDiversity"
@ygmuliaparis,2024-08-07 06:08,"Alhamdulillah selama mpkmb gizi terpenuhi, bersyukur atas makanan yg ada gais jgn iri sm yg disana

#IPBinDiversity"
@cattoino,2024-08-07 06:02,"""baru jg MPKMB dek, blm kuliah, blm skripsi"" kak doain aja loh orangnya udah ngga ada.."
@99jpgs,2024-08-07 06:02,knp mpkmb anak 60 61 terlihat seru
@dontyousyme,2024-08-07 05:56,#IPBinDiversity MPKMB 61!!! seruuu banget🫠🫠🫰 tengs ak makin cinta ekw🐸🐍🌞
@kiw0ahaha,2024-08-07 05:46,duh elah apkah tahun depan ak jadi panitia mpkmb aj?
@s5olitude,2024-08-07 05:45,"sumpaah layout mpkmb 61 kali ini CAKEP BGTTTT shout out to all panitia, kalian keren bgttttt 🥺🥺🫵🫵"
@naruhiiko,2024-08-07 05:42,Wdym tgl 12 msup kuliah bukannya kt libur sebulan dlu abis mpkmb?
@Rainwhispererr,2024-08-07 05:41,"Damn mana masi maba, kalo bener gara gara penugasan mpkmb emang ga logis sih penugasannya kek jongos, apalagi yang offline"
@naruhiiko,2024-08-07 05:36,Enak bgt mpkmb full di dalem terus gw #alhamdulillah
@ririfebriiii,2024-08-07 05:34,"selalu sarapan holland selama MPKMB ini 😋😋😋  ((wlpn ak gasuka roti))
#IPBinDiversity"
@ichwan_ernanda,2024-08-07 05:28,Tolong sebelum memberikan opini dicari tau dulu kasusnya secara jelas. Dimana ditemukan jasad berjenis kelamin laki-laki yang diduga telah gantung diri atau bunuh diri di homestay Dramaga. Kenapa malah ngehubungin dengan MPKMB mulai dari pagi? udah dari tahun ke tahun.
@pinkerbelle,2024-08-07 05:24,Skrg udh pas mpkmb ga asrama lagi ya(?)
@taeoxo_jhnyslla,2024-08-07 05:20,GILAAAK! PECAH SIH MPKMB 61 SV IPB UNIVERSITY literally kek SERUUU BGT CUY???!!?! 🤩🔥 #IPBinDiversity
@aacipaa,2024-08-07 04:59,MPKMB SV IPB DAY 2💙 ~ Narapati Bimantara~ #IPBinDiversity
@essytyping,2024-08-07 04:56,"MPKMB DAY 2 , adem bgt depan kipas hari ini #IPBinDiversity"
@jakiyaay,2024-08-07 04:51,TADI PAS MPKMB AWOAKWOK
@yanstudytwt,2024-08-07 04:49,"Konsum day 2 MPKMB : HokBen (Mimpi)

Mengiri sama anak vokasi😤☝️"
@ariizabalaga01,2024-08-07 04:38,mpkmb 60 mpkmb 61 almet ipb mungkin bakal terus jadi khayalan urang
@aneversez,2024-08-07 04:35,perasaan gue di sesi pagi mpkmb day 2 :
@nanadelaide,2024-08-07 04:24,Aku berharapa mpkmb 61 lancar selaluuu hingga akhir #IPBinDiversity
@nisaajia,2024-08-07 04:18,"#IPBinDiversity 
OMG MPKMB SV IPB seruu bgtt apalagi pas adu yel-yel per armada👊🤩"
@Haibarha,2024-08-07 04:17,#IPBinDiversity MPKMB SV IPB day 2
@jiseokbogor,2024-08-07 04:16,MPKMB GACOR ily pak rektor <3 (btw apakah ada yg maw stiker? 😋) #IPBinDiversity
@CestLaReves,2024-08-07 04:16,"MEMANG????????
boonk panitia mpkmb lopyu sekebon ini sangat seru dan menghibur"
@studynotezyy,2024-08-07 04:15,"Day 2 MPKMB SV IPB University seruu bangeett pliss, akhirnya bisa liat jurusan sayangku gizi😍😍
#NarapatiBimantara
#IPBinDiversity"
@crowuds,2024-08-07 04:13,"IPB UNDANG JUICY LUICY PAS HARI TERAKHIR MPKMB DONG
#IPBinDiversity"
@AngelinaM22548,2024-08-07 04:10,"Semoga MPKMB hari ini bisa lebih seru dari yang kemaren, amin.... 
#IPBinDiversity"
@nattadeqoqo,2024-08-07 04:09,"semoga sehat selaluu, badan fresh teruss selama mengikuti rangkaian MPKMB #IPBinDiversity"
@grazzzeeeee,2024-08-07 04:07,TAKUT GABISA MOVE ON DARI MPKMB IPB 61 DEH #IPBinDiversity
@serephalite,2024-08-07 04:07,semoga semua panitia mpkmb dan ak bisa istirahat cukup setiap hari 🫰 #IPBinDiversity
@metaverrsse,2024-08-07 04:06,"semoga gak jadi kiamat kita last day mpkmb
#IPBInDiversity"
@maunan14,2024-08-07 04:06,Semoga dimudahkan hingga hari akhir MPKMB dan last day MPKMB yang isi konsernya ada Sal Priadi #IPBinDiversity
@NvRezd,2024-08-07 04:06,"Hari pertama mpkmb dapet keberuntungan bisa satu panggung bareng cinta laura pakai bahasa Inggris huhuhu, 

#IPBDiversity"
@xxjuwwwaaaxx,2024-08-07 04:05,akhirnya araa ikut mpkmb
@overallovt,2024-08-07 04:03,"MPKMB DAY 2, Bertemu Rektor IPB tercintaa💙💙 #IPBDiversity"
@youandiwecanfl9,2024-08-07 04:03,KAK EMG MUKA KITA SE KASIAN ITU YA😭😭😭 TP MPKMB SERU walau cape dikit💔💔
@HilmaNadhira,2024-08-07 04:02,"Kesan pesan selama MPKMB
KESAN : untuk keterima menjadi mahasiswa IPB sangat tidak di sangka, impian yang tidak di harapkan tetapi sangat bersyukur sudah keterima karena impian orang tua juga. Jadi kesan ku mengikuti MPKMB IPB 61 ini sangat mengesankan sekali.

PESAN : nnt lbh👍"
@2ndlifee,2024-08-07 04:02,#IPBInDiversity HARI INI MPKMB NYA KETEMU BAPAK REKTOOOR 😆
@preciousrrr,2024-08-07 04:01,Seru banget Day 2 MPKMB!!! #IPBinDiversity
@accounrendom,2024-08-07 04:01,"SEMOGAA ACARA MPKMB 61 INII YG TERBAIK DARI SEMUA ACARA MPKMB SEBELUMNYA 

#IPBinDiversity"
@nissychn_,2024-08-07 04:01,plss jadiin juicy luicy guest star di closingan mpkmb #IPBinDiversity
@lovsjw,2024-08-07 04:01,Mpkmb tugasnya banyak tp enjoy hehe
@dill_study,2024-08-07 04:01,harapan aku buat mpkmb ipb 61 adalah ngundang jkt48 buat konser di day 5 #IPBinDiversity
@accounrendom,2024-08-07 04:01,"Bisa dapet kursi nyaman di acara mpkmb pls
#IPBinDiversity"
@SyahhNad,2024-08-07 04:01,"Acaranya seruu, semoga kedepannya MPKMB semakin seru  Dan semoga saya kedepannya bisa mengikuti berbagai organisasi, mendapatkan IPK minimal 3.7, Dan mengikuti student exchange #IPBinDiversity"
@dorijinko,2024-08-07 04:01,smg kita smw ga kecapean dan bisa ikut terus kegiatan mpkmb iy 💙 #IPBinDiversity
@grapestra,2024-08-07 04:00,"SEMOGA KEDEPAN NYA MPKMB 61 LANCARRRRR
#IPBinDiversity"
@fairyfountaain,2024-08-07 04:00,"semoga mpkmb hari iniii semua oranggg banyak senangnyaa, have a nicee day narapati bimantara🫶🏻 #IPBinDiversity"
@perawatikan,2024-08-07 04:00,"MPKMB IPB 61 Hari Kedua seruu bangett, semoga ipk aku 4 🤩🙏🏻
#IPBinDiversity"
@nullismee,2024-08-07 04:00,"MPKMB IPB gachorr wak, kapan lagi punya rektor bisa ngonser 🎸🎸🔥🔥

#IPBinDiversity"
@ur_uwon,2024-08-07 04:00,"semoga ga perlu nahan pipis selama rangkaian mpkmb
#IPBinDiversity"
@talanasya279,2024-08-07 04:00,"SERU BANGETTT MPKMB IPB 61, Semoga setiap hari nya makin seru lagiiii #IPBinDiversity"
@honeyshtud,2024-08-07 04:00,MPKMB SERU BANGET PLSS! BARU DUA HARI PADAHAL 😭😭😭 #IPBinDiversity
@nnaazzhhii,2024-08-07 04:00,MPKMB IPB terlalu gacor #IPBinDiversity
@deliana_sintia,2024-08-07 04:00,"Day 2 MPKMB IPB 61 SERUUUUU ABIIIIISSSS🤩

#IPBinDiversity"
@arifbooyah,2024-08-07 04:00,semoga mpkmb ipb lancar terus sampai hari terakhir!! #IPBinDiversity
@nsalmaa12,2024-08-07 04:00,"Semoga mpkmb 61 lancar sampai hari akhir dan menjadi ajang persatuan membentuk sebuah keluarga besar, aamiin…
#IPBinDiversity"
@dvnnbl,2024-08-07 04:00,"mpkmb ipb day 2 ga kalah seru sama mpkmb ipb day 1, semoga mpkmb ipb dapat berjalan dengan lancar sampai akhir nanti 
#IPBinDiversity"
@ourhappinessss_,2024-08-07 04:00,"Harapanku untuk mpkmb ipb, semoga mpkmb berjalan dengan lancar ,aku bisa menjalani kegiatan mpkmb dengan sehat dan bahagia
#IPBinDiversity"
@yaraawho,2024-08-07 04:00,"#IPBindiversiry
tetep pantau bursa saham Asia yang rebound hari ini walau lagi MPKMB"
@Noved23_,2024-08-07 03:59,"Seru banget sumpah MPKMB, meskipun capek tp egkpp #IPBinDiversity"
@snowydropie,2024-08-07 03:59,Harapan aku untuk MPKMB 61 semoga bisa sukses terus dan bisa ngundang guest star yang keren keren lagii😍❤️ #IPBinDiversity
@lumierelenathea,2024-08-07 03:59,"Semoga MPKMB IPB bisa jauh lebih seru, semoga guest starnya nnti asik asik dan semoga makan siangnya hokben, hehe 

#IPBinDiversity"
@sweetiepyy_,2024-08-07 03:59,mpkmb day 1 day 2 seru bangett😎🤎 #IPBInDiversity
@summer_plump,2024-08-07 03:59,"semoga bisa lalui mpkmb dengan baikk,semoga hari terakhir mpkmb bakal lebih seru dari hari hari sebelumnyaa..
#IPBinDiversity"
@xlxxcix,2024-08-07 03:59,"#IPBinDiversity
Semoga mpkmb ipb bisa membentuk aku jadi murid yang lebih bersungguh sungguh dalam mewujudkan kemajuan dan kesejahteraan"
@lalamarifah,2024-08-07 03:59,"Semoga MPKMB hari ini bisa berjalan lancar dan bintang tamunya nambah keren😌😌
#IPBinDiversity"
@Itstan19001469,2024-08-07 03:59,Mogaa mpkmb taun ini jadi  paling berkesannn #IPBinDiversity
@sapwwann,2024-08-07 03:59,"YA ALLAH SEMOGA LAST DAY MPKMB IPB NGUNDANG TULUS ATAU HIVI
#IPBINDIVERSITY"
@itsmeayu192,2024-08-07 03:59,"harapan aku hari ini dan kedepannya untuk mpkmb IPB semoga semua rangkaian acara berjalan lancar dan bisa jadi mahasiswa berprestasi di ipb nantinya 

#IPBinDiversity"
@bckberner,2024-08-07 03:59,MPKMB IPB day 2 keren banget ada pak rektor kita yg sangat kiyowokkkk
@vand0urs,2024-08-07 03:59,"#IPBinDiversity
Asik² MPKMB DAY 2👉🏼👈🏼✨️"
@coupernicium,2024-08-07 03:58,harapanku untuk MPKMB 61 untuk semuanya selalu sehat dan lancar dan MAKIN BANYAK KESERUAN BARENG SOBAT NARAAAA!😍🙌🏻 #IPBinDiversity
@jennoouui,2024-08-07 03:58,semangat semuanyaaaa semoga lancar sampe MPKMB IPB hari terakhirrrrr 🤩🙌🏻🙌🏻 #IPBinDiversity
@herofmi,2024-08-07 03:58,semoga mpkmb yang seru banget ini cepet selesai #IPBinDiversity
@starryshineey,2024-08-07 03:58,gg panit mpkmb
@vniihr,2024-08-07 03:58,"Awal mula kesuksesan! MPKMB IPB KEREN

#IPBnDiversity"
@bluebeccies,2024-08-07 03:58,"semoga mpkmb ipb tahun ini bisa ngundang one direction di closing nya, aamiin #IPBinDiversity"
@fairyfountaain,2024-08-07 03:58,doaku di mpkmb hari iniiii PLZZZZZ SEMOGA SINYAL BANGUSSS DONK😊😊😊😊😊😊😊😊😊 #IPBinDiversity
@lyvzuu,2024-08-07 03:58,semoga mpkmb hari ini pulang cepet & ada guest star yg WOW lagi #IPBinDiversity
@kiyowochuu,2024-08-07 03:58,"Pengen foto sama maskot MPKMB 61 😫
#IPBinDiversity"
@mpkmbsv_ipb,2024-08-07 03:58,"[CHALLENGE VIDEO MPKMB 61 SV IPB DAY 2]

Ada challenge buat sobat Narapati Bimantara dengan cara mengupload video dengan durasi 90 detik yang berisikan keberagaman dan keindahan di IPB. Dan yang pasti bakal ada hadiahnya loh!!!🤩

Jangan lupa cantumkan tagar #IPBinDiversity"
@kwangyaplace,2024-08-07 03:58,MPKMB 61 SERU BANGETTT!!! semoga bisa ikut semua rangkaiannya sampe selesai😍 kalo bisa nambah guest star undang rc😝 #IPBinDiversity
@winajnt,2024-08-07 03:58,"Semoga MPKMB hari ini berkesan dan bisa diterapkan materinya dikehidupan pribadi
#IPBinDiversity"
@yessshhaaaa,2024-08-07 03:58,semangat mpkmb guyss #IPBinDiversity
@renjunhinjoon,2024-08-07 03:58,"semoga dapet hadiah dari mpkmb aowkaoakaoak
#IPBinDiversity"
@dakaizenn,2024-08-07 03:58,"semoga mpkmb 61 lancar, sukses sampai akhirr!! #IPBinDiversity"
@rizkyyaambis,2024-08-07 03:58,MPKMB SUPER SERU DAN SEMOGA KITA SEHAT SELALU 🏹💚 #IPBinDiversity
@Bobyyq123299,2024-08-07 03:58,MPKMB datengin Blackpink dong aminn #IPBinDiversity
@rispariss06,2024-08-07 03:58,"semoga windah dtng ke mpkmb ipb
#IPBinDiversity"
@Tralilitrilala,2024-08-07 03:58,Semoga mpkmb IPB 61 ngundang guest star yang seru dan ga bikin bosen #IPBinDiversity
@faaizalz,2024-08-07 03:58,Bismillah MPKMB IPB 61 lancarr tanpa halangan. Sehat selalu #IPBinDiversity
@yanstudytwt,2024-08-07 03:58,"Semoga MPKMB hari ini konsumnya HokBen, narsumnya juga meledak, pokoknya jangan kalah Ama SV IPB dah konsumnya masa hokben

#IPBinDiversity"
@fira11111,2024-08-07 03:58,"semoga dapet snack pas mpkmb 🤗🤗🤗

#IPBinDiveristy"
@Damar_mdhn,2024-08-07 03:58,Semoga di MPKMB ini aku bisa punya teman baru #IPBinDiversity
@artemwxng,2024-08-07 03:58,"plisss semoga selama coolyeah, semua hal terjadi sesuai ekspektasi alias lancar lancar aja termasuk kehidupan rantau 😞😞

p.s.: panit mpkmb semangat!! komdis jan galak galak dong :(
#IPBinDiversity"
@rektoripb,2024-08-07 03:58,"Day 2 - MPKMB IPB '61
#IPBinDiversity"
@haesiesunc,2024-08-07 03:58,semoga hari ini ak bisa mam ayam pawon abis mpkmb #IPBInDiversity
@lovsjw,2024-08-07 03:58,"Semoga hari ini lancar, mpkmb hari inii cepet pulang istirahat. Hope materi hari ini bisa bermanfaat dan bisa bantu aku berkembang 
#IPBinDiversity"
@zwvorz,2024-08-07 03:57,ya Allah semoga konsum MPKMB IPB sarjana dapet hokben juga #IPBinDiversity
@meteorhologi,2024-08-07 03:57,SEMOGA NANTI SORE ADA GUEST STAR / PENAMPILAN YG MENARIK DI MPKMB DAY 2 #IPBinDiversity
@nwdira,2024-08-07 03:57,kalo mpkmb ada fakultas teraktif pasti fema menang
@blueisbbin,2024-08-07 03:57,Ipb nih si paling mpkmb dari jam 4 pagi pulang abis maghrib tapi konsumsi tetap aman #IPBinDiversity
@abcdfghjkliya,2024-08-07 03:51,"mpkmb day 1 kemaren super seru dan CAPEEEEKK POL!!!

#IPBDigdaya
#IPBinDiversity"
@mpkmbsv_ipb,2024-08-07 03:50,Happy to hear that❤️Terima kasih Narapati Bimantara! #IPBinDiversity
@tirajmmm,2024-08-07 03:48,"MPKMB SV IPB PECAHH🔥🔥
Gapapa berangkant gelap pulang gelap yang peting mpkmbnya di ipb
#IPBinDiversity"
@AnisKarisyah,2024-08-07 03:46,"MPKMB DAY 2❤‍🔥
Aku jadi Narapati Bimantara Armadanya Bimantara Anahita, Eh Cewe Barumu Gimana? 
#IPBInDiversity"
@chocoloadd,2024-08-07 03:46,"MPKMB 61 SV IPB University day-2 

liat parade prodi dan ormawa seru bangett dan keren polll😋
bener bener 17in1 ^^
#IPBinDiversity"
@meycika_,2024-08-07 03:46,MPKMB 61 SV IPB h+2 💐🤍 #IPBinDiversity
@then2yyo,2024-08-07 03:46,"Day-1 MPKMB seru banget!!!
#Bersinar terus Armada Dhinakara 
#IPBinDeversity
#Siap Menyinari Mu
#Bersinar Di HatiMu
#Senyum HangatMu"
@bungaimtinan,2024-08-07 03:45,"basis mpkmb day 1 kemarin, superrr duper seru+pecah abiezz ༉‧₊˚📷 ༘ 🖤❀༉‧₊˚.

#menyalaagniarsaku❤️‍🔥
#IPBinDiversity"
@aymoonie4,2024-08-07 03:45,"konsum sejahtera siap menemani mpkmb SV IPB Day-1🤩
#IPBinDiversity 
#SekolahVokasiIPB"
@mpkmbsv_ipb,2024-08-07 03:45,L for Loh keren sekaliii kamu🤩🤩🤩
@godooo370,2024-08-07 03:44,MPKMB SV IPB🔥🔥🔥 #IPBinDiversity
@masirius_,2024-08-07 03:44,"MPKMB DAY 2 
Seru banget acaranyaaaa꒰⁠⑅⁠ᵕ⁠༚⁠ᵕ⁠꒱⁠˖⁠♡
#IPBinDiversity"
@moonofurgleam,2024-08-07 03:44,"day 2 MPKMB di luar?? dapet nasi kotak and koin emas dari anak akun😻
#IPBinDiversity"
@shizeei,2024-08-07 03:44,"lika liku mpkmb sv ipb 
berangkat gelap pulang gelap 😢✌🏻
#ipbinDiversity"
@Almasabrarbust,2024-08-07 03:44,MPKMB SV emang bikin capek tapi seru bgtt woiiiii #IPBinDiversity
@ssweetolive,2024-08-07 03:44,"last day mpkmb sv ipb menyalaaaa🤩👊🏻

#IPBinDiversity"
@HWidiyansi403,2024-08-07 03:43,"MPKMB IPB kereen puolll👍👍
#IPBinDiversity"
@zarronlyflomoon,2024-08-07 03:43,"mpkmb sv ipb university, day 1 and 2, seru poll 💙✨
#IPBinDiversity"
@chemytco,2024-08-07 03:43,"day 2 MPKMB SV IPB

rangkaian acara nya seru bangeeet, apalagi makanan nya yg the best bngt wah🤩🤩

#IPBinDiversity"
@AzariaBen17,2024-08-07 03:43,"MPKMB SV IPB Day 2🙌🙌

#MPKMBSVIPB #IPBInDiversity"
@mpkmbsv_ipb,2024-08-07 03:43,Selamat mukbang😁😁😁
@stucktistika,2024-08-07 03:42,pls mpkmb undang keshi
@mpkmbsv_ipb,2024-08-07 03:42,Wahhh mau juga donk🤩
@bakulogy,2024-08-07 03:42,aku ke kelompok besar mpkmb
@auryiin,2024-08-07 03:42,"mpkmb berkedok nyore di gymnas cekk!!😋
#IPBinDiversity"
@shizeei,2024-08-07 03:42,"mpkmb ❌
mukbang ☑️

konsumsi mpkmb sv ipb hari pertama 😋🤙🏻

#ipbinDiversity"
@clovdbear,2024-08-07 03:41,"seruuu bangett last day mpkmb inii, masih terharu bisa ada di tempat ini🥹🥹 #IPBinDiversity"
@AinayaaNurul,2024-08-07 03:41,"#IPBinDiversty
so much funnn mpkmb 61❤❤❤
ketemu banyak teman baruuu dari banyak daerahh, first time ketemu banyak orng dengan banyak sukuu
panitia nya juga ramah2 bangettt and konsumsi nya🤗"
@adiatobacter,2024-08-07 03:41,MPKMB Day 2 Keren banget please. Aku bangga jadi bagian dari IPB. IPB B nya bukan Backburner tapi Bagus!!! #IPBinDiversity #MPKMBIPB61 #MPKMBSVIPB61 #IPBDigdaya #InstitutPertanianBogor
@lovingssoo,2024-08-07 03:41,Seru sekali MPKMB 61 sv ipb day 2 bersama Bimantara Mahitala dan Mahitala Abinawa🌍💚#IPBinDiversity
@renereeennn,2024-08-07 03:41,"MPKMB kampus terbaik😽🧏 (alhamdulilah perut gw aman dri pagi smpe sore) 

#IPBinDiversity"
@bucinbapakmu,2024-08-07 03:41,konsumsi day 1 MPKMB SV IPB 61 sangat sangatt enaaakkk! 😍 #IPBinDiversity
@Private80232656,2024-08-07 03:41,"Parade Vokasi MPKMB 61 Narapati Bimantara

#IPBinDiversity"
@raskiha,2024-08-07 03:41,GILAAA DAY 2 MPKMB SV IPB PECAH!! perang jargon antar armadanya gokil gokil banget!?!?!?? #IPBinDiversity
@tulips_tan,2024-08-07 03:41,"Btw itu day 2, MPKMB SV heheh"
@drrnmp,2024-08-07 03:40,"Day 2 mpkmb SV IPB 🫂✨ 

""Penuh cerita dari segala pelosok negeri dalam satu vokasi✨😎""

#IPBindiversity"
@hnda05,2024-08-07 03:40,"seru banget mpkmb 61 sv ipb, kenal banyak orang baruu dengan latar belakang berbedaa, belajar banyak hal baruu, thanks ipb😍😍
#IPBinDiversity #MPKMBIPB61 #SVIPB #IPBUniversity"
@dhcsn1,2024-08-07 03:40,"Last day mpkmb, SUKSESS SELALU NARAPATI BIMANTARA 😻👊!!! #IPBinDiversity"
@UmCalvin89340,2024-08-07 03:40,"MPKMB University Day 2 Keren bangett🔥🔥
#IPBinDiversity"
@Ervhansyah15856,2024-08-07 03:40,"MPKMB 61 SV IPB seru abis si🔥🔥🔥
#IPBinDiversity"
@nikita_adi,2024-08-07 03:40,seru seruan di MPKMB SV IPB dlu ga sih #IPBinDiversity
@AlmiraAzis,2024-08-07 03:39,"semoga wawasan atau materi dari MPKMB 61 SV IPB ini dapat dipahami dan diresapi oleh kita mahasiswa baru SV IPB
#IPBinDiversity 💙💙"
@bleuutterfly,2024-08-07 03:39,"MPKMB Day-2!!
seru bangettt keren!! big applause untuk kakak panitianya 🫰🏻💙 harapannya semoga siang ini dpt hokben nya dua porsi 🫶🏻

#IPBinDiversity"
@x_furqon,2024-08-07 03:39,maba ipb 61 mpkmb nya lebih pagi dari pada marbot subuh masjid 😍😍😍
@inizaye,2024-08-07 03:39,"Day 2 MPKMB SV IPB UNIVERSITY keren poll kaya pantun.. Ikan hiu makan permen
Ini keren dan kacau men #IPBinDiversity"
@AnDnunu_,2024-08-07 03:39,"Makan siang day-2 MPKMB SV IPB 😋😋
#IPBinDiversity"
@dwilarashndyani,2024-08-07 03:39,"konsumsi MPKMB SV IPB University emang terbaekkk dah, gaszzz tahun depan join IPB

#IPBinDiversity"
@ZahraZhirh,2024-08-07 03:39,"Day 2 -MPKMB SV IPB 🤩🤩
#IPBinDiversity"
@hiraethjy,2024-08-07 03:39,MPKMB SV IPB anti lapar lapar😋 #IPBInDiversity
@welovebadbitch,2024-08-07 03:39,"Dear yang stage dive waktu closing day 1 mpkmb sv : ih ngapain si bang

 #IPBinDiversity"
@deculnomorsatu,2024-08-07 03:39,"MPKMB SV IPB 61 ‼️‼️
IPB DIGDAYA‼️VOKASI JUARA‼️
🔥🔥🔥🔥🔥🔥
#IPBinDiversity
#IPBDigdaya
#VokasiJuara"
@mualfaa,2024-08-07 03:39,"Mpkmb IPB Asikin yok
#IPBinDiversity"
@pipapipapaaa,2024-08-07 03:38,"💐 MPKMB SV IPB DAY 2 💐

#IPBinDiversity"
@tsuki_sinbil,2024-08-07 03:38,"Semoga Narapati Bimantara lancar MPKMB nya tetap semangat, baik yang di dramaga atau di vokasi. Sehat-sehat semuanya.

Semoga setelah MPKMB, perkuliahannya lancar semua
AAMIINNNN

#IPBinDiversity"
@daiseeys,2024-08-07 03:38,MPKMB 61 so fun! Konsumnya mmhhHMmMmmM nikmat sklie gusy. Ayo masuk ipb 😎👊 #IPBInDiversity
@entpzieestudy,2024-08-07 03:38,"Demi apa Hari kedua MPKMB SV IPB 61 udah pada olengg tapii seruu, mana kaka medis nya baikk bgtt, kaka komdis nyaa juga baik demi irl ga se serem ituu  #IPBinDiversity"
@Muhamma43020415,2024-08-07 03:38,"MPKMB SV IPB 2024
#ipbinDiversity"
@daarlinzzzz,2024-08-07 03:38,"MPKMB SV 61 gacor parahhh😍
luvv kakak-kakak panit MPKMB SV 61 🫰🏻 #IPBinDiversity"
@insomrslpy,2024-08-07 03:38,"D-2 MPKMB makain menyalaa, terutama konsumsinya 😁
#IPBinDiversity"
@IntanNu60742695,2024-08-07 03:38,"🚀 MPKMB Sekolah Vokasi IPB University: Menyambut mahasiswa baru dengan semangat kebersamaan dan keberagaman! 🎓🌿 Bersama-sama, kita membangun masa depan yang inklusif dan berdaya saing tinggi. #IPBinDiversity #MPKMB2024 #SekolahVokasiIPB #Bimantaraagniarsa #NarapatiBimantara"
@gv4rchive,2024-08-07 03:38,#IPBinDiversity aslii keren banget mpkmb 61 sv ipb
@Revin0750092954,2024-08-07 03:38,IPB Gymnasium activity Day 1 MPKMB 🔥❤️‍🔥#IPBinDiversity
@vayaaiza,2024-08-07 03:38,"MPKMB IPB SERUU PARAHH!
apalagi pas adu jargon masing masing
IPB DIGDAYAAA!!!
#IPBinDiversity"
@baephroudite,2024-08-07 03:38,"KEREN BANGET MPKMB SV IPB DAY-2! walau pegel dikit duduknya sila mulu mweheheheh, MENYALA NARAPATI BIMANTARA! <333 🔥🌪️🌞🌊🪵#IPBinDiversity"
@adiatobacter,2024-08-07 03:38,"MPKMB Day 1 IPB keren banget 
#IPBinDiversity #narapatibimantara #MPKMBIPB61 #MPKMBSvIPB #IPBDigdaya"
@Alysiawardhanii,2024-08-07 03:38,"MPKMB 61 SV-IPB😆✨️💙
#IPBinDiversity"
@salssazhra,2024-08-07 03:38,"MPKMB SV IPB Day 2🌊💙
#IPBinDiversity
#MengalirSepertiAnahita💧
#KiwKiwCukurukukEaEaEa
#BiruItuCiriKhasKu💙
#SekuatOmbak🌊
#SiapJogetAnahita🙌"
@MuhamadZ67693,2024-08-07 03:38,Semangat Day 1&2 MPKMB SV IPB 😎🔥#IPBInDiversity
@WFebe56252,2024-08-07 03:38,"MPKMB DAY 1 
Seru polll
MENYALAA🔥🔥🔥
#IPBinDiversity"
@sekalatha,2024-08-07 03:38,GACORR BANGETTT MPKMB SV IPB 61 DAY 1 & DAY 2 SERUUUUU 💃🏻💃🏻 #IPBinDiversity
@reihanjuliandr2,2024-08-07 03:38,keren bet ngundang cinta Laura cuy #IPBinDiversity di mpkmb 61 ipb
@sunfl0wer65,2024-08-07 03:37,"Day-2 MPKMB SV IPB'61🔥🔥

#IPBinDiversity 
#SVIPB 
#MPKMBIPB61"
@fateenrabbani,2024-08-07 03:37,Mpkmb sv ipb61 asik banget kita bisa bagi bagi pengalaman sama maba maba luar daerah trus jadi punya temen banyak #IPBindiversity
@keypakiess,2024-08-07 03:37,"MPKMB DAY 1 DAN 2 SANGAT ASIK,SERU DAN TENTUNYA MENAMBAH WAWASAN🫰🏻🫰🏻🫵🏻🫵🏻🤍🤍
#IPBinDiversity"
@arvinneo17,2024-08-07 03:37,Keseruan hari ini dengan acara mpkmb day 2 acara  ini seru banget
@Dzaky67331361,2024-08-07 03:37,"MPKMB Day 2

SV IPB macem2 prodinya cuy 😱😱😱 #IPBinDiversity"
@xxxdio12,2024-08-07 03:37,"konsum mpkmb mantap
#IPBinDiversity"
@reihanjuliandr2,2024-08-07 03:37,keren banget #IPBinDiversity ngundang mba nana cuy di mpkmb ipb 61
@ayulstrr_21,2024-08-07 03:37,"udah hari ke 2 ajaa ni mpkmb 61 sv ipb, part terseruu saat perang jargon sampai merinding bangett part ini. walaupun ngantuk beratt tapi tetap hrus semangattt krna univ nyaa keren abiss (setuju gak narapati bimantara). 
#ipbinDiversity"
@thifahnra,2024-08-07 03:37,"MPKMB SV IPB 61 DAY-2
vokasii emang juaraaa kalo soal konsumsi, kegiatan hari ini insight full, thankk u sv 💗 
NILAWARSA 🩶🩶🌪️🌪️
#IPBinDiversity"
@itzme_gia,2024-08-07 03:37,"MPKMB Day 2!!! Intinya di hari ini, gua makin gak sabar buat mau masuk prodi 😉🤜🤛 

#IPBinDiversity"
@jijellipebe,2024-08-07 03:37,"MPKMB SV 61 IPB hari ini sangatt seru 🤩🤩
konsumnya juga enak enak, kakak panitianya keren keren sekalii 😍😍😍
#IPBinDiversity"
@easymeon,2024-08-07 03:37,"Tempat elit konsumsi elit cuma di MPKMB SV IPB anjayyy
#IPBinDiversity"
@allleyyraa,2024-08-07 03:37,"segokil dan seseru itu acara mpkmb, apalagi konsumsinya enak bgt!! 😭🫶🏻 #IPBinDiversity"
@rdjadmrl,2024-08-07 03:37,"GOKILLL🔥🔥🔥
MPKMB di gedung semegah ini, kapan lagi coy🤩😍
#IPBinDiversity"
@dustxtilll,2024-08-07 03:36,"Kegiatan MPKMB SV 61  sangatt seruu ada banyak kegiatan mulai dari hiburan, motivasi, kuliah umum, btw komsumsi MPKMB SV 61 kelass banget kak #IPBinDiversity"
@Melonniy,2024-08-07 03:36,"MPKMB SV IPB day-1 isinya ngonser
#IPBinDiversity"
@Chocolatlumerzz,2024-08-07 03:36,"Keseruan MPKMB SV IPB DAY 1 
#IPBinDiversity"
@peachymbis,2024-08-07 03:36,"day 2 mpkmb sv ipb❤️‍🔥❤️‍🔥❤️‍🔥❤️‍🔥  
#IPBinDiversity"
@kacangmeteor,2024-08-07 03:36,"Pemandangan mpkmb di luar gymnas🤗💥

#IPBinDiversity"
@m0uchiatoo,2024-08-07 03:36,last day mpkmb sv ipb 🙁💟 sukses selalu kakak2 & temen2! #IPBinDiversity
@partaer,2024-08-07 03:36,MPKMB K NYA KENYANG😋😋😋 #ipbindiversity
@Ajinomotyoo,2024-08-07 03:36,MPKMB 61 #ipbindiversity
@2qfhxz6xcw,2024-08-07 03:36,"MPKMB 61 SV IPB seru banget, banyak hal yang bisa dipelajari, pokoknya happy bgt deh😻 #IPBinDiversity"
@maniacrosy,2024-08-07 03:36,"kegiatan mpkmb day 2 hari ini gak kalah seru sama kemarin!! hari ini ada parade vokasi dari program studi dan organisasi mahasiswanyaa. Seru banget banget banget 🤩🙌🏻

#IPBinDiversity"
@msft09,2024-08-07 03:36,"hari kedua MPKMB SV IPB ga kalah seruu dari hari pertama kemarin. Materi pembahasannya sangat bermanfaat, informatif dan sangat keren² banget pematerinyaa
#IPBinDiversity"
@jeliitAAAAA,2024-08-07 03:36,wowowowowo mpkmb sv day 1 seruuuuuu puollllll🥹🥹🥹🫰🫰🫰🫰🫰 #IPBinDiversity
@b_archive0,2024-08-07 03:36,MPKMB Day 2 gak kalah seruuuu😆😆😆 #IPBInDiversity
@hafizhSetiawan7,2024-08-07 03:36,"Kegiatan MPKMB SV IPB Day 2 yang dilaksanakan pada 7 Agustus 2024 di Gymnasium SV IPB Gunung Gede
#IPBinDiversity"
@kalalipe,2024-08-07 03:36,konsum mpkmb sv ipb dek #IPBinDiversity
@Jono44309349,2024-08-07 03:36,KONSUMNYA MANTAPPP MPKMB 61 #IPBinDiversity
@puteee25419,2024-08-07 03:36,MPKMB DAY 3 SV IPB UNIVERSITY makin seruuu dan  kompak 🤩✊🏻 #IPBinDiversity #ipbuniversity #SekolahVokasiIpb #MpkmbSvIpb
@Wenashley3ight,2024-08-07 03:35,"MPKMB day 2 sangat seruuu dan narasumbernua samgat inspiratif sekaliiii
#IPBinDiversity"
@cabumenkeu,2024-08-07 03:35,"MPKMB 61 SV IPB

 #IPBinDiversity"
@ptrraishaa76014,2024-08-07 03:35,"MPKMB SV IPB 61 seruu
#IPBindiversity"
@seriuslhy,2024-08-07 03:35,mpkmb makan enak 😋 #IPBinDivereity
@hppy134340,2024-08-07 03:35,Bakal kangen sama saut sautan yel yel n jargon pas mpkmb sih... Sedih sekali hari ini last day... #IPBinDiversity
@penyampai,2024-08-07 03:35,mpkmb sv ipb juara konsum #IPBinDiversity
@MaitreyaAulia,2024-08-07 03:35,"Day 2 mpkmb IPB meledak🔥 semakin seruu dan pemeterianya yang semakin menarik dan mengedukasi
#IPBinDiversitu"
@yefams,2024-08-07 03:35,"MPKMB 61 SV IPB seru banget. Banyak ketemu teman baru dari berbagai daerah. Wowow! Leggo Bimantara Nilawarsa!!!
#IPBinDiversity"
@hannuchu,2024-08-07 03:35,wow kenyang sekali mam mpkmb sv ipb🥹 #IPBinDiversity
@unknown72027828,2024-08-07 03:35,"MPKMB SV IPB 61 DAY 2 SERU BANGET. GOKIL!! 

#IPBinDiversity"
@forsterineika,2024-08-07 03:34,"MPKMB 61 2024
#IPBinDiversity"
@diniameliaaa1,2024-08-07 03:34,"h-2 mpkmb SV ipb, seru dan gokil ebiezzz!!🤩🤩🤩
#IPBinDiversity"
@v3b10y,2024-08-07 03:34,"Taruna MPKMB IPB 🙏🏻🙏🏻
#IPBinDiversity"
@agistinayaa,2024-08-07 03:34,"h 2 MPKMB SV IPB UNIVERSITY!!🤩
#IPBindiversity"
@MoonKnight_67,2024-08-07 03:34,"SERU BANGET MPKMB NARAPATI BIMANTARA 🤩🤩 Bisa ngerasain serunya jadi maba ketemu kakak-kakak, dan acara yang meriahh, banyak teman baru yang asyikk🤩🤩 #IPBinDiversity"
@IpIs16492694176,2024-08-07 03:34,"MPKMB IPB SV asiiikkk bangeet
#IPBinDiversity"
@AnDnunu_,2024-08-07 03:34,"Konsum MPKMB 61 SV IPB kenapa enak banget dah
#IPBinDiversity"
@Jono44309349,2024-08-07 03:34,"MPKMB 61 SV IPB SANGAT AMAT TERAMAT SERU, KEREN, MANTAP, JOS, TOTAL, MAKSIMAL, MUACH #IPBInDiversity"
@naadump,2024-08-07 03:34,"MPKMB SV IPB 61 seru banget, keren banget, IPB Digdaya, vokasi juara #IPBinDiversiry"
@reihanjuliandr2,2024-08-07 03:34,hai anak #IPBinDiversity ga main main konsumsi mpkmb nya cuy
@natabelajar,2024-08-07 03:34,#IPBinDiversity LAST DAY MPKMB SEDIH BANGET 👎👎👎
@renjuneius,2024-08-07 03:34,"kapan lagi mpkmb bisa sekenyang ini gusyyy

#IPBinDiversity"
@Lutfilahghs,2024-08-07 03:34,Day 2 mpkmb SV IPB #IPBinDiversity
@Rayin0zero,2024-08-07 03:33,"Asiik banget cuy mpkmb SV IPB
#IPBinDiversity"
@kyuflows,2024-08-07 03:33,eh seru banget loh mpkmb sv ipb university #IPBinDiversity
@rahmadini1205,2024-08-07 03:33,"MPKMB SV 61 GACORRR🔥🔥
#IPBinDiversity"
@Syafiq_asyaddid,2024-08-07 03:33,"MPKMB SV ASIK BANGETT

#IPBinDiversity"
@naflazr,2024-08-07 03:33,"WOII MPKMB VOKASI IPB SERU BINGITTSSS
#IPBinDiversity"
@kepopolwx,2024-08-07 03:33,"GACOR MPKMB 61 SV IPB NARAPATI BIMANTARA!
#IPBinDiversity"
@thisisveel,2024-08-07 03:33,#IPBinDiversity mpkmb sv ipb day 2 yeyyyy
@haranity,2024-08-07 03:33,MPKMB 61 SV IPB TP DI LUARRRRRR T________T #IPBInDiversity
@MMuntazhar46572,2024-08-07 03:33,MPKMB SV IPB SUKSES SUKSES SUKSESSS!! #IPBinDiversity
@mpkmbsv_ipb,2024-08-07 03:32,"[DAY - 2 MPKMB 61 SV IPB]

Halo, Narapati Bimantara!👀

Mimin mau liat nihh keseruan sobat Narapati Bimantara di Day 2 MPKMB 61 SV IPB dengan meramaikan quote tweet ini dan jangan lupa untuk cantumkan tagar #IPBinDiversity 

Mimin tunggu updatenya🫵🏻👀"
@tehyasmark,2024-08-07 03:32,"Day 2 mpkmb IPB
#IPBinDiversity"
@cleraR___,2024-08-07 03:29,"Cuma ngasih saran aja kalo udah selesai mpkmb jangan buru2 pulang, waktu yang tepat buat hunting kotak2 snack wkwkwk, tahun lalu dapet 4 box holland bakery masih full 😭🤌"
@tsuki_sinbil,2024-08-07 03:24,Akun buat MPKMB doang 😭
@mpkmbsv_ipb,2024-08-07 03:06,"[DAY - 1 MPKMB 61 SV IPB]

Waktu terasa begitu cepat, ternyata kita kemarin kita sudah ada di Day 1 MPKMB. Mimin terharu deh ngeliat para maba yang semangat dari pagi sampai selesai🤩🤩🤩

Mimin menunggu antusias kalian di Day 2👀👀👀

#IPBInDiversity"
@haiiisasasa,2024-08-07 02:46,Kgn MPKMB ngggakkk😋😋
@seathoughts_,2024-08-07 02:44,kayanya sampe kapanpun vibes jd panit mpkmb dibulan agustus tuh gaakan pernah ilang 😔❤️
@xMajestyk,2024-08-07 02:42,Anjay mpkmb sekarang gokil juga snack dan makan siangnya
@Opet253447,2024-08-07 02:38,Gapp deh di bilang fomo intinya gw iri sama mpkmb sarjana
@groaxan_,2024-08-07 02:32,min @mpkmbsv_ipb puter jingle mpkmb svipb dong min 😋😘🥰
@mpkmbsv_ipb,2024-08-07 02:30,Yang pasti enak & begini ya 🤩
@enfjul,2024-08-07 02:17,aku pas pagi² hari mpkmb :
@stucktistika,2024-08-07 02:07,mpkmb p nya pegel b nya bejirr
@fanzwashere_,2024-08-07 02:05,Pamaung on MPKMB SV 🐯🎓
@malachitin,2024-08-07 02:01,mpkmb tuh sebenarnya mng pak arif
@sectmspra,2024-08-07 01:53,mjb tp dulu aku pas mpkmb jg gitu. kadang pada saling nimbrung pas foto berasa kayak udh kenal dr lama soalnya nyambung² aja pas ngobrol. definisi mendadak akrab sama semua org. seru bgt jd ilang sesaat capeknya tp sayangnya udah gaada foto²nya 😔
@keliskae,2024-08-07 01:52,hi ak kmbali k daratan bwt mpkmb ipb 61😻🌊
@CestLaReves,2024-08-07 01:29,😞😞....egk Papa lofyu panitia mpkmb sekebon
@jijellipebe,2024-08-07 01:24,km mpkmb lagi kah kak
@oactober,2024-08-07 01:15,mpkmb sv 1 - 0 mpkmb sarjana
@hyunjinskena,2024-08-07 01:09,"""Mau tidur atau MPKMB??!!"" TIDUR LAH ANJG PAKE NANYA"
@agaksukatypo,2024-08-07 00:58,UI udh mpkmb sementara gue masih hrus ke kampus tuh gmna ceritanya
@ishiningfirefly,2024-08-07 00:51,mpkmb ipb kayaknya lagi padet banget ((semoga tahun depan bisa ikut🙏))
@grafischekunst,2024-08-07 00:16,"langsung bikin trend vtt aneh itu lg, dan tb2 malemnya gua udah chatan di line btw kita br kenal udah ngomongin kating (jangan ya dek ya) trs dia masih gua panggil ""anisa/anis"" KOCAK. 

trnyata satu armada adyuta dan satu kelas kecil sm dia pas mpkmb, gua malu bgt 🐈"
@rutoipb,2024-08-07 00:14,sypakah guest star mpkmb sarjana hari inj
@s5olitude,2024-08-07 00:01,gue pgn nyelundup ke gww deh… pgn liat mpkmb…
@gudpwipel,2024-08-06 23:59,Mamah mau jd panitia mpkmb 62
@aqillqla,2024-08-06 23:55,"sarapannya MPKMB 61 SV IPB -lastmpkmb
#MPKMBIPB61 
#ipb"
@sasimanbaswedan,2024-08-06 23:54,jingle mpkmb 61 enak bgt sumpah NARAPATI BIMANTARAAAAA
@doospacee,2024-08-06 23:52,"mo nangis, jingle mpkmb 61 sebagus itu 🥹🥹"
@L0g0philee,2024-08-06 23:51,"wajar, dan jadi penyemangat buat semangat ikutin mpkmb juga"
@duadevice,2024-08-06 23:48,pengen rasain mpkmb oplen jg
@dorijinko,2024-08-06 23:47,woi bg mpkmb tiap hari ganti ya????? KEREN BGT SALUT SM PANIT 🫶🏻
@overbolden,2024-08-06 23:47,dapet kabar gini di hari ke-2 mpkmb 🥺 YTB… turki… studying abroad 😭
@akuraditt,2024-08-06 23:42,Ikut mpkmb ka?
@nihaonihalo,2024-08-06 23:41,"Anjir enak bgt mpkmb snacks Holland, makan siang Hokben. Dulu jaman gue snack sama nasi kotak kek selametan 😭"
@akuraditt,2024-08-06 23:40,Tl-ku dipenuhi maba IPB sedang MPKMB 🤩
@re_letz,2024-08-06 23:35,"@MPKMB_IPB itu yang pita medis mending disuruh pulang aja daripada dipisah jauh-jauh ga dapet apa-apa :)

ini kasian banget, ceweku komplain, ga dapet apa-apa dengan jadi bagian dari pita medis..."
@bluebeccies,2024-08-06 23:33,pokok nya tahun depan gua akan jdi panitia mpkmb 62
@juleyskz,2024-08-06 23:30,"mpkmb day 2 STRATEGIS BGT view bagus, deket colokan"
@dlacorfiles,2024-08-06 23:30,"udah day 2 mpkmb but still ga bisa bendung rasa terharu, ga nyangka bisa duduk disini with  thousands of people yg punya mimpi sama for our better future 🥺🥺🥺"
@frsepii,2024-08-06 23:29,asli keren bgt panggung mpkmb dalam semalam dah berubah
@pangeranmimpin,2024-08-06 23:18,COK DEKORAN MPKMB GANTI 😭😭😭 KEREN GUA KIRA KEMARIN ITU UNTUK SEMINGGU
@godIlovehyunnie,2024-08-06 23:17,Sheeet ini buat mpkmb? Jgn ada guest starnya MASA ANAK 57 KONSER MPKMBNYA DEPAN LAPTOP TRS YG NYANYI PA ARIF? sambil nyanyi lagu mahasiswa sama kampus terbaik? Ga adil yh wtf (wow too fabulous) 😭😞
@giigipp,2024-08-06 23:16,serius dulu 😭 seru bgt dah mpkmb 61...
@groaxan_,2024-08-06 23:16,aku mau update day 2 mpkmb diutas ini.
@logicallydyta,2024-08-06 23:11,"mpkmb ipb 61, narapati bimantara"
@rektoripb,2024-08-06 23:00,selalu membawa kahf pada mpkmb ipb😆😆😆😆
@hiatgss,2024-08-06 22:45,belanja sebelum mpkmb siii
@AinayaaNurul,2024-08-06 22:37,"REVIEW KONSUM MPKMB SV IPB (IMO) 

1. snack awal 9/10 enak bgt roti moka🥰 tp ad roti coklat sie tp gpp deh coklatnya dikit
2. lunch 1000/10 anjay hokben no coment deh
3. snack akhir 8/10 gorengan nya enak bgt especially risolnya😍 tp rotinya ad pisang jadi gw g bisa makan😭😭"
@arrietty555,2024-08-06 22:25,"ya allah ga ikhlas, pdhl pake lip balm warna bibir. bnr bnr natural bgt...dr pra 1,2 mpkmb day 1 aman aman trs. td smp ak gosok"" tu bbir dn jari gua bersih gd merah""nya sm skli....sedih bgt ya allah"
@ppalgansekk,2024-08-06 22:15,buset mpkmb subuh subuh adalah ril
@8thdegrees,2024-08-06 22:08,Mpkmb tanpa naber tu emg kgk bisa dah kyknya
@muztardketchup,2024-08-06 21:28,"kocak anjir kemaren pulang ke kosan masi pake outfit mpkmb, trs tbtb motor lewat ngeledekin “aw aw aw aw tutup pintu tutup jendela” ke gw 😭😭😭😭"
@bluesstudy,2024-08-06 21:18,gila masih amazed bgt sm guest star mpkmb kmrn
@themariast,2024-08-06 21:01,Beres mpkmb mau fidur 100jam
@ciggaretesnt_,2024-08-06 20:48,"jjur H1 MPKMB capekkk bgt kalo dibandingin sama hari pra. tapi senengg banget interact sama adik adik 61 🤩 sehat sehat yaa kaliann, jangan pada sakit sakit okeei"
@rezonaldoo_,2024-08-06 20:44,"beh kemarin cmn makan bekel roti, biskuit dikasi kenzie, konsum mpkmb, sama roti maryam cokelat keju susu anjir wtf"
@loavspells,2024-08-06 20:32,"dari semalem aku kurang enak badan..... aku pikir dibawa tidur ilang, please doakan aku kuat sampe hari akhir mpkmb 😭"
@starboydimzy,2024-08-06 20:25,"aww okey deh my bad, siap thank u kakak medis mpkmb 61 semangat menjalan kan tugas nya sebagai garda terdepan para pita☹️🖐🏻. TUH JOLE GAK BOLEH LEPAS PITA LU @astronotcentil WKWKWKWK"
@sukabaksobgt,2024-08-06 20:22,"Nah itu poinnya, kalau ga sakit kenapa isi form pita, apa itu salah panitia? kita monitoring mereka biar ga tumbang, sebagai medis mpkmb juga gamungkin klasifikasiin pita merah sembarangan kok. Sugest maba buat copot pita juga bukan hal yang bijak dari kakak tingkatnya😊"
@cipOlsit3,2024-08-06 20:11,demi allah kmrn lgsg tidur anjir..
@grscpk,2024-08-06 19:29,"coy, kita kan lagi closingan mpkmb"
@clyonomist,2024-08-06 19:13,Kyknya mpkmb nanti ngundang windah gusy
@goldenfairyyy,2024-08-06 19:08,hwaaa aku kangen jadi panitia relasi MPKMB 60 tahun lalu🥹❤️
@goldenfairyyy,2024-08-06 19:03,"baru liat update-an MPKMB 61 day 1..
keren sekalii narsumnya Mba Najwa, Kak Putri Tanjung dan Kak Cinta Laura😍 
C'mon keep showing ur light, MPKMB 61🤝🏻🌹⚘️🌷"
@hellowmarseu,2024-08-06 19:02,KO MPKMB BLEH BAWA HP BJIRRRRRR SEKARANG 😔😔😔😔
@xchiggarates,2024-08-06 18:51,"gais aku literli ga tidur, doain mpkmb besok ga tumbang ya"
@frrlrendy,2024-08-06 17:33,"mpkmb tahun ini pematerinya gacor amat, baru day 1 padahal"
@ipb_menfess,2024-08-06 16:36,"Punten liat para maba sore sore mukanya udah pada lesu, kucel, trs jalan kaki gitu. Gw sebagai mahasiswa tua merasa kasian, rasanya pengen adopsi trs gw mandiin abistu gw simpen dilemari 😭😭. Dek....mpkmb cape bgt ya???"
@doyeonipb,2024-08-06 16:18,yang mpkmb online dulu dapet hikmahnya aja
@alexxalbon,2024-08-06 16:14,"Gue sedih deh, gue jadi ngebayangin hari terakhir mpkmb"
@mutjuukyuu,2024-08-06 15:57,"wlupun ngemil, mkn telat ga karuan yg penting konsum mpkmb enak (perbaikan gizi besar2an) LOVE IT"
@alesplacee,2024-08-06 15:51,kak rasya medis mpkmb sv ipb 61 mau jd cowokku gak
@menisyong,2024-08-06 15:36,"DAY 1 MPKMB 
PECAH BANGET ZUZUR KEREN NISKALA🤘🏻🪵‼️"
@rayiinaa,2024-08-06 15:31,"mpkmb cape bgt ajgg pdhl duduk doang, gw selemah itu kh"
@rayiinaa,2024-08-06 15:27,knp mpkmb bikin muka gw tambah breakout
@jielineestudy,2024-08-06 15:25,hii theo gimana mpkmb nya
@ourhappinessss_,2024-08-06 15:24,DAY 1 MPKMB IPB 61😻😻💙💙💙😋😋😋😋💍💍💍💍👏👏👏👏
@tasmoniaa,2024-08-06 15:15,"Punten, pls tell me kalau naksir peserta mpkmb tuh wajar, plsss tell me that it's just a phase dan gaakan bertahan lama. Gamau naksir pesertaaa banyak saingannyaa... Tapi... dek kamu keren bgt😍😍"
@repssbewwy,2024-08-06 15:09,"gua dulu pas mpkmb kemana yaa, knp malah ga aktif nge twtttttt pdhl kann bisa jadi kenang""an gua misuh-misuh pas mpkmb era"
@jhousespicy,2024-08-06 15:01,Dua2nya puyeng 😭😭😭😭 ia mks ia naii smgt juga mpkmb nyaaa 😭😭😭💗💗💗
@chasedeadg,2024-08-06 14:59,syemangat menjalani mpkmb😢🫰
@ipb_menfess,2024-08-06 14:59,"Punten, pls tell me kalau naksir panitia mpkmb tuh wajar, plsss tell me that it's just a phase dan gaakan bertahan lama. Gamau naksir panitiaaa banyak saingannyaa... Tapi... Kak kamu keren bgt😍😍"
@eunwooipb,2024-08-06 14:52,seruan mpkmb rill
@glorievs,2024-08-06 14:51,yakan…. mpkmb lebih cape duduknya drpd mobilisasinya
@faarstudy,2024-08-06 14:51,"Liat postingan anak anak ipb 61 yang MPKMB langsung nyesek di hati wkwk, ipb taun depan terima aku lagi yaa tapi terimanya di utbk aja 😊"
@zwvorz,2024-08-06 14:49,"eh konsum mpkmb sv stop lewat tl pls, iri"
@scndstff,2024-08-06 14:47,padahal aku pen bikin recap mpkmb day-1 TP TERNYATA CAPEK BGT ga jd😞
@rsktchie,2024-08-06 14:46,hari hari iri liat mpkmb ipb 😤🤏
@adee_zhaa,2024-08-06 14:46,"Lagi dengerin materi MPKMB pas siang, tiba² kepikiran ""keknya keren kalo bikin baju inspired by all Bimantara"""
@ipb_menfess,2024-08-06 14:39,"Punten shock sekali hbs nemeuin akun alter temen sender. selama ini aktif di organisasi panit gede kaya ormawa, mpkmb dkk nya ternyata kelakuan aslinya se menjijikkan itu. Cara cut off nya gimana y…?"
@cindeeere,2024-08-06 14:36,"sedihnyoo, mpkmb ga di gww wisuda pun ga di gww :("
@jhousespicy,2024-08-06 14:35,WAKAKAKAKAKAK IYA LG gpp lah ya misuh2 pas mpkmb tp konsumnya hokben sm holland 🤩🤩🤩🤩🤩
@raasanshine,2024-08-06 14:33,eh gua wktu jaman mpkmb juga mikir mau jadi pjk tapi larinya malah ke kreatif😭😭😔🫃🫃 (msih ingin mnjd pjk tp kpn)
@llyyytn,2024-08-06 14:30,"buat kakak yang boncengan naek motor cbr repsol di dramaga tadi pagi, yang triak nyemangatin “semangat mpkmb nya” ke aku dan temen ku (kenceng bet kaget mana lagi sepi)

Makasih yaaaak, mood booster bgt pagi pagi"
@psycholgurl,2024-08-06 14:29,Tebak tebakan konsum mpkmb besok yuk ☝🏻 kalo kata ak si solaria 🙂‍↕️
@peachymbis,2024-08-06 14:24,"day 1 mpkmb sv ipb SERRRRUUUUU 🤏🏻🤏🏻🤏🏻 kaka panitiaa nyaa baikkk sekalii, minum aja diambilin 🥹🥹🥹"
@amarymone,2024-08-06 14:21,mpkmb sv ipb day 1 ⊹ 𐙚
@rezonaldoo_,2024-08-06 14:21,"tadi kocak bener dah ""Dilarang cinlok di masa MPKMB #IdihSebell"" wowkwkaowkwkw"
@8thdegrees,2024-08-06 14:18,DARI PANCASILA KE SIKSA NERAKA TRS NYANYI IBU PERTIWI?????? Hiburan mpkmb hari ini ☝🏻
@onnamlfoy_zee,2024-08-06 14:14,Ka Cinta di MPKMB IPB 61 🤩❤️
@jasmiceng,2024-08-06 14:12,kangen mpkmb 60 HUFT
@jsboyfie,2024-08-06 14:08,@kchooya mpkmb pas itu dapet nya apa kak 😭 55 sama 59 kayaknya dapet hikmah nya aja wkwk
@astronotcentil,2024-08-06 14:05,MPKMB belum selesai tapi ak udh pengen jadi Cinta Laura ❤️
@onmyprogress,2024-08-06 14:05,Walo belum ikutan krn sakit tp ikut sakit hati 😭 sangat iri kasian yg dramaga 😭 mana katanya acarnya basi ya allah @/panitia mpkmb
@byelvve,2024-08-06 14:03,"ihh baru taau kakak panit mpkmb, keren sekaliii🌟"
@aissyyyaipibi,2024-08-06 14:01,semoga besok pas mpkmb day 2 dah sembuh deh😔😔
@dignifiedlady_,2024-08-06 13:59,Demi apapun abis balik mpkmb gw langsung mandi jir stinky aefff stelah  almost 14 jam 😭😭😭
@coupernicium,2024-08-06 13:58,"aku mau cerita kebaikan kakak medis yang udah kayak ibu peri. jadi tadi aku udah siap bgt tuh mpkmb dengan BANYAK SOP NYA. aku jalan di barisan mapit udah gitu paling belakang. pas jalan baru depan pos satpam asrama, GOODIE BAG KU ROBEK???? trs semua barang kececer dimana mana"
@amorrozs,2024-08-06 13:58,"update after MPKMB IPB 61 Day 1.
Seruuuu POLLLLL!!! dari awal sampe selesai semeriah itu acaranya. Siapa sangka kedatangan Mba Nana sama Ka Cinta ((kek kenal deket bgt panggilannya)) jadi pembicara kuliah umum di Day 1 ini?!!"
@shevakamila,2024-08-06 13:57,"mpkmb seru bgt tp gasuka gue punya asma dikasi pita trs dipisahin, aneh bgt huhu ya walaupun tujuannya care yaa"
@axapenghunimars,2024-08-06 13:57,"aku selaku perwakilan kisah semesta mengucapkan terimakasih, dan semangat mpkmb nya buat kalian🤩🤩🙌🏻"
@kaedeharv,2024-08-06 13:49,kangen mpkmb :(((
@dea_bukandhea,2024-08-06 13:48,"dih mpkmb skrgg pembicara nya najwa shihab sama cinta laura. kok jaman w gak beginii. baru hari pertama ni, kita liat hari selanjutnya"
@rutoipb,2024-08-06 13:47,"kakak kakak medis mpkmb 61, sehat selalu ya kak 🥺🥺🥺 makasi udh care banget pls, makasi sdh membuat aku as mapit ga terlalu ngerasa minder 😣"
@jijellipebe,2024-08-06 13:47,apa dah kocak mpkmb sv kelarnya malem amat ga kayak dramaga jam 4 udh kelar
@mingyuipb,2024-08-06 13:41,abis mpkmb gw balik ke rumah gak balik bogor lagi
@amarymone,2024-08-06 13:40,mpkmb ipb : berangkat gelap pulang gelap
@xowiecat,2024-08-06 13:39,Angkatan mpkmb online can't relate🥲
@wholeluve,2024-08-06 13:38,"salah emg kalo lihat tiktok skrg' tuh, mpkmb ipb semua fyp ak🙂‍↔🙂‍↔🙂‍↔"
@urjiiinji,2024-08-06 13:34,abis mpkmb gw rest 1 tahun
@rjanne17,2024-08-06 13:25,eh sedih deh besok terakhir mpkmb
@zkyaaz,2024-08-06 13:23,day 1 MPKMB aja udah sekereenn itu apalagi selanjutnyaa🥹🥹🥹 pls ipb keren banget terharuu dehh☹️🥺😍
@babiesyoda,2024-08-06 13:20,isi tl awk penuh asupan sv sama spam day 1 mpkmb😁
@ssweetolive,2024-08-06 13:20,mpkmb sv ipb day 1 seruuuuwwww
@naylastudy_,2024-08-06 13:19,mpkmb sv ipb day 1
@adeliameong,2024-08-06 13:18,"Recap mamam mpkmb sv 61, enyak smuwaa DAN YANG UNEXPECTEDLY ENAK ADALAH TOPOKKI SNACK NYA?!?!"
@cemumsky,2024-08-06 13:17,Mpkmb taun depan prilly dah ini
@juymengs,2024-08-06 13:16,MAUU IKUT MPKMB '62 😭😭😭😭😭😭😭😭😭😭😭😭😭😭😭😭😭😭😭
@stabiloveu,2024-08-06 13:16,mpkmb day 1 ku beri rate 10/10
@stabiloveu,2024-08-06 13:15,JUJUR MPKMB DAY 1 KEREN BANGETTT??!!! love banyak banyak buat kakak panitia! Semua acaranya kerennnn tapi bagian ini mnurutku paling seru soalnya betasa di prank tp prank yang menyenangkan!!!!!! apalagi bagian erornya keren aja mnurutku ah tp emg sepanjang acara keren keren sih
@coupernicium,2024-08-06 13:13,pagi pagi aku kesel soalnya GOODIE BAG KU PUTUS??? trs pas opening di gww aku nangis soalnya terharu bgt gak nyangka bisa duduk di gww ngikutin mpkmb oww:( terus HAPPY BGT PERANG JARGON DAN BANYAK KEJUTANNYA😭👍🏻 harapan hari kedua semoga lancar gak ada kendala sama tetep sehat si
@shigatsuww,2024-08-06 13:13,dana mpkmb ipb abis buat guest star ege makanya makan siang nya hokben kw mana acarnya basi😭😭😭
@katshyck,2024-08-06 13:13,top 3 kebanggaan warga sv saat mpkmb (kenyang perut cuy)
@sukalinjur,2024-08-06 13:12,dibikin kenyang sama mpkmb sv ipb
@bonfirekiss,2024-08-06 13:11,Mpkmb tiap hari boleh gak tapi bagian makan aja
@mzzrke,2024-08-06 13:10,"tadi pas masuk ke gww gua nangis 😀😀 dalem hati gua ""gua serius bisa duduk disini, bisa ikutin rangkaian mpkmb ipb"" KAYA GA NYANGKA"
@ataa134,2024-08-06 13:07,kelar mpkmb gue 24 jam di hs gpp dah
@1OM0NTHSLOVE,2024-08-06 13:05,konsum mpkmb sv top markotop jaya slalu
@1OM0NTHSLOVE,2024-08-06 13:05,begitulah kira kira potret kicil mpkmb hari ini ⭐️_____⭐️
@Wilsyad1,2024-08-06 13:04,"anak 61 ayo dongg ceritain gimana hari pertama MPKMB nya
seseru apa sih? 
sekaget apasih tadi sama guest starnya? 
sama harapan buat hari kedua apa?"
@llyyytn,2024-08-06 13:04,debut di ig mpkmb😋
@swidyam,2024-08-06 13:00,anak nararya nnti dlu yh cinlokny nunggu selese mpkmb aja😉
@xnxyllzr,2024-08-06 13:00,"jujur panitia MPKMB 61 gokiel banget kayak dikasi surprise beruntun cuyyy.
makasih kaka-kaka panitia semuaa🫶🏼
semangatt🤩"
@adliaprtw,2024-08-06 12:56,"lagi cape pulang kerja kea gini, terus liat sg temen lagi pada mpkmb. aku juga mau ya Allah:)"
@mthrismotherin9,2024-08-06 12:55,mpkmb gw gadapet hokben
@babiesyoda,2024-08-06 12:54,"TIBA” CINTA LAURAA, BANYA BANGET GEBRAKAN MPKMB😭😭😭🫰🏻🫰🏻"
@shinysunbreezee,2024-08-06 12:53,smgt kakak kakak panitia mpkmb 61 semoga malem ini kalian bisa istirahat yawww
@IPBbercanda,2024-08-06 12:49,SILAKAN CERITAKAN MPKMB KAMU HARI INI!!!!!
@xchiggarates,2024-08-06 12:48,"seruu banget mpkmb sv nya, tapi pengen didatengin mba nana juga plis........"
@auliandnrlb,2024-08-06 12:47,Ya allah dek…. Kenapa baru masuk pas udah mpkmb…. 😭
@peachhyypeaachh,2024-08-06 12:45,"1000000/10
astaga kakak kakak panit mpkmb 61 kereen polll, sumpah tingkat kekerenan nya gabisaa didefinisikan, NARASUMBERNYA KEREN KEREENNN POLL ASTAGA (MAW NANGISSSS), KAKAK KAKAK PJK RAMAH POLLL JUGAAAKKK WAWAWAAWW (terimakasi suda diberi sendok soalnya td ak enggk dapet kak)😭"
@kikiozon,2024-08-06 12:45,besok batiknya boleh ga klo gaada kantong?😔 #mpkmb
@toslesjours,2024-08-06 12:45,wajar ga sih nangis garagara ngeliat yg lain dijemput pulang mpkmb dan gaada siapa2 di kost 😭
@asykth,2024-08-06 12:44,"kangen mpkmb huft, pengen masuk IPB lagi tapi mpkmb nya aja"
@peachhyypeaachh,2024-08-06 12:43,OOIYAAA MAU RATEEE MPKMB HARI INI
@hwisun,2024-08-06 12:40,gw emosional bgt bjir pas opening mpkmb 🥹🥹🥹 kek ini rasanya diterima di dream univ dream major 🥹🥹🥹 trs kesedihan gw 3 taun lalu terbayarkan skrg
@_bunnylatte,2024-08-06 12:40,H-1 MPKMB SV IPB cape banget ya Allah ya Allah ya Allah
@aksyojmoon,2024-08-06 12:38,Gengs rekomendasi lagu buat up story mpkmb dong........masih ada 4 hari lagi
@rektoripb,2024-08-06 12:38,mpkmb blum selesai tapi ak udah pengen jadi panitia 😭😭😭😭😭😭😭😭
@pipiah_,2024-08-06 12:37,"1000000000/10 untuk mpkmb sv ipb day 1 thank u so much buat kakak"" panitiaa😻💗🫰🏻🫰🏻🫰🏻🫰🏻

semoga bsk bisa lebih seru lgi yaa... 
selamat beristirahat all"
@coconatir,2024-08-06 12:36,"jangan dong, itu hari closingan mpkmb 😔"
@24whoran,2024-08-06 12:36,mestinya abis mpkmb ada libur sebulan
@maunan14,2024-08-06 12:34,kalo yg isi konser penutupan MPKMB IPB 61 itu The Jansen gua gaterima bgt 😄
@woopyfloopy,2024-08-06 12:28,jadi kepikiran ipb abis berapa ya mpkmb.....
@sprinxlee,2024-08-06 12:25,MPKMB 61 MANAAA HOKBENNYA
@nayalolosutbk25,2024-08-06 12:24,luar biasa mpkmb hri ini cuy tp pegel bujur😅😅😅😅
@xartemn,2024-08-06 12:20,"AAAAAA WHYSJEHEJEU GA MAU SELESAI MPKMB TERUS ASING AMA TEMEN2 NOOO AAAAAAA IPB WHYYYY

asing ama itu juga🙁 i have to make the most selama mpkmb"
@agreekalcer,2024-08-06 12:20,ini omset umkm di bara berapa ya mpkmb gini
@xchiggarates,2024-08-06 12:20,"KONSUM MPKMB SV IPB GACOR
1. Snack pagi = Holland Bakery 
2. Lunch = Hokben 
3. Snack sore = Merdeka"
@zwvorz,2024-08-06 12:19,cintaku bersemi di mpkmb
@cheyiue,2024-08-06 12:13,"ga ngerasa capek samsek mpkmb, krn hal ini g bakal keulang 2x kecuali ngulang thn depan 😭🙏🏻"
@zwvorz,2024-08-06 12:11,siapa sangka deh mpkmb day 1 ngundang mba nana sm ka cinta laura.....
@_ezalev,2024-08-06 12:03,Udah angkatan 61 tapi jingle MPKMB masih belum ada yg ngalahin 53 😎
@aryagapakevasco,2024-08-06 12:03,Dirumahh😭🙇🏻‍♂️liatt MPKMB lewatt SG 🏃🏻‍♂️
@jenoskhb,2024-08-06 12:03,"rate mpkmb day 1 menurutmu dong, kalo versiku 100/10 superr seru narsumnya ga main main cuy,,, cuma gww nya agak sempit aja"
@aya_diaries,2024-08-06 12:01,ih astaga tadi aku baru pulang dari mpkmb di jalan ada yang pingsan KASIAN BGT
@nattenotflaw,2024-08-06 11:58,Kok bs ya ada yg cinlok pas mpkmb
@etdahwkwk,2024-08-06 11:56,Mpkmb keren tp gw maba pita ELAH
@meteorhologi,2024-08-06 11:52,"guest star mpkmb day selanjutnya yg sy impikan: fedi nuril, jovial da lopez, zhafira aqyla, vina muliana, kak sarah/kak ficky coc"
@nnaaninuu,2024-08-06 11:51,"jadi kk kk panit mpkmb kyknya lebih cape😓😓😓 mereka keren keren bngtt, sangatt sigap dan gercep... MAKASIHH YAA KAKAK KAKAKK!! jangan lupaa jaga kesehatann🤍🤍"
@sugaipb,2024-08-06 11:48,"Ini po mpkmb kh??, Tanyain aje dah, ntar gmna"" gtu"
@aryagapakevasco,2024-08-06 11:43,Dekoran MPKMB kerenn teruss🧟‍♂️👹❤‍🩹
@commstood,2024-08-06 11:41,assalamualaikum mpkmb kena mental🙏🏻
@psycholgurl,2024-08-06 11:37,"Konsum SV IPB day 1 MPKMB ❤️ 
Perbaikan gizi untuk anak kos 🫰🏻🥺 thank you ipb"
@hiatgss,2024-08-06 11:36,edisi abis mpkmb day one 🤓
@gryffindorivy,2024-08-06 11:34,yh seenggaknya ospek ini barengan sama mpkmb
@nipnif,2024-08-06 11:33,"MPKMB DAY 1 !1!1!1!
JUJUR INI KEDINGINAN BGT SOALNYA AIRNYA KYK ES😰😰😰😰"
@han1nnnnnn,2024-08-06 11:24,besok ada gebrakan apalagi yh dari mpkmb
@vairjys,2024-08-06 11:22,kak mpkmb sv ipb seru abiezzz gilak keren banget ga expect sekeren inih
@vanrachm,2024-08-06 11:21,shout out untuk seluruh kaka kaka panitia MPKMB karena baru hari pertama aja udah sekeren itu. sehat selalu kaka panitia yang kece dan keren🔛🔝
@theycallmepeka,2024-08-06 11:20,dokum day 1 - mpkmb 61!!!
@bluebeccies,2024-08-06 11:19,"sumpah.. day 1 mpkmb IPB hari ini gokil banget pliss, masih gak nyangka.."
@frsepii,2024-08-06 11:18,mpkmb day 1 mengoleksi banyak dakara core
@dishayangkamuu,2024-08-06 11:17,"bener cok, hokben bisa dibeli lain hari. tapi mpkmb dengan set dan gs yang keren ga bisa dibeli well😋🤘"
@urzmileygirl,2024-08-06 11:15,Iri bgt mpkmb Cinta Laura
@mingyuipb,2024-08-06 11:09,konsum ketiga day 1 mpkmb 😋
@mingyuipb,2024-08-06 11:07,konsum mpkmb gg 3x sehari jir gw kayaknya sampe kost gausah beli makan juga bisa
@maunan14,2024-08-06 11:06,"woi ini day 1 MPKMB IPB 61 narasumbernya udah se proper dan se elite ini bayangkan dari pagi sampe sore enjoy sama materi nya. Absen - absen ada Ibu Najwa Shihab, Kak Putri Tanjung, Pak Haidhar Wurjanto, dan Kak Cinta Lauraaa."
@alexxalbon,2024-08-06 11:06,"JINGLE MPKMB 61 ENAK BGT ANJIRRRR GW CINTA, MAKASIH KAKAK KAKAK YG BUAT JINGLE SE ENAK INI 😭😭😭😭😭😭"
@doospacee,2024-08-06 11:03,padahal nungguin windah muncul pas mpkmb 😔😔
@hwisun,2024-08-06 10:48,from jelajah ipb to mpkmb ipb 🥹
@cherrywaffle__,2024-08-06 10:46,maaf kalo kayak overproud mpkmb di sg anjir soalnya gue beneran BANGGA😭🫶🏻😭🫶🏻😭🫶🏻
@nightstars__,2024-08-06 10:44,"review mpkmb day 1, sangat seru tapi remuk sebadan"
@cheyiue,2024-08-06 10:43,woi gamon mpkmb day 1
@g0dzSake,2024-08-06 10:40,mpkmb day 1 gacorrrr
@woofyouu,2024-08-06 10:39,Buset MPKMB dari jam set 5 sampai jam segini gak kelar-kelar?
@sehatselaludir,2024-08-06 10:29,gokil ini mpkmb 61 narsum nya mahal² coy 😭😭😭😭🙏🏻🙏🏻🙏🏻
@simpforcake,2024-08-06 10:29,makin gong aje narsum mpkmb ini
@20ruinz,2024-08-06 10:26,narsum mpkmb gokil
@jinterstelar,2024-08-06 10:23,"Mpkmb sekarang sama tahun lalu asik betul, zaman gue mah boro boro ada artis"
@astronotcentil,2024-08-06 10:18,INI BAYAR UKT NYA BRAPA KAK INFOKAN MPKMB PREMIUM 😭😭😭
@lovesomely,2024-08-06 10:17,Gue nangis anjir mpkmb sv cokk
@mikkuuo,2024-08-06 10:16,anjir cl?? woii mau mpkmb lagi 😭
@pipiah_,2024-08-06 10:12,MPKMB SV IPB 61 paling top🥰👍🏻
@sapwwann,2024-08-06 10:11,"mpkmb  kalo bukan karena PJK paling baik sedunia, mending Dateng tanggal 12"
@upimhrm,2024-08-06 10:07,WOW mpkmb tahun ini cinta laura🤩
@architectuvre,2024-08-06 10:07,"mpkmb day 1 asik parah, gue tidur cuma pas ptr tnjg😁"
@yaiaiaaaaaa,2024-08-06 10:05,"(lagi beli makan di teteh)

👩🏻""baru pulan juga ya?""
👱🏻‍♀️""hah engga, km baru beres mpkmb yh??""
👩🏻""iyaa, kaka angkatan berapa""
👱🏻‍♀️""aku 59☺️☺️☺️""
👩🏻""😃☺️🥰""

GUE MERASA SANGAT TUA BERTEMU DENGAN 61😰😰😰"
@loadingsmh,2024-08-06 09:52,"walaupun pantat dan sikil kemeng, tapi mpkmb day 1 keren bangeettt wehhh 💯💯💯"
@minhalide,2024-08-06 09:50,day 1 mpkmb ipb 61 seru bgt oi 😻
@jiseokbogor,2024-08-06 09:49,YG GK KEBAGIAN HARI INI SANTAI AJAAA BESOK KU BAWA LAGIII (sampe hari terakhir mpkmb 👍👍)
@kleforlie,2024-08-06 09:48,abis mpkmb ajak aku jalan jalan PLIS ayo
@krabbypattyyums,2024-08-06 09:48,"feeling gua mpkmb 2 hari, cinloknya 2 semester sih"
@mingyufutsal,2024-08-06 09:37,"tadi ada yg hand bannermya tulisannya ""cinlok pas mpkmb? jangan ya dek ya"""
@ratuestteao,2024-08-06 09:34,"MPKMB DAY 1 KELAR !!

honestly capeknya tuhh cuma capek duduk. konsumnya juga cocok di lidah aku cuman sayang katanya saladnya basi ಥ⁠‿⁠ಥ but it's okay, karena ngundang najwa shihab, cinta laura, putri tanjung sama ceo teh indonesia udah keren bgt, trims ipb 💙"
@haec1an,2024-08-06 09:26,kapan lagi tiduran di gymnasium pas lagi mpkmb
@xartemn,2024-08-06 09:10,Crushing kakak pjk will end setelah mpkmb right...
@katshyck,2024-08-06 09:06,"sv hari pertama mpkmb langsung karaokean bareng (song ""ibu pertiwi"" by ismail marzuki)"
@woofyouu,2024-08-06 08:54,"Adek gweh lagi MPKMB, jadi throw back waktu gue terakhir MPKMB lagi ngapain gitu lupa eh pak jaim naik panggung trus dibubarin gitu aja wkwkwkwk ""dah sore dah lewat jam sholat ashar, banyak yang mau sholat. Panitia knapa nahan-nahan"" seingat gweh begini sih wkwkwkwk"
@yourlestrange,2024-08-06 08:47,"taun lalu maudy, taun ini cinta laura 😭 gacor kali mpkmb ini"
@nunuisarabbit,2024-08-06 08:44,tahun depan aku pastiin bakal ikutan mpkmb
@kqaayu,2024-08-06 08:42,jgn cinlok waktu mpkmb ya dek ya
@shyeeeya,2024-08-06 08:42,konsum 2 mpkmb sv ipb
@foralsskets,2024-08-06 08:36,ANYINGG MPKMB SKRG NGUNDANG PUTRI TANJUNG PLS MAU KTMU BGT SHSHAJAKKSKD CURANGG
@lovingssoo,2024-08-06 08:19,Kayaknya mpkmb sebelah seru ya😊😊😊
@fleyura,2024-08-06 08:16,gawat gusy gw beneran pargoy mpkmb prikitiw done
@eunwooipb,2024-08-06 08:16,"demi apa pun gue udah ga peduli bentukan gue gmna pas mpkmb, skskkss soalnya jd gembel bgt"
@nnaaninuu,2024-08-06 08:15,MPKMB DAY 1 GACORRRR BNGTTTTTT
@gumohwo,2024-08-06 08:10,MPKMB DAY 1 KACAW BGTTTT PETJAHHHHHHH GRRRRRRRRR
@areemahays,2024-08-06 08:10,ih deja vu banget liat konsum mpkmb sv sama kyk tahun lalu hokben dan holland bakery 🥺
@micimucimici,2024-08-06 08:07,mpkmb taun ke taun gebraknnya keren keren bgt deee
@heyychannnie,2024-08-06 08:03,kaka kaka panit mpkmb sv ipb bener bener act of service dan funny ((walaupun itu komdis jg))
@dity4sh,2024-08-06 08:00,PENGEN BGT IKUT MPKMB 😞🥺
@Imtiyaz3fakhryy,2024-08-06 07:47,lah misah yaa? taun lalu di mpkmb 60 SV sama sarjana digabung di gww soalnya sampe hari ke-3 atau brp giru
@lightchipss,2024-08-06 07:45,"anjg kirain gue apis boong tadi pagi kalo speaker mpkmb day 1 itu cinta laura, taunyaaaa benerannnn... gajadi ngantuk...."
@auliandnrlb,2024-08-06 07:40,Boleh mpkmb ulang ga si
@rutoipb,2024-08-06 07:38,makasi yaa panitia MPKMB IPB 🥺🌟🌟🌟🌟🌟🌟🌟🌟🌟🌟🌟🌟🌟🌟🌟🌟
@winsmilee14,2024-08-06 07:38,MPKMB NGUNDANG CINTA LAURA??? ANGKUT AKU KE GWW SEKARANG
@rajarakyatbiasa,2024-08-06 07:38,demii apa mpkmb 61 IPB Cinta Laura?!!!! KEREN BGT WOIIII😭
@sasimanbaswedan,2024-08-06 07:37,NAJWA SHIHAB PUTRI TANJUNG CINTA LAURA ANJAYYYY GOKIL BGT MPKMB
@rutoipb,2024-08-06 07:36,sumpah... MPKMB BARU DAY 1 BNER BNER WAH BANGET 😭🌟
@fleyura,2024-08-06 07:36,mpkmb kakkkj
@cottonjwlly,2024-08-06 07:29,"tadi pagi buta anterin ade gua mpkmb dan teman temannya, makasih ya sudah percaya"
@pipiah_,2024-08-06 07:01,trims yh aipibi konsum day 1 mpkmb nyaa
@haurysh,2024-08-06 07:01,mw ikut mpkmb plsss
@nanabitna,2024-08-06 06:53,Gunwook ikut mpkmb ipb 61🤩🤩🤩
@mint___0822,2024-08-06 06:52,telat mpkmb moment kah nder
@wedepols,2024-08-06 06:49,mpkmb day1 = tumbang
@nnaaninuu,2024-08-06 06:38,eh jangan duluu mpkmb blom selesaaiii
@asyafahanii,2024-08-06 06:36,wow hari ini mpkmb 61
@micimucimici,2024-08-06 06:08,yallah ini mpkmb 61 membuat gue ngerasa udah jadi fossil tua
@shymfiony,2024-08-06 06:01,dari yg diujung dunia to cat 1 mpkmb mas bro
@meandpeeps,2024-08-06 05:53,TERIMA KASIH AKHMAL UDAH SEMANGAT MENGIKUTI MPKMB HARI INIII 🥹🥹🥹🥹🙌🏻🙌🏻
@smarmoris,2024-08-06 05:51,sya mpkmb konsumnya enak km gak ngiler sya
@kongsirokok,2024-08-06 05:46,plis pengen liat mpkmb
@sevenahalf,2024-08-06 05:38,bjir mpkmb sekarang mah boleh bawa hp y
@groaxan_,2024-08-06 05:36,kapan lagi mpkmb konsumnya hokben
@rideordiees,2024-08-06 05:25,klo mpkmb gituu kita tetep bebas keluar masuk ipb kah??
@giigipp,2024-08-06 05:24,"penasaran bgt pls sama mpkmb tahun ini, kyk²nya lebih seru dari tahun lalu...."
@nabbbeeelll,2024-08-06 05:22,liat dekoran mpkmb cakep bgtttttt???
@jaeminasdfghjkl,2024-08-06 05:19,"Ayoo maba 61 pls penuhi tl ku dg MPKMB ituu, aku kepo bgt, kangen euphorianya jugaa😫😫"
@lovinscarr,2024-08-06 05:17,"ak dulu dari mpkmb aja udh ga excited, lanjut minggu pertama perkuliahan jadi semakin pengen kluar ipb"
@arrietsie,2024-08-06 05:05,semoga mpkmb ipb ga lewat di tl ku☺
@asloveseems,2024-08-06 04:54,mpkmb di botas aja yuk plis
@gentad4rs,2024-08-06 04:53,"buset kayanya baru jg gua mpkmb kemaren, udh semester tua aja skg"
@gostoods,2024-08-06 04:30,gatau kay sumpah bisa ga 5mnt aja mpkmb hari ini
@shymfiony,2024-08-06 04:27,"hari hari jingle mpkmb 61, tp emg enak sie"
@UGoyounjungM,2024-08-06 04:18,aku juga mau ikutan mpkmb bareng :(
@aksyojmoon,2024-08-06 04:18,Siapa yang nangis pas masuk gww buat mpkmb ipb hari ini??? Sayaa
@katshyck,2024-08-06 04:17,winter anak ipb trs ikut mpkmb sv ❄️☃️
@nayalolosutbk25,2024-08-06 04:08,merinding mpkmb cok…
@Sddm00,2024-08-06 03:52,mendadak banget? lagi closingan MPKMB gabisa di ganggu🙏🏻
@mikyworst,2024-08-06 03:42,"jangan anjir gua masi mpkmb, lagi acara puncak we ah"
@oysted,2024-08-06 03:40,temen w ada yg masih jadi panit mpkmb sekarang ga ya
@IPBbercanda,2024-08-06 03:40,absen dong adikadik yg sedang mpkmb😁☝️
@easymoneyslider,2024-08-06 03:33,ak mpkmb dulu aja dah ga excited
@adipnphys,2024-08-06 03:27,wow mba nana lagii sudah ketiga kalinya hadir di mpkmb 🤩
@gawkulator,2024-08-06 03:19,fomo dikit mpkmb
@Aida_rhma,2024-08-06 03:02,"Ak mpkmb dulu jg excited skali, lanjut minggu pertama perkuliahan langsung pengen kluar ipb"
@bachiyyra,2024-08-06 03:01,SYIT HARI INI AMMAY JADI MC MPKMB WKWKSJDNDU goodluck ammay pls siap sedia masker 😟😟
@sobagoreng,2024-08-06 03:00,ADA MBA NANA DI MPKMB IPB
@nutapdf,2024-08-06 02:59,"ak mpkmb dulu jg excited skali, lanjut minggu pertama perkuliahan langsung pengen kluar ipb"
@_16553,2024-08-06 02:55,LAH AIPIBI UDH MPKMB YA
@commstood,2024-08-06 02:52,jir liat twit ini sambil baru bangun pas mpkmb
@renjunhinjoon,2024-08-06 02:48,mpkmb ipb 61 anjay banget
@agreekalcer,2024-08-06 02:44,wow dekor mpkmb keren banget
@Aida_rhma,2024-08-06 02:37,"Mpkmb biasanya muterin aftermovie mpkmb 4 taun kebelakang, WAHAI 56, AFTERMOVIE KITA DAH BASII GA DIPUTER LAGI DI GWW TAUN INI 😭😭😭🤏"
@onmyprogress,2024-08-06 02:34,"AAAAAAAAAAAAA semakin iri gaikut mpkmb, tp drpd gueh tumbank lagi 🤗"
@ellnovak,2024-08-06 02:30,GACOORRR MPKMB ADA MBA NANA
@gumohwo,2024-08-06 02:30,NAJWA SHIHAB DI MPKMB IPB AAAAA
@chocopies8,2024-08-06 02:25,"HAHHAHAH, yaallah aku bnr2 buluk pas mpkmb takut ama komdis🥰"
@slothieff,2024-08-06 02:25,NAJWA SHIHAB DI MPKMB IPB‼️‼️‼️(MAAP KAMERA GWW 😭😭😭)
@chocopies8,2024-08-06 02:23,fix mba nana jadi tamu langganan mpkmb ipb😭
@mollimouli,2024-08-06 02:19,"MPKMB IPB 61 DAY 1
""Lebih baik membayari ibu kota baru daripada kuliah""
""Menggagahkan gedung daripada menyalakan pengetahuan"" - Najwa Shihab

🫣❤️‍🔥"
@aneversez,2024-08-06 01:53,"no word for mpkmb day1, ASIK ABIS GILAAA KACAAAUUU GOKILL GACOORRRR"
@saysikenow05,2024-08-06 01:53,SERU BGT MPKMB IPB RRRAHHHHHH
@bangbaayy,2024-08-06 01:50,keren dah tari ikpmr perform diopening mpkmb
@Dndramlk,2024-08-06 01:45,"eh jangan dong, lg closingan mpkmb"
@AlenNaren,2024-08-06 01:42,"Terimakasih 🫶🏻, semangat mpkmb nya🎉🎉"
@peachllava,2024-08-06 01:40,mpkmb gww pls gedein ksian maba bnyak yg di luar ((trmsuk gw)) 😡😡
@s5olitude,2024-08-06 01:40,mpkmb terasa kurang kl gaada maba ciwi yg ngeluh gaboleh pake makeup pas mpkmb 😶‍🌫️😶‍🌫️
@zwvorz,2024-08-06 01:39,editor mpkmb 61 keren bgt sumpah
@urjiiinji,2024-08-06 01:39,mpkmb dapet merch topi mancing
@chasedeadg,2024-08-06 01:36,maaciii yaa3 semangaatt mpkmb nyaaww
@Opet253447,2024-08-06 01:32,Baru juga mpkmb ga sih
@rideordiees,2024-08-06 01:17,"jd pgn mpkmb lagi, langganan cat 1 dri pagi smpe siang + public enemy satu angkatan ((pramudya))"
@malachitin,2024-08-06 01:15,ig gua udah ky live report mpkmb
@bildelrey,2024-08-06 01:13,"ak mpkmb dulu gk excited"" amat karna kaum berpita, lanjut minggu pertama perkuliahan langsung pengen pindah ui"
@dlacorfiles,2024-08-06 01:11,kecewa dikit MPKMB hari ini tidak bisa melihat pak rektor 😿
@raisyys,2024-08-06 01:09,aku dulu day 1 mpkmb telat bangun tp untungnya kaya di coel dr jendela sama ibu nyaa temen kos ku😭
@waeuciss,2024-08-06 01:09,kepikiran muter jingle mpkmb laksamana agridaya
@hnbecool,2024-08-06 01:08,semangat mpkmb nya❤️
@chibimrkchan,2024-08-06 01:07,"ak mpkmb dulu jg excited skali, lanjut minggu pertama perkuliahan langsung pengen kluar ipb"
@afwaae,2024-08-06 00:56,mpkmb enam satuuUu
@AlenNaren,2024-08-06 00:54,"Umumunuuu😋😋, andhiasss juga semangat yaww mpkmb nya🫶🏻🫶🏻"
@uchagiw,2024-08-06 00:45,"siapa yang udah gak sabar mpkmb…
aku…"
@nightstars__,2024-08-06 00:36,"gue judulnya nonton ""reaction mpkmb"" anj"
@yanstudytwt,2024-08-06 00:35,MPKMB D-DAY🔥☝️✨🤩
@aureliazfnya,2024-08-06 00:32,"BARU DAY-1 MPKMB, IKPMR BOGOR UDAH ADA GEBRAKANNYA AJA"
@situdy,2024-08-06 00:31,ya Allah kangen MPKMB
@mihayyo,2024-08-06 00:29,"Masih pagi udah liat sw temen yang sedang mpkmb sv ipb, alias njir keren"
@gostoods,2024-08-06 00:26,gue liat apa anjrit pls berikan kami keadilan masa 3hari mpkmb selalu diluar gww. SEKALIII AJA DIDALEMMM PLSSSSS
@tasmoniaa,2024-08-06 00:26,eh tmn² 61 kalo ak qrt or rep twt kalian tu cman lg tb aja kok gkpapa pls ngetwt lg aja ak mw tau cerita² lucu mpkmb skrg
@lildrmctchr,2024-08-06 00:25,memulai hari dengan ritual setiap mpkmb ((memutar jingle mpkmb 56))
@tasmoniaa,2024-08-06 00:17,sg seken semua org tb mpkmb 60☹😪😥😥
@fathanmakkuraga,2024-08-06 00:14,"MPKMB 61 rating 1000/10000. Sedih, terharu + seneng jadi satu 😭🤩"
@pangeranmimpin,2024-08-06 00:09,"GILA LU MERINDING MPKMB GASIH CO SUMPAH DAH LIGHTING, GRAFIS, SISTEMATIKA, PANIT DLL KEREN COO"
@zakien6,2024-08-06 00:07,Gammon bgt gw pls MPKMB seru
@flawybiel,2024-08-06 00:05,mpkmb ya Allah😭💔
@goomaaddict,2024-08-06 00:05,gacor kakak kreatif mpkmb
@itadoowri,2024-08-05 23:59,GAIS UJI IKUT MPKMB!!! 🤩
@wotahmell,2024-08-05 23:47,"td pas ke kampus trs ngelewatin maba 61 yang lagi mobilisasi mpkmb, gue kek anjir lahh pengen ikutan juga😭😭 jantung guee deg-degan parah ikutan ngerasain euforianya huee"
@Haibarha,2024-08-05 23:40,hari ini mpkmb sv aaaa
@alotofjahe,2024-08-05 23:40,TAHUN DEPAN GILIRAN GUE YANG MPKMB
@alotofjahe,2024-08-05 23:40,Yang mpkmb siapa yang sibuk nulis siapa (gue)
@Itstan19001469,2024-08-05 23:38,AAA NANGIS BANGET INI BENERAN KAN IKUTAN MPKMB IPB😭😭
@sellemey,2024-08-05 23:25,pagi ini dibangunin sm yelyel mpkmb 61 bjir
@yellewood,2024-08-05 23:21,MPKMB tamasyaaa 🥺💙
@sunsetdayone_,2024-08-05 23:06,smngt mpkmb yang teman teman 61
@jaeminasdfghjkl,2024-08-05 23:02,"EH IYA HARI INI MPKMB ANJIR, SEMANGAT MPKMB ADEK-ADEK 61"
@uchagiw,2024-08-05 22:56,"aaaa mpkmb hari pertama
kangen tahun lalu 😔😔😔"
@ayambakarbubejo,2024-08-05 22:34,dari malam sampai pagi di kampus dan siap siap ketemu maba lagi mpkmb pas pulang😮😮
@Wilsyad1,2024-08-05 22:31,"Institut Pagi Buta (part 3) 
ini udah H1 MPKMB"
@finnocchio_,2024-08-05 22:20,eh wow yel yel maba mpkmb menjadi alarm pagi ini..
@nisnoot,2024-08-05 22:04,arla 😢 ak mw mpkmb 😢 mlh nangis di jalan 😢
@sulitrolldepan,2024-08-05 22:01,D-Day MPKMB banget nihhh
@Aho_Serval,2024-08-05 21:57,MAJU LO MPKMB BESOK FRIEREN COMEBACK
@rektoripb,2024-08-05 21:48,day 1 mpkmb ipb maba nya jadi casis
@itadoowri,2024-08-05 21:45,Dede uji siap mengikuti mpkmb day 1 🥰
@cipOlsit3,2024-08-05 21:41,KM UDH DISANA???
@060411wa,2024-08-05 21:34,semoga kelar mpkmb ga pendekan🙏
@aminamow,2024-08-05 21:33,Grgr sponsor mpkmb ituu
@maunan14,2024-08-05 21:28,mari buakarrrrr 🔥🔥🔥🔥🔥🔥🔥🔥🔥🔥 semangat DAY 1 MPKMB IPB 61  !!!!!!!!!
@kyokenai_,2024-08-05 21:28,Mpkmb vibes nya berasa except kali ini tidak di asrama
@cipOlsit3,2024-08-05 21:27,katanya masi aman kalo yg deket kampus datang lewat dari 4.30…
@jenoskhb,2024-08-05 21:05,"gusy jgn lupa untuk dokumentasi hari-hari mpkmb yaa karena ada tugas buat bikin sg setiap hari perihal kegiatan mpkmb, semangatttt my lov fren semoga lancar hari iniii gaada yg ketinggalan <333 the best luck of us!!"
@chocrattes,2024-08-05 20:48,"SEMANGAT MPKMB DAY1!!!
baik kaka panit maupun adik"" 61 💥💥💥"
@llyyytn,2024-08-05 20:45,"hari pertama mpkmb gua bnrn haid, dan langsung berasa sakit bgt"
@OSCOCLIFFO,2024-08-05 20:42,selamat hari pertama mpkmb😻
@akuraditt,2024-08-05 20:42,"Pagi, cie mpkmb"
@cipOlsit3,2024-08-05 20:38,KENAPA ORG ORG UDAH PADA MAU OTW ANJIRRRR AK AJA MASI BIKIN SARAPAN😭😭
@bemymegumi,2024-08-05 20:26,eh serius ya kita hari ini memulai gim berjudul mpkmb 61 🤣🤣🤣
@gardenhug,2024-08-05 20:23,pagi semua!! selamat mpkmb day 1 yaa!!🤩🙌🏻
@frellsz,2024-08-05 20:12,Mpkmb day 1 nihh?
@crunoash,2024-08-05 20:11,"mpkmb kocak, itu baru bangun"
@grscpk,2024-08-05 20:05,mpkmb day 1 deg degan banget
@dlacorfiles,2024-08-05 20:03,sudah hari mpkmb
@cipOlsit3,2024-08-05 20:02,MASI NGANTUK😣
@mzzrke,2024-08-05 20:01,"hy met pagi, semangat h1 mpkmb"
@akuraditt,2024-08-05 19:58,Cie mpkmb
@scndstff,2024-08-05 19:09,pagi dan selamat hari 1 mpkmb ol🤟🏻
@amieonghann,2024-08-05 18:47,udah siap banget mpkmb tapi ga siap perkuliahan
@isthatdurrr,2024-08-05 17:32,anj mpkmb sv sponsornya acer predator??!!!!!!!!!!
@nabbbeeelll,2024-08-05 17:08,"dramaga pasti  siii, apalagi besok juga mpkmb"
@capcaygoyeng,2024-08-05 16:40,"yg mpkmb semangat, tp lebih semangat panitnya.. semoga sehat.. sll"
@finnocchio_,2024-08-05 16:36,eh semangat yaa semua orang mpkmb??? besok H1 semoga lancarrr
@saladbuahhahaha,2024-08-05 16:30,semangat panit dan peserta mpkmb🌟🌟
@gudpwipel,2024-08-05 16:19,Semangat mpkmb rekan2 61
@serephalite,2024-08-05 16:18,mpkmb belum mulai tapi udah stress duluan hhhhhhehehe
@burmannii,2024-08-05 16:13,Lagi repot nyiapin tugas ospek mpkmb 😁
@coumaryn,2024-08-05 16:13,"Ini mpkmb angkatan gweh 🥹 udah 6 tahun yang lalu masih legend aja

((Mendadak nostalgia))"
@aissyyyaipibi,2024-08-05 16:01,nangis pas h-jam mpkmb ga enaj banget..
@zekyyzek,2024-08-05 15:57,"lagu malem ini, manusia2 kuat itu panitia mpkmb 61 🫰🏻🫂"
@malachitin,2024-08-05 15:49,katanya yg g punya bpjs g bisa ikut mpkmb... coba tanya pjkmu dehh cepatt
@alesplacee,2024-08-05 15:48,OYYY MANGATTT H-BRP JAM MPKMB💝💝💝💝💝💝💝
@starryshineey,2024-08-05 15:46,abis mpkmb ae gasii
@chocrattes,2024-08-05 15:38,mpkmb 61 per kelompok disuruh buat maket
@groaxan_,2024-08-05 15:35,"besok mpkmb jir, akan kumanfaatkan waktu untuk berkenalan dengan bnyk orang."
@gorjesgurll,2024-08-05 15:31,"ak mpkmb dulu jg excited skali, lanjut minggu pertama perkuliahan langsung pengen kluar ipb"
@hnbecool,2024-08-05 15:30,"eh kalian kok masih pada bangun? ga takut besok ngantuk kah? bobo gih, semangat ya yg besok mpkmb hari pertama❤️"
@frellsz,2024-08-05 15:30,Celana item gw blm dianter cokkk besok mpkmb jirr padahal
@cipOlsit3,2024-08-05 15:05,ss gaboleh..
@eunwooipb,2024-08-05 15:03,"gak jauh si cm 1,5km tp kalo jalan kan lumayan ya, takutnya tenaga abis belum mpkmb sampe sore"
@roseshaze,2024-08-05 15:02,besok udah mpkmb ajaaa yipie semoga FUUUUUNNNN 🥺
@itadoowri,2024-08-05 15:01,Smgt besok mpkmb..
@kathyrnymr,2024-08-05 14:54,ambil almet hari ini & besok udah mulai mpkmb😍🫶🏻
@yujimib,2024-08-05 14:52,Lebih deg-deg an kena semprot komdis daripada mpkmb nya sendiri
@cipOlsit3,2024-08-05 14:50,"ok saatnya tidur, gutnait smw smngat buat bsok🙌🏻"
@bukunonfiksi,2024-08-05 14:49,Aku yg sejak pra MPKMB udah capek & ga berharap lebih🧍🏻‍♂️ semoga kuliahnya lancar dik
@yellewood,2024-08-05 14:47,siap mpkmb ❤️
@salvatoresfairy,2024-08-05 14:46,mpkmb boleh bawa sunscreen gasi..
@euphoricsyaa,2024-08-05 14:39,woyy lah besok mpkmb😀
@hiatgss,2024-08-05 14:33,"ready acar buat bekel mpkmb 😋
saatnya untuk tidur 🏃‍♂️"
@stabiloveu,2024-08-05 14:32,plsss mau sm swasti selamanya plssss mpkmb setahun aja ayooo
@akuntelorceplog,2024-08-05 14:32,Tugas mpkmb lu ga ada apa2nya dibanding bikin laporan praktikum tp kudu tulis tangan 😭
@pipiah_,2024-08-05 14:30,HAHAHAHAHA ANAK SEKEBO INI BERKELAHI DENGAN JAM MPKMB😭
@cipOlsit3,2024-08-05 14:29,aku pake buttered yang strawberry sihh spfnya 15
@flawybiel,2024-08-05 14:28,ak iri banget😞😞💔💔 sedih tdk ikut mpkmb💔
@cipOlsit3,2024-08-05 14:28,OKEI OKEI
@cipOlsit3,2024-08-05 14:26,PLS boleh bawa sunscreen sm lipbalm ga sih???😔 itu lipbalm spf doang kok gada warnanya suer..
@ZD13S,2024-08-05 14:26,lucu bgt tahun ini mpkmb pake slayer2😔😔😔pengen juga
@napatishappy,2024-08-05 14:23,semoga pas mpkmb gak ngerasa kayak anak ilang .........
@jenoskhb,2024-08-05 14:22,bentar gw mpkmb dlu knp sih
@eunwooipb,2024-08-05 14:21,seru bgt besok sekost mau nyewa angkot buat berangkat mpkmb 😭😭
@MPKMB_IPB,2024-08-05 14:21,"haloo sobat nara‼️
gimanaa persiapan buat besokk?? pastiin kalian semua bawa SOP yaaa, jangan lupa sarapan dan istirahat yang cukupp. 

SAMPAI BERTEMU DI HARI PERTAMA MPKMB IPB 61 YAAAA!! 🤩🙌🏻

#miminsyngnarapatibimantara"
@shanaandone,2024-08-05 14:20,"udah masa masa masuk mpkmb ya. mangat ya para anak ipb, salam dr aku yg menyerah krn 2 taun kena tolak ipb mulu, wkwk"
@meandpeeps,2024-08-05 14:17,"kewajiban mengingatkan maba untuk sehat selalu dan fit selalu, dan  buat panitia mpkmb ipb 61 diberikan selalu kesehatan selama hari h 🥹🥲 good luckkkk"
@astronotcentil,2024-08-05 14:14,"hlo mpkmb ini ap maksudnya ya. gaboleh pake make up, tpi sebelum hari H dibikin gosong 😭"
@hwisun,2024-08-05 14:07,gw slama mpkmb ini
@nightstars__,2024-08-05 14:06,asbun lo bikin gue lupa tugas mpkmb sumpahh😭👍
@Sutankahsutan,2024-08-05 14:03,"- Pas mpkmb ngajuin diri jadi ketua kelompok kecil = ancur-ancuran
- Tugas Akhir Statistika ditunjuk temen jadi ketua kelompok = Alhamdulillah lumayan lancar
- mpd kepilih jadi ketua kelompok karena spin = ...."
@noyamboya,2024-08-05 14:01,maju luhk mpkmb gue ga takut (sebenernya takut)
@superlative_ion,2024-08-05 14:01,Eeeeh besok hari pertama mpkmb yak? Semangat buat anak 61
@rock1estt,2024-08-05 13:52,semangat mpkmb bub😋
@8thdegrees,2024-08-05 13:47,Duh mules bsk mpkmb gw beneran takut
@ulatkecil_,2024-08-05 13:46,demi allah baik banget makasi banyak semoga jadi amal jariyah krn sdh meloloskan aku dari komdis dan bisa ikut mpkmb tanpa ngulang
@fleyura,2024-08-05 13:32,infokan game yg bs men distract ak dr kesedihan ini..... tp gbs dimainin jg dah anjir inget tugas mpkmb
@fleyura,2024-08-05 13:31,gapapa nangis tp ttp hrs lanjutin tugas mpkmb nya ya kk
@palsaid20,2024-08-05 13:20,"ilmu packing waktu camping trnyata membantu buat packing barang"" mpkmb"
@muztardketchup,2024-08-05 13:20,ini abis mpkmb postur badan gw makin jelek njir bawa ransel seberat ini
@intakipb,2024-08-05 13:14,dti dulu sebelum digempor mpkmb gusy
@rivsdrnaa,2024-08-05 13:13,"mpkmb jam 4 berarti bangun harus jam 3 bjirrr, TAKIT GA KEBANGUN PLS 😭🫵🏻"
@abbipraya,2024-08-05 13:08,Lu berapa hari sih mpkmb
@bumikudonat,2024-08-05 13:05,oh jadi ini org org dibalik admin sosmed mpkmb dan konten keren mpkmb 61 itu
@mzzrke,2024-08-05 13:03,yaAllah.. hari pertama mpkmb barengan sama hari pertama haid
@kasurbengkok,2024-08-05 13:00,WAAAA mau bgt gue coba abis mpkmb
@flawybiel,2024-08-05 12:57,besok😁😁😁😁😁mpkmb yh😁😁😁😁😁ya Allah😁😁😁😁😁😁😁mau😁😁😁😁😁😁😁😁😁
@jakiyaay,2024-08-05 12:53,BESOK MPKMB SV PADA DATANG JAMBER YEAH....
@flawybiel,2024-08-05 12:44,riyal ig first ak isinya twibbon temen2ku yang maba ipb😭 dgkxudosgalsba 😭 mw ikutan mpkmb bgt😭🤏🏽
@dlacorfiles,2024-08-05 12:44,besok sdh mulai real mpkmb... deg degan... takut sama komdis... kakak komdis jangan galak galak pls 😢😢
@ratuestteao,2024-08-05 12:43,"semangat buat kita besok guys, semoga lancar sampe hari terakhir mpkmb 💙"
@palsaid20,2024-08-05 12:40,info waktu mpkmb sv besok tuh jam brapa sih?? 4? 4.30? 5?
@ghaniyyuwaf,2024-08-05 12:35,Bara rame bgt ya Allah.. maba udah mau mpkmb ya
@Imtiyaz3fakhryy,2024-08-05 12:31,"buat adik adik 61 , tips n trick menikmati mpkmb berdasarkan pada pengalaman aku di tahun lalu 1. jgn tidur pas acara di gww nanti dimarahin komdis
2. jgn lupa sop nya harus lengkap
3. jgn kaget sama narsum nya yg bikin wow 
4. jgn lupa akrabin sama temen2 se kelompok besar ya!"
@apsiygkbwatkm,2024-08-05 12:31,slesai diorama di h-1 mpkmb.. pokonya gandhewoww 🫶🏻✨️
@yawnra,2024-08-05 12:27,eh sp tadi yg pnya jadwal jam mpkmb deh lewat tl😞
@inicyaa,2024-08-05 12:26,Besok mpkmb ki
@cipOlsit3,2024-08-05 12:23,TAPI JAUH ANJIIIIRR kayanya itu di kampus dramaga😔
@Itstan19001469,2024-08-05 12:22,BESOKK HARI H MPKMB IPB
@smarmoris,2024-08-05 12:22,siap sekali datang dan merayakan tpi raganya pengen ikut mpkmb tuh sah gak pak ustad
@athwete,2024-08-05 12:13,"dulu juga gua mpkmb excited bgt, minggu pertama kuliah gua langsung maag"
@grandparey,2024-08-05 12:10,"eh embarassingly enough dulu gw beneran nangis. soalnya mpkmb onlen terus HP gw rusak, laptop gw galama rusak juga, stres parah anjim udah kepikir apa DO aja ya kocak 😃"
@astronotcentil,2024-08-05 11:59,masukin ak ke live mpkmb yh
@han_vyyyy,2024-08-05 11:55,Aku krn persiapan mpkmb sii🥲
@kasurbengkok,2024-08-05 11:53,"bekalku untuk day 1 mpkmb, semangat gusy"
@arachatoraa,2024-08-05 11:50,"temen gua sampe bilang ipb tuh kampus paling ga worth it, dari maba aja tugas mpkmb nya udh ribet, kuliah ribet, tp pas lulus kurang di lirik😭"
@urcentauri,2024-08-05 11:34,omaygad simulasi mpkmb langsung
@shastory_,2024-08-05 11:33,mpkmb besok bgt nih!?👊🏻👊🏻
@Sddm00,2024-08-05 11:26,MPKMB dulu payyy😔☝🏻
@rjanne17,2024-08-05 11:19,mpkmb besok kalian bangun jam berapaa?
@fleyura,2024-08-05 11:18,gusy apakah dh siap mpkmb besok.......
@hiatgss,2024-08-05 11:04,"yah waktunya istirahat, soalnya besok mpkmb?!?!"
@eunwooipb,2024-08-05 11:04,takut mpkmb tapi excited juga?!??!
@malachitin,2024-08-05 10:58,POV: pulang mpkmb kejebak macet
@zelhazelhazel,2024-08-05 10:57,"Walah, kan gw mpkmb sampe tgl segituu, smoga sempet yah"
@eunwooipb,2024-08-05 10:57,besok mpkmb bangun jam berapa ya biar ga keburu-buru banget?
@cipOlsit3,2024-08-05 10:56,yuk bisa yuk malam ini hafalin yelyel
@summerberriyy,2024-08-05 10:35,mpkmb sarapan apa yaaa.....
@naruhiiko,2024-08-05 10:14,Moots besok kalo mpkmb melihat totebag genre nya gay angst seperti ini itu adalah ak😻😻😻
@jitweetss,2024-08-05 10:07,gua santai bgt ih not like i have so many tugas mpkmb yg blm kelar and tomorrow IS the mpkmb????
@mooozzarella,2024-08-05 10:05,harusnya lu replynya pake akun MPKMB tok 😂
@cherosworld,2024-08-05 09:55,haduu MPKMB besokkk
@dignifiedlady_,2024-08-05 09:47,Awas besok mpkmb lupa pake baju
@cipOlsit3,2024-08-05 09:41,ADKDIEKDIWJISJW km kost dmnnnnnn😣
@shestarst,2024-08-05 09:34,buat mpkmb 🧢
@lovesomely,2024-08-05 09:26,"Ini resume kuliah umum pra mpkmb tuh maksimal brp lembar deh, gue ada 9 paragraf anjrit"
@hanillyy,2024-08-05 09:22,gweh jadi takut tidur tp bsk mpkmb😀
@nailulyfe,2024-08-05 09:01,GIMANA GUYS H-1 MPKMB 61 PD DEGDEGAN GA?!?! GA SABAR KAH?!?!
@ivyalyaa,2024-08-05 08:45,siapa yg tumbang h-1 mpkmb???????? gue☝🏻
@cipOlsit3,2024-08-05 08:35,"GASSS, samaa ak jg kayanya pp ajaa"
@cipOlsit3,2024-08-05 08:31,AKU MALAH PENGEN AJAKIN KM KE KLIFE DI DEPOKKKKK lucuuu tauu tempatnyaaaaaaa
@cipOlsit3,2024-08-05 07:59,ak mw ke blok m flis😔
@jijellipebe,2024-08-05 07:52,siapa mau hype twibbon mpkmb sama ak☝🏻
@urjiiinji,2024-08-05 07:34,"aku hari ini ke bogor naik kereta bawa barang2 mpkmb karena mama dan ayahku tak bisa anterin, berat bgt jir... 😭😭✊️✊️"
@bbylu0,2024-08-05 07:29,Besok udh mpkmb aja
@juleyskz,2024-08-05 07:22,jgn pilih ohc besok @ st35 NNTI KITA PINGSAN ABIS MPKMB MASI HARUS ZOOM😭
@10kkupu2,2024-08-05 07:12,"Njir, twibbon sekarang make animasi. Gue terakhir make twibbon mpkmb cuman tulisan yang goyang ama lagu blackpink koplo dieditin peter"
@Galweth,2024-08-05 07:12,okee nanti lanjutin kalo mpkmb ini selesai 😀
@cipOlsit3,2024-08-05 07:03,"siapapun yg ngekost daerah malabar, sancang, atau sancang dalam pls barengan ke kampusnya besok pagiii😔 mau cari temen biar ga sendiri😔"
@todayisgege,2024-08-05 06:38,w dh mpkmb tahun lalu anjai😎🤘
@cipOlsit3,2024-08-05 06:35,baru aja td bikin kopi hack yang lagi rame… PLS ENAKKKK BGTTTTT
@fleyura,2024-08-05 06:32,yakan ak tkt sakit bsk mpkmb tp ak jg gatau beli dmn ia huhu sdih menjdi anak kos
@qariala,2024-08-05 06:16,yaallah… besok.. mpkmb…
@enfjul,2024-08-05 06:12,tugas mpkmb ipb
@llyyytn,2024-08-05 06:09,kata gua mah makan dripada pas mpkmb di bopong tandu
@cipOlsit3,2024-08-05 06:09,CANTIK AMAY ASHAAAAAAAAA MASYALLAHHHHH BTW MARI MUTUALANNN IG!!!
@24whoran,2024-08-05 06:01,brati ak gausah mpkmb yh kak
@stucktistika,2024-08-05 05:47,jangan meninggal dulu besok mpkmb
@naruhiiko,2024-08-05 05:35,Kuroo kenma ikutan mpkmb boleh gak
@vannotegar25,2024-08-05 05:22,Mau pamer twibbon MPKMB SV 61 nich!!
@narafots,2024-08-05 05:09,perut gua cenat cenut jir tiap inget besok mpkmb
@_nasywaulia,2024-08-05 05:02,mimpi mpkmb 61 bintang tamunya kak gem 😭👊🏻
@shyeeeya,2024-08-05 04:35,besok gue mpkmb weii🥹
@urjiiinji,2024-08-05 04:30,gas sblum besok mpkmb
@KalZanAl,2024-08-05 04:11,"Yg desain poster, twibbon, video mpkmb ipb siapa ya, keren bngt loch, lepas topi ak"
@thisispaiyow,2024-08-05 03:56,"takut btul oyy dah besok aja mpkmb, takut ada barang yang ketinggalan"
@_bunnylatte,2024-08-05 03:56,H-1 MPKMB GUSYY 🥶🥶🥶
@mfickyharis,2024-08-05 03:55,"Guys, kalo aku dateng di MPKMB 61 gimana?"
@boojaymey,2024-08-05 03:48,GA SABAR MPKMB SV IPB
@indrazakyy,2024-08-05 03:48,sriusan ini bsk mpkmb
@xartemn,2024-08-05 03:38,BELOM KAK BELOM WKWKWKWKWK AKU LAGI LIBUR INI BESOK BARU HARI PERTAMAA MPKMB😁😁
@mpkmbsv_ipb,2024-08-05 03:38,"H-1 MPKMB 61 SV IPB University‼️

Halo, Narapati Bimantara!
Satu hari lagi menuju main event MPKMB 61 SV IPB University💫. Kami tunggu kalian besok di Gymnasium Sekolah Vokasi, ya. Also, jangan lupa upload twibbon serentak pada pukul 12:00-14:00 WIB di instagram masing-masing🤩🫰"
@Dhitstudy,2024-08-05 03:23,Eh ril kah g blh pke anting pas mpkmb nnti...? Kek???
@thisispaiyow,2024-08-05 03:18,better pakai foto atau video yaa buat twibbon mpkmb 🧐🧐
@cipOlsit3,2024-08-05 02:49,acra ipb ada nadin… woi…
@gumohwo,2024-08-05 02:37,please be nice gue mau mpkmb dengan tenang 🥰
@chocrattes,2024-08-05 02:34,"GAGITU WKWKWKWKWK CU BANGET SII
ga mecahin rekor lagi krn mecahin rekor cuman di mpkmb azza"
@pipiah_,2024-08-05 02:28,serius bsk mpkmb??!!
@barabarambis,2024-08-05 02:27,"LUCU BNGET JNGAN MWU DIKIBULIN PLISSSS 😭😭😭 MPF tuh osfak (Masa Pengenalan Fakultas) ama MPD itu osjur (Masa Pengenalan Departemen) 😭😭 Nanti di akhir sem 2 klian ospek lgi,, dan karna cakupannya lebih dikit dibanding MPKMB yg beribu siswa, kmdis akan lbih jeli dan DUAR"
@yanstudytwt,2024-08-05 02:09,ipb things: keterima jadi maba>7 habits>talent mapping>pra mpkmb>mpkmb>ppku setaun>ospek jurusan>kuliah dijurusan masing-masing
@palsaid20,2024-08-05 01:47,"guys buat mpkmb jam 3 subuh, mending mandi malem atau subuh yaa??"
@cipOlsit3,2024-08-05 01:45,sama..😦
@cipOlsit3,2024-08-05 01:44,CARA NGEDIT TWB VIDEO GMMMMMNNNN
@gleenchant,2024-08-05 01:31,oh no besok mpkmb tpi sy flu
@cheyiue,2024-08-05 01:15,mpkmb buat trend mama muda pliss 😭😭😭😭
@n4zwayy,2024-08-05 01:09,"guys ini kan sponsor mpkmb ipb ada wardah, khaf, emina kita bakal dapat ss gratis gaksih? 😭 lumayan banget kalo iya"
@hnjssxy,2024-08-05 00:36,"baru kembali ke twt, setelah hecticnya mpkmb, besok lanjut lagi mpkmb nya"
@bydearfia,2024-08-05 00:24,tiba-tiba udah didepan rumah mau nganterin mpkmb ke kampus jam 4 subuh😭🥲 kyanya dia mwu nyentuh hati moengil gwe eaa😱🫨😏 asgdkshsk sehat sehat orang sehat🤏🏻🪷🍀
@jema_naa,2024-08-05 00:23,Emg buat anak2 mpkmb dan panitia aja niih keknya🫠wong baru masuk tgl 12 voc nya cmn smpe tgl 6 wkwkkwk
@stabiloveu,2024-08-05 00:11,mpkmb setahun = ga ada laprak setahun
@j4sminesites,2024-08-05 00:04,badan gua sakit sakit ini gmn bsk mpkmb kocak
@hmilyijcdi,2024-08-04 23:11,Duh klo panitianya bgini gwe siap ikut mpkmb lagi😳☝️
@resvrgent,2024-08-04 21:47,"gw ga nyesel bikin video mpkmb seniat itu dulu, pas nengok archive rupanya ngangenin... oh how to be maba again without snbt"
@heyychannnie,2024-08-04 18:44,"selasa mpkmb, tapi sekarang gue malah sakit?????"
@shareinjarjar,2024-08-04 18:25,Ak gatau mpkmb tahun ini brg apa ga tapi buat anak SV PAS BALIKNYA KLO GA IKUT ANGKOT BRGAN GITU PLS CARI GOCAR AJA KARNA KMRN DR DRAMAGA KE SV 78K gojek motor dan cuma 45k mobil 🥲🥲🥲
@grtppol,2024-08-04 17:13,Siapa yg akan memberi gue bunga di hari terakhir mpkmb itu
@SakudaPikora,2024-08-04 17:09,mpkmb lu online atau offline?
@raasanshine,2024-08-04 17:05,mw jg dpt buket hbis mpkmb
@JoGotDatWRizz,2024-08-04 16:38,Kalimat pertama aku setuju TETAPI BAGIAN MPKMB SETAUNNYA MUNGKIN BS DI TIP X DULU 😇😇😇😇😇😇😇😇😊😊😊
@stabiloveu,2024-08-04 16:33,"dari kel besar, sedang, sampai kecil seneng banget dpt tmn tmn yang baikk:/ mpkmb gamau setahun aja nih???"
@asavorynight,2024-08-04 16:26,ipb things: keterima jadi maba>7 habits>talent mapping>pra mpkmb>mpkmb>ppku setaun❤
@eunwooipb,2024-08-04 16:09,AYOO FI ABIS MPKMB
@youngksfuture,2024-08-04 16:09,"Km angkatan berapaa, aku ogah mpkmb lagi soalnya online😭💔"
@doundaunn,2024-08-04 15:48,Kangen bgt sama mpkmb
@ratuestteao,2024-08-04 15:45,ok akan kucari pemilik poster ini waktu mpkmb
@urjiiinji,2024-08-04 15:42,DI IG MPKMB SV IPB
@adipnphys,2024-08-04 15:36,mpkmb bisa langsung skip ke day rekor ga wksksks gw sangat penasaran
@shastory_,2024-08-04 15:19,"blm dapet jg udh tanggal segini, pls jgn pas mpkmb nanti😫😫"
@kongsirokok,2024-08-04 15:08,Dan bahkan setelah mpkmb selesai pun semoga jingle nya bisa jadi kenangan manis dan bisa diputer kapan aja yaa sobat nara 🫶🏻🫶🏻
@xartemn,2024-08-04 15:05,"Mpkmb belum mulai tapi rasanya ga mau mpkmb selesai :(, aku suka sama kelompok sedang aku hwaaa ga mau pisah"
@kongsirokok,2024-08-04 15:04,"Eh tapi belum kenalan satu satu yaa kita!

Sebenernya masih banyak cerita dibalik projek kali ini buat kalian Narapati Bimantara, and we were gonna meet verry soon! 😉

Boleh follow Instagram kita @kalabermusik to keep connected with us 💫

Selamat menjalankan MPKMB!"
@kongsirokok,2024-08-04 15:04,"Dan dua minggu yang lalu, Jingle kita udah officially released di youtube MPKMB IPB! , what's your favorite part?,

 aku harap bisa menjadi pemantik semangat buat kalian selama MPKMB berlangsung!

ps
Introducing lufi our pj in second pic 💫"
@kongsirokok,2024-08-04 15:04,"Diawali di verse 1 dengan

Hari ini adalah milikmu
Datanglah dengan rasa bangga 
Dengan tekat dan semangat baru
Siapkan diri tuk berkarya

And then on second verses

Hari ini hari terbaik ku 
Ku datang dengan rasa bangga
MPKMB IPB 61
Lanjutkan Cita Indonesia"
@kongsirokok,2024-08-04 15:04,Its kind of challenging for me to make a muse lyrics that can hype you guys karena aku belum pernah bikin lagu yang sifatnya membangun semangat dan ini buat MPKMB yang mana simbolis banget dan bakal jadi kenangan buat kalian.🐺🌠
@kongsirokok,2024-08-04 15:04,"Behind Jingle MPKMB 61 🌠

Malem ini aku mau cerita aja sedikit gimana aku bisa ketemu KALA dan melahirkan jingle ""Raih Asa"" buat angkatan 61, Narapati Bimantara"
@aissyyyaipibi,2024-08-04 15:01,semangat mpkmb gaisss🙇🏻‍♀️💗💗
@palsaid20,2024-08-04 15:01,sisa nunggu twibbon mpkmb sv aja
@crystanousta,2024-08-04 14:58,jauh lebi bagus dr pas mpkmb jaman gw
@i_m_v1k1,2024-08-04 14:46,INI FOTOO MANA LAGI YANG HARUS KUJADIKAN UNTUK TWIBBON MPKMB BEOSKK YA ALLAH 😊😊😊
@nisnoot,2024-08-04 14:41,"ADUH BENER BGTT, postbagus bagus tp pas mpkmb i look shitty tp KALAU POST JELEK APA KATA ORG ORG.... WKWKWWLK"
@stabiloveu,2024-08-04 14:41,kayanyaa adanya pas mpkmb dehhh (aamiin)
@del_takodel,2024-08-04 14:37,Jd penasaran IPB tahun ini gmn. Soalnya dh berkali-kali bikin rekor. Ekspektasi tahun ini pasti gede. Semangat ya panitia mpkmb bagian paper mob nya
@MINSUNGlST,2024-08-04 14:25,ya allah bsk ada twibbon mpkmb lagi🥰 ipb sgt suka twb yah😊
@usernotfound_ly,2024-08-04 14:25,Pengen nonton live kevin tapi pengen latihan bangun pagi buat mpkmb nanti
@FankaSalim,2024-08-04 14:22,abis mpkmb ada yang mau olahraga keliling ipb bareng ga??
@bonfirekiss,2024-08-04 14:19,PENUTUPAN MPKMB YA
@bonfirekiss,2024-08-04 14:02,Masih belajar wargh... pas lagi belajar tbtb dikasih tugas mpkmb ngga ^_^
@IPBbercanda,2024-08-04 13:52,POV: masuk ipb tapi nangisin tugas MPKMB
@partaer,2024-08-04 13:44,coyyy aku mau panit bikin twibon buat mpkmb 62 tapi gamau libur semesteran di bogor😁😁😁😁
@makankuemuffin,2024-08-04 13:41,"MPKMB IPB kok keren banget sih... Desainnya, animasinya, efeknya, konsepnya... Gila sih"
@bumikudonat,2024-08-04 13:23,dymas adalah gue di stiap hari saat mpkmb
@puddlelitt,2024-08-04 13:20,"ges mengingat libur mpkmb cuman hari minggu dan sabtunya smpe malem, jadi gimana klo minggunya kita main"
@faithimm_,2024-08-04 13:14,eh talent mpkmb 61 kayaknya bakaln keren bgt deh. bisa gasi mau liat mereka tampil
@sofiazhraa_,2024-08-04 13:10,"harus di tegaskan lagi itu mumpung masih mpkmb, belum masuk kuliah. repott nanti kalau buang sampah sembarang di gedung atau kelas"
@eunwooipb,2024-08-04 12:57,"yang sarjana kmren juga ada twibbon fakultas, cb deh liat hastag di ig mpkmbsv60 itu ada twibbon mpkmb nya nnti"
@jhousespicy,2024-08-04 12:45,MAU TWIBBON MPKMB 😭😭😭😭😭😭😭😭😭😭😭😭😭😭😭😭😭
@urstarlaitt,2024-08-04 12:33,"ga perlu sih, asal sesuai sama ketentuan yang di guidebook mpkmb"
@ipb_menfess,2024-08-04 12:28,"Punten hai hai halo Maba IPB 61!

Hari H MPKMB udah hitungan hari, tapi masa kalian belum kenal deket sama kampus sendiri sih 🤔 

Kepo ga gimana bentuk gedung IPB yang terkenal ""unik"" itu? Kepo ga apa aja fakultas di IPB? Makanya ayo kenalan sama IPB lebih (cont)"
@mnyhyst,2024-08-04 11:53,Wayulu tandanya suruh ikutt mpkmb LGI😱
@goomaaddict,2024-08-04 11:26,kelar mpkmb last day langsung balik gw
@astronotcentil,2024-08-04 11:24,"karna ga seusai KBBI, ini caption twibbon boleh diedit ga?

cc: panitia MPKMB 61"
@jaeminasdfghjkl,2024-08-04 11:16,Semangat MPKMB nya besokk adek-adek 61! ☝🏻☝🏻☝🏻
@cyancza,2024-08-04 10:57,ya Allah udah mau mpkmb bangett
@sprinxlee,2024-08-04 10:42,"ini nonstop pls, gada libur kah sebelum mpkmb, libur2 pun selalu dateng ke kampus"
@indrazakyy,2024-08-04 10:27,"iya kata bang bagus aman kok skrg, cman nanti pas mpkmb dirapihin lagi.."
@eunwooipb,2024-08-04 10:07,mau juga digandeng waktu kelar mpkmb
@itsurbabey,2024-08-04 09:55,"eh iya gatau aku doang yg ngerasa atau ga, slama acara mpkmb ini kek ngasal gt bjir, sampah dimana mana, jalan ga di tempat pejalan kaki, kekkk aaa kenapa para maba ini"
@infctee,2024-08-04 09:54,di ig mpkmb
@ditugasin_aja,2024-08-04 09:23,"udah ada beberapa yang chat untuk joki tugas pkkmb atau joki tugas mpkmb dan sejenisnya nih, bisa bgt yaa kita sangat berpengalaman, boleh cek testi dulu 🥰 untuk detailnya boleh whatsapp yaa, klik bio aku!"
@pinkchary,2024-08-04 09:01,"Aku lagi makan di ss, terus meja sebelah ku pake baju mpkmb gitu.. KAYANYA ANAK IPB JUGA DEH..."
@miemie_45,2024-08-04 08:34,mau ikt mpkmb plis
@cipOlsit3,2024-08-04 08:26,sp yg suda mengerjakan resume kuliah umum?
@z4nneta,2024-08-04 08:15,susah banget move on dari panit mpkmb sm plk karena jiwa kesepian gue dipeluk mereka semua😔
@jaehyungitis,2024-08-04 08:03,tutor twibbon mpkmb … pls ….
@jema_naa,2024-08-04 07:40,"Kadaluwarsa, apa baru bisa ntar pas mpkmb doang yh"
@_ceriboy,2024-08-04 07:18,Info joki penugasan mpkmb
@faithimm_,2024-08-04 07:03,mpkmb 60 juga sistemnya kita baru dapet pas hari H. karena posisi pas gladi sama hari H itu beda. yang penting di awal dijelasin gimana cara bacanya dan ekseskusinya. overall KEREN KOK PIONIR TAHUN INI
@auprico0t,2024-08-04 06:54,bikin miniatur tugas mpkmb
@chaerysi3,2024-08-04 06:46,"jaga kesehatan terus firr, takut deh pdhal kita blm mulai mpkmb yang sebenarnya 😔"
@cipOlsit3,2024-08-04 06:40,sv kpan sie ada twibbon😔
@wave2acy,2024-08-04 06:37,kalau bawa analog sm digicam pas mpkmb disita ya
@manobiaaa,2024-08-04 05:41,"yeuuu norak, budaya sma jangan dibawa-bawa dong, tatar aja di mpkmb tuman"
@malachitin,2024-08-04 05:39,"blom si, gw sedang mencoba melupakan tugas mpkmb 😔"
@iniiyols,2024-08-04 04:56,"twb mpkmb bgus bgt, tpi ingfokan cara editnya pls...😁 ak dh nyoba tpi gak rapih😁"
@llyyytn,2024-08-04 04:13,MAUUU IKUT JUGA TAPI ARGHHH AKU DRAMAGA YANG MASIH ADA MPKMB SAMPE HARI SABTU😔😔
@hwisun,2024-08-04 04:07,BALIK SIH KATA GW sblm dibantai2 mpkmb
@whotfas,2024-08-04 03:51,gua dulu sebelum mpkmb ipb juga udah ngerasa salah kampus (ga kuat liat guidebook tugasnya bjir)
@Imtiyaz3fakhryy,2024-08-04 03:46,"aman aja kids, dulu abang mpkmb nya dari jam 3 pagi😰😼"
@chocrattes,2024-08-04 03:32,"SEHAT"" SEKBEND MPKMB"
@mpkmbsv_ipb,2024-08-04 03:21,"H-2 MPKMB 61 SV IPB University‼️

Halo, Narapati Bimantara! Berhubung MPKMB 61 SV IPB University sudah di depan mata banget, mimin mau cek ombak dulu nih.

Siapa di sini yang udah ngga sabar dan excited ikut MPKMB SV?? 🤩☝🏻

#miminexcitedbanget"
@pipiah_,2024-08-04 03:03,"lupaaa kancing almamater blm dibenerin😭 
semoga tukang jahitnya ga sibuk yaa biar mpkmb dah beres"
@rideordiees,2024-08-04 02:59,lebih baik menghadapi komdis mpkmb dripada komdis mpd mpf 🏃🏻‍♀️🏃🏻‍♀️
@cipOlsit3,2024-08-04 02:52,bli makan skrg ap nnti yh
@tansylace,2024-08-04 01:57,IH TWIBBON MPKMB BAGUSBGTTT
@coupernicium,2024-08-04 01:39,infokan konseran after mpkmb
@chaerysi3,2024-08-04 01:31,YAALLAH GUE MALAH SAKIT AFTER PRA MPKMB😭😭😭😭😭😭😭
@tabasdanus,2024-08-04 00:44,"genap sudah satu tahun baju hitam ku di agnan, dari mpkmb 60 sampe mpkmb 61 njir wkwk"
@bildelrey,2024-08-03 22:51,"bukan yangg, sekelas mpkmb gak mungkin kasih info agak ngedadak😭"
@bumikudonat,2024-08-03 18:12,"eh, keinget mpkmb tahun kmrn 85 formasi 😭😭😭😭 jongkok biru, berdiri putih"
@wirangga22,2024-08-03 17:23,mpkmb tahun ini termellow🙏😔
@aaajeung,2024-08-03 16:49,mpkmb taun ini ada yg tuing tuing lagi ga? ... 😃
@milktearaa,2024-08-03 15:56,mau jg donk kelar mpkmb tbtb punya gandengan
@Dndramlk,2024-08-03 15:53,"desain panit mpkmb
komdis:😑😒👿
pjk: 😆🤗🤪
medis: 😇🥰🥺"
@themariast,2024-08-03 15:53,Mpkmb 61 gsnya neck deep ajalah udh kepalang galau gw
@retothecell,2024-08-03 15:51,"WOI, MPKMB SETAUN DAH BERLALU DAN GW LUPA 90% WUJUD ORG” INI 😭😭😭😭😭 PLS ADA YG INGET AK GAK 😭😭😭😭😭😭"
@dinduythekid,2024-08-03 15:49,"pra-mpkbm 1 dan 2 done!!

SAATNYA MPKMB BENERAN WKSJSJAJSN SEMANGAT ALL🔥🔥"
@aneversez,2024-08-03 15:44,"""kalo bisa pulang seminggu sekali kak"" 
tugas mpkmb : jangan ya dek ya"
@gardenhug,2024-08-03 15:41,dua hari pra mpkmb udh sakit kaki bgt😔
@lemonedoo_,2024-08-03 15:38,"Ini mpkmb angkatan 61😭😭😭
Udah 61?!?!"
@gegesukacilor,2024-08-03 15:34,wowww penutupan mpkmb kahh?
@lynestudy,2024-08-03 15:14,ANJIRR LAHH EMNG BNERR HARI AKSI ITU HARI KEDUA MPKMB
@indrazakyy,2024-08-03 14:58,gamau ngulang mpkmb
@nnshutt,2024-08-03 14:42,anak sv ipb ada yg tau gak bagian lembar tema besar mpkmb 61 di buku pancabaya pake logo nya juga apa engga???
@rayiinaa,2024-08-03 14:41,gw malah lebih takut mpkmb
@noccteurne,2024-08-03 14:34,eh ini mpkmb day brp deh
@athwete,2024-08-03 14:25,twibbon MPKMB 61 sarjana sangat lucuw
@cipOlsit3,2024-08-03 14:22,BILANGIN BUNDA
@cipOlsit3,2024-08-03 13:54,"iyaa udah kok td dibersihin gituu, NDKSKDIKWOW UDAH GATEL GATEL ANJIR TP SKRG UDH ENGGKKK"
@miiyyaaa__,2024-08-03 13:47,mpkmb core
@cipOlsit3,2024-08-03 13:39,karena udh lamaa kasurnya ga dibersiin😔
@wirangga22,2024-08-03 13:35,Pra 2 MPKMB 61: Simulasi Rekor & Ruang Talenta
@bonfirekiss,2024-08-03 13:08,Takut mpkmb tapi lebih takut lg commday
@rideordiees,2024-08-03 12:52,mpkmb ulang lu??
@rayiinaa,2024-08-03 12:51,yaAllah semoga konsum mpkmb hokben pls gw lg bm hokben
@jaehyungitis,2024-08-03 12:24,baru pra mpkmb tapi udh seSERU itu
@auranzwrns,2024-08-03 12:14,"bayangin aja mpkmb sebagai insan asrama, alur nya begini:

asrama - telaga inspirasi - ccr - telaga inspirasi LAGI - asrama"
@lazueli,2024-08-03 12:10,"posternya dipost hari ini di sg terus tag kakak pjk, bentuk pdfnya dipost di class, terus kita juga cetak buat dibawa pas day 2 MPKMB.

kalau buat cowok, kertas belakangnya harus warna merah, kalau kita belakangnya putih jadi biarin aja"
@pipiah_,2024-08-03 12:08,plss kasih aku motivasi dan semangat untuk ngerjain tugas mpkmb...
@rdjadmrl,2024-08-03 12:02,"oke, kelar mpkmb gw mau 24/7 ama laravel 11"
@barchart_,2024-08-03 11:47,mpkmb la
@muztardketchup,2024-08-03 11:40,itu kakak-kakak tdi bilang “mau bang windah ga ke mpkmb” sengaja ya bikin ak berharap.. awas aj klo bukan bang windah 🤬
@tasmoniaa,2024-08-03 11:36,"wkwkwk gegara si kayyisa ngesg dapet emina di mpkmb n ngetag miss² emina gw udh 5x melihat sg ""makasii eminaa"""
@dnsptriciaa,2024-08-03 11:36,Sad banget kalo anak ai ga mpkmb bareng sama yang lainn:((
@ipb_menfess,2024-08-03 11:27,"punten kaka medis baju biru jurusan pangan mpkmb sv yg kemaren rela hujan2an nyamperin anak tmp ke gymnasium, selalu nanyain ada yang pusing atau enggak, beliin makanan buat anak tmp, makasiii ya kak. btw kakanya cantik deh,08 brp ka? 🫠"
@cipOlsit3,2024-08-03 11:13,kebutuhan setiap hari
@callmelilyea,2024-08-03 11:13,mpkmb kaa tdi temenku fem 60 mw beli jajan gadibolehin 😔
@cipOlsit3,2024-08-03 11:07,akhirnya ak bisa tidur dengan lampu mati😔
@auprico0t,2024-08-03 11:04,mpkmb kyny tadi masuk harus pake nametag
@partaer,2024-08-03 10:58,abis mpkmb mau ziarah ke fsrd dulu😇😇
@duadevice,2024-08-03 10:51,stand sekitar koin tu punya mpkmb apa agsn
@chocrattes,2024-08-03 10:36,tapi dulu hanapi juga gitu pas mpkmb 😔😔😔😔
@howlgrass,2024-08-03 10:22,Mpkmb pasti sore kan pulangnya😭😭 berarti gabisa beli makan siang bareng lagi dong😭😭
@boomaryok,2024-08-03 09:48,"big appreciate buat kakak-kakak panitia mpkmb dan tim medis, sangat gercep, and lovely bangett sihh 🥰🥰🥰🤎"
@rociparocipa_,2024-08-03 09:17,"Coy gue pengen basket lg coy, mending basket berturut turut daripada tugas mpkmb numpuk 😔😔😔"
@slothieff,2024-08-03 09:09,"haloo aku baru dikasih guidebook mpkmb sama temen aku, kalo kamu blom dapet bisa dm ya, kalo selebihnya masih kurang tau"
@eunwooipb,2024-08-03 08:16,"tp ada yg bilang yg bisa bisa aja kwwkwk, soalnya besok kan udh bukan jadwal pra mpkmb gasi cuma 1-3"
@stucktistika,2024-08-03 07:37,"list yg harus di lakukan selama mpkmb
1. foto sama panglima kastara bakarrrr
2. hidup"
@pangeranmimpin,2024-08-03 07:31,GUA SETUJU KAYA BISA NAKLUKIN TUGAS MPKMB ITU
@cipOlsit3,2024-08-03 06:50,ngantuk brutal
@cipOlsit3,2024-08-03 06:37,SUMPAH
@cipOlsit3,2024-08-03 06:37,ITU LOH YG KMRN GUE CERITAIN ADA TUNGAUNYA
@hellimigrant,2024-08-03 06:36,"seneng ya dek mpkmb, seneng ya?"
@shigatsuww,2024-08-03 06:24,baru pra aja penampilan gw udah kaya santri dengan wajah dekil gimana ntar pas mpkmb nya dah makin buluk gue😭
@only4bre3,2024-08-03 06:13,gue dah siap menggepur mpkmb 🧑‍🤝‍🧑🧑‍🤝‍🧑
@boujvie,2024-08-03 05:42,tolong lupain mukaku pas first meet dan mpkmb anggep aja lagi pake topeng 🧎🏻‍♀️🧎🏻‍♀️🧎🏻‍♀️
@alfiathur,2024-08-03 05:40,mpkmb?
@auprico0t,2024-08-03 05:27,"kaka pjk aku anak tin (fateta) cerita dia ikut 7 kepanitiaan termasuk mpkmb, panitia event, organisasi. tidurnya cm 2jam dan masih bisa senyum energetik nanya kabar anak2 mandhala dan ngasi semangat ke anak2. dan masih hidup. tolong kasih kesehatan buat kaka2 keren mpkmb ya allah"
@cipOlsit3,2024-08-03 05:19,BAKAL DI SHARE KATANYAA
@cipOlsit3,2024-08-03 05:15,YEY DI SHAREEE
@jiaxzan,2024-08-03 04:51,"Cieeeee cinlok mpkmb ya, tapi aku jga sihh"
@ipb_menfess,2024-08-03 04:42,"punten buat panitia mpkmb boleh minta tolong maba""nya dihimbau buat ga jalan kaki ampe ke tengah jalan ga ya? trotoar masih lega kok. iyasi kampus lagi sepi, tapi masa sih jalan buat kendaraan dicaplok juga"
@cipOlsit3,2024-08-03 04:16,ini tar bakal ada di yt ga ya?😔 sumpah laper banger pengen makan
@mollimouli,2024-08-03 04:06,"mpkmb tuh seruuu setiap hari selalu temen baru, ini padahal baru kenalan wkkwkw"
@cipOlsit3,2024-08-03 04:05,wow udah selesai😦
@cipOlsit3,2024-08-03 03:40,serem bgt ini airnya beneran kotor😟😟 SUMPA KASURNYA UDH BERAPA LAMA ANJIRRRRRR
@cipOlsit3,2024-08-03 03:35,GAENAK
@cipOlsit3,2024-08-03 03:35,MAAF BGT
@cipOlsit3,2024-08-03 03:35,MAAF YA TETANGGA KOS SUMPAH
@cipOlsit3,2024-08-03 03:35,sumpah ga boong allah dan malaikat roqib atid jadi saksi sama moots moots ak disini😣😣😣😣😣
@cipOlsit3,2024-08-03 03:34,semoga kakak komdis bs mengerti keadaan aku skrg😣😣 GMN CARANYA BUAT ONCAM KALO GINI COBA XKSKKXOSKXKSKSKKSKSSK
@sugaipb,2024-08-03 03:31,Pra mpkmb hikss
@cipOlsit3,2024-08-03 03:30,malu tapi ini urgent
@cipOlsit3,2024-08-03 03:30,klo yg join zoom mgkn bisa liat chat ak di chatroom CNKSKDIEJFIRKOE
@cipOlsit3,2024-08-03 03:26,BERSIHIN KASUR YG BERTUNGAU INI ANJIIIIRRRRRRR DISIDJSKKXKEKDORKJR
@cipOlsit3,2024-08-03 03:25,tebak lg bersihin apa
@wowimel,2024-08-03 03:20,mpkmb kalo bentukannya orang pasti udah babak beluuuuur
@winsmilee14,2024-08-03 03:00,Guest star mpkmb tahun ini siapa yeaah
@kasurbengkok,2024-08-03 01:41,ngomong gini padahal tugas mpkmb yang bertumpuk itu belum dikerjain
@decembun,2024-08-03 01:26,WKWKWKWK bener aja mpkmb dikasih sunscreen sm emina n wardah 😭😭😭
@lerclee,2024-08-03 00:38,SUMPAH IYA DAHH bener' pas di 2 hari pra mpkmb
@ultramanloyo,2024-08-03 00:25,ANJR YANG DI DRAMAGA PRA MPKMB NYA OFFLINE KENAPA VOKASI ONLINE😭😭😭😭
@mpkmbsv_ipb,2024-08-03 00:11,"H-3 MPKMB 61 SV IPB University‼️

Selamat pagi, Narapati Bimantara! Semangat menjalani kuliah umum pada rangkaian Pra MPKMB SV hari ini, ya. Pukul 07:30 WIB, jangan lupa. Pastikan kamu menyimak sampai akhir dan mencatat poin-poin penting hari ini💪"
@YaelaZv,2024-08-02 23:55,Langit pagi ini pas pra MPKMB 2 IPB yang ngga sengaja difoto karena awalnya pengen kirim foto kabar lagi mam 😁
@tehqotaq,2024-08-02 23:54,MPKMB core hari ini
@itadoowri,2024-08-02 23:33,Uji day 2 pra mpkmb 🤩
@MPKMB_IPB,2024-08-02 23:05,"hai hai sobat nara🌟
sudah siap mengikuti rangkaian hari ini??? semangat mengikuti seluruh rangkaian acara hingga akhir yaa‼️

jangan lupa cek keseruan kegiatan ruang eksplorasi kemarin di link di bawah ini ya‼️

🔗vt.tiktok.com/ZSYE1yLSR/🔗

#miminsyngnarapatibimantara"
@keyyarlert,2024-08-02 22:54,"guee bukan 61, tp kurang lebih ngerti deh kenapa ada yg gini. gue mpkmb onlen, mpd, mpf jg mikir gini soalnya pernah punya trauma waktu SMP-SMA wkwkwk. sekolah gue ada event"" dgn solidaritas dan keseragamannya yg ga main-main, salah dikit konsekuensinya besar, jadi ya-"
@onmyprogress,2024-08-02 22:29,efek pra mpkmb
@rideordiees,2024-08-02 22:28,"ya mmfff, lupa pas pra mpkmb dri subuh apa ngga 🏃🏻‍♀️🏃🏻‍♀️"
@dihyazaidann,2024-08-02 21:45,jadi ojek maba mpkmb kayanya menarik
@coconatir,2024-08-02 21:43,kenapa Bogor dinginnya pas masa pra mpkmb?? gue ngeri sakit karena menggigil
@silllysha,2024-08-02 21:31,aku akan membuat thread kegiatan selama pra mpkmb-mpkmb tapi nanti kalo lg ga males
@RADIANT3CCLIPSE,2024-08-02 21:23,"gausa busat buset jeta, dulu kita mpkmb juga jam 4 subuh dah di tikum"
@nipnif,2024-08-02 21:01,masa TERHECTIC seumur hidup gue adalah masa MPKMB
@sukabaksobgt,2024-08-02 20:54,Sehat-sehat 61 di Pra-2 MPKMB❤️
@auprico0t,2024-08-02 17:39,ia ka rdl trimakasi ia🙇‍♀️  smoga aku masih hidup buat namatin game mpkmb dan 7 habits
@sectmspra,2024-08-02 17:30,"WKWK congrats ya, skrg lanjut namatin mpkmb & 7 habits"
@khansaaii,2024-08-02 17:25,gue curiga tadi kosan gue tadi ada rapat buat mpkmb deh…. suaranya kedengeran bgt (soktau)
@saysikenow05,2024-08-02 17:14,Tugas mpkmb boleh g niat hehe 😚
@alexxalbon,2024-08-02 16:15,"Mpkmb ipb bilek
Kakaknya, bondingnya, acaranya dkk: 🥺🥺💘💘💘🫶🫶🫶😍😍😍
Tugasnya: 😭😭😭😭😔😔😔😩😩😩😠😠😠😠"
@blessedhyuck,2024-08-02 15:46,liat sg temen temen seangkatan lagi pra mpkmb seru bgt :(
@eunwooipb,2024-08-02 15:29,siapa yang baru pra mpkmb sudah menunjukkan tanda tanda badan drop mau tepar ☝🏻
@yujimib,2024-08-02 15:20,"i/a di masa-masa mpkmb, kalo kata Kiran sedang disetubuhi tugas"
@fwzthecounselor,2024-08-02 14:58,wifi kosan gw di matiin jam 10 anjir gara gara bocah begadang main game terus telat mpkmb tadi
@scndstff,2024-08-02 14:48,siap membantai pra mpkmb day 2🤫
@coupernicium,2024-08-02 14:18,NANTI ABIS MPKMB MW GAK
@cipOlsit3,2024-08-02 13:38,MAKSUT LU APAAN
@cipOlsit3,2024-08-02 13:37,AAAKKKK KO BAGUS WKWKKWKWKWKW
@nnaazzhhii,2024-08-02 13:20,bsk ga pra MPKMB emg
@cipOlsit3,2024-08-02 13:18,udah pernah nyobain punya pacar pas lulus sma terus ldr-an belum dek? JAAAANGAANNN YAAA DEK YAAAAAAAA
@WinevDay,2024-08-02 13:10,Blh gasi abis mpkmb lngsung wisuda aja trus dpet tawaran kerja di bumn?
@lynestudy,2024-08-02 13:03,skhb kagak bisa convert sks dri mpkmb anjir💔💔💔💔💔💔💔💔💔💔💔💔
@pipiah_,2024-08-02 12:58,nnti mpkmb dapet konsum gaa yaa?? atau harus bawa bekal nasi sendiri?
@kalalipe,2024-08-02 12:56,itu kita ngisi sekarang qil? atau bakal ada materi nya di mpkmb?
@orenjicaat,2024-08-02 12:46,se capek itu pra mpkmb
@dignifiedlady_,2024-08-02 12:39,Syp yg stiap pulang mpkmb curhat dlu ke nenek sambil namgis 🙂‍↔️🙂‍↕️
@DjikaBeruntung,2024-08-02 12:11,Yeayy makasihh Kak sudah pakai jasa Djka.Beruntung. SEMANGAT TERUS MPKMB DAN KULIAHNYA!!
@hiatgss,2024-08-02 12:01,pas mpkmb nanti kuat gak ya kalau jalan 😀
@dysastars,2024-08-02 11:57,liat ig mpkmb jd kangen banget jadi maba omg😭😭😭
@hecticsssoul,2024-08-02 11:33,Semangat mpkmb nya mutii!! Semangat yh mdp gue tau lo kuat maurie @haechanvokasi
@aarjunarka,2024-08-02 11:31,diburu tugas mpkmb
@grandparey,2024-08-02 11:27,BARU MPKMB 😭
@rayiinaa,2024-08-02 11:18,guys info dong td yg anahita pas mpkmb ngumpul di gedung TI katanya kan ya. gedung TI tuh yg mana......
@hnbecool,2024-08-02 11:15,"haha fokus mpkmb dlu yaa fel😻
nanti ketemu kita² di fakultas🤩"
@yuwrirawr,2024-08-02 11:11,pengambilan ijazah di ipb bisa ga ya klo diambilnya diluar jadwal... kakaku maksa buat ngambilin padahal aku lagi mpkmb 🥺
@arrietty555,2024-08-02 11:10,minta doanya ya temen temen. semoga aku bisa ikut mpkmb kaya yg laij tanpa perbedaan
@matchaanselma,2024-08-02 11:09,"yaallah, baru pra mpkmb day 1 aja uda cape banget"
@rayiinaa,2024-08-02 11:08,takut ntar pas mpkmb malah kena poin..
@mouseklat,2024-08-02 10:55,"SERRUUUU BANGETT HARII INIII, thankss yang sudah mau sksd bersama gue 10/10😋 

nice to meettt uu allll, seee uuu mpkmb😆"
@haechanvokasi,2024-08-02 10:39,temen2 mdp gua serunya kenapa di akhir ya pliss jangan bubar mpkmb aja ampe lulus gausah kuliah pliss
@streshidup,2024-08-02 10:32,kalo besok pra mpkmb sama mpkmb nangis tlonk dipuk puk aja yh..
@bumikudonat,2024-08-02 10:30,IH KANGEN MPKMB
@athwete,2024-08-02 10:14,"pengen jadi pjk MPKMB, tapi di dramaga wkwkwkw gamau vokasi"
@MINSUNGlST,2024-08-02 10:13,semoga pas mpkmb ga turun hujan pls😿
@nadoraraa,2024-08-02 10:12,Day Pertama pra mpkmb sangat mantap luar biasa capenya🤛🏻
@cipOlsit3,2024-08-02 10:10,cewenya banyak bgt😵
@wirangga22,2024-08-02 10:05,pra 1 mpkmb: ruang eksplorasi✅
@bucinnyatuku,2024-08-02 09:42,saksikan kita di mpkmb 61 day 1 luvss😘💕
@namjunnni,2024-08-02 09:03,mpkmb yang beneran hari h (bukan pra) mulai tanggal berapa ya gusy
@cipOlsit3,2024-08-02 08:55,omg kayanya bogor udah beneran jadi kota hujan😵
@preciousrrr,2024-08-02 08:06,"day 1 pra mpkmb 9.5/10 seruu kating, pjk, panglima, medis, komdis nya masih baik baik jadinya nyaman buat bereksplorasi bareng temen temen baru!!!🥳🫰🏻"
@bgirokok,2024-08-02 07:41,mang ud mulai mpkmb yh?
@tasmoniaa,2024-08-02 07:36,61 mpkmb n panitnya bru kerja d-day aku sih pulang hahay smangat yh yg mpkmb
@kazuhaipb,2024-08-02 07:11,semoga mpkmb berjalan dengan lancar (+sehat)
@cipOlsit3,2024-08-02 06:56,btw bangga sm kaka bcs milihin almet ukuran S yg sangat PAS😋😋🫵🏻🫵🏻
@cipOlsit3,2024-08-02 06:55,SUMPAH BENER
@bukunonfiksi,2024-08-02 06:53,Ya Allah belum MPKMB wes kesel pol
@layskaac,2024-08-02 06:45,"segini masi pra mpkmb, aplg mpkmb kali ye lebih2"
@ellnovak,2024-08-02 06:14,pra mpkmb cape bgt kaki gua sakit bgt
@overbolden,2024-08-02 06:06,"gue pra mpkmb
p nya pilek

TAPI TEMEN GUE???!"
@haesiesunc,2024-08-02 04:51,ak mau pra mpkmb shengg
@st5rlys,2024-08-02 04:38,eh aku ada moots ipb gasih 😭 semangat pra mpkmb hari inii
@barbershoq,2024-08-02 04:30,"mpkmb sv sama sarjana itu beda urutannya, ketentuannya, kalo misal ada grup wa non resmi gitu pinter pinter nelaah info, penugasannya juga beda beda, barang barang keperluan juga beda. tanyain ke pjk atau komdis, gosah nanya ke sesama maba apalagi kalo mabanya juga gak meyakinkan"
@barbershoq,2024-08-02 04:28,"penyakit dari tahun ke tahun, panik. pokoknya kalo mpkmb, ikutin info pjk sama komdis. masalah kedisiplinan ikutin komdis, masalah rentetannya tanyain ke pjk. struggle utama memang miskom, kalo dapet info yang bukan dari line atau dari panitia langsung gak usah di percaya."
@ipb_menfess,2024-08-02 04:26,"Punten titipan, jujur pls MPKMB SV informasinya kaya pusing bgt gitu. Ada di telegram, wa, sama line, jadi bingung bgtt huhu. Belum lagi kadang ada misskom antara pjk sama komdisnya, kita kadang bingung mau ikutin yg mana"
@eunwooipb,2024-08-02 03:36,"ada yang punya timeline omb ipb yang baru ga, yg jadwal mpkmb nya dr tanggal 6"
@kayilun,2024-08-02 02:29,WOII BUSET GUE GAK KUAT BGT LIATT IG MPKMB UNIV² DAH (gue bocah bontot makanya ditinggal rantau trus)
@rideordiees,2024-08-02 02:28,"buseettt, ini pra mpkmb kah?"
@sweetthinqs,2024-08-02 01:35,jir udh mulai aja mpkmb ituu😭😭😭 merasa tua BGT BGT
@vedtovet,2024-08-02 01:23,Ow maba mulai mpkmb hari ini khh
@s7icknot3sxz,2024-08-02 00:57,"Tai tai, ikut mpkmb tapi ga ikut rekor mana seru taiii"
@nassudalie,2024-08-02 00:47,UDH MPKMB LAGI AJA
@dodoyiie,2024-08-02 00:17,semangat sahabat mpkmb
@xartemn,2024-08-02 00:17,Mpkmb kelar semoga whatever I'm feeling toward him juga hilang🙏🙏🙏🙏🙏🙏🙏🙏🙏🙏🙏🙏
@wholeluve,2024-08-02 00:02,semangat yg mpkmb‼️
@s7icknot3sxz,2024-08-01 22:31,Mpkmb capek untung ada kak baba 🥺
@scouwpssy,2024-08-01 21:47,mau pra mpkmb malah mau muntah yaallah😭
@gardenhug,2024-08-01 21:08,morningg naraa!! siapa yg udah siap pra mpkmb??
@apsiygkbwatkm,2024-08-01 21:02,PRA MPKMB DAY 1 siap mulai gk siap tp ak siap KADJAKDJSKDKKS
@sillyttedeetie,2024-08-01 20:46,bismillah yaallah pra mpkmb
@lsfhtpgg,2024-08-01 20:41,cie yang hari ini mpkmb
@vidibermain,2024-08-01 20:10,alarm lu selama mpkmb ipb 61:
@wirangga22,2024-08-01 20:02,lets go omb chapter ruang eksplorasi (pra 1 mpkmb).
@brookenvirg0,2024-08-01 18:59,buset udah hampir setaun lalu ya… mpkmb lagi aja plis
@d1radeera,2024-08-01 18:24,semangat mpkmb nya hariini 61!
@lightchipss,2024-08-01 17:45,"gue segabisa tidur itu njir, excited tapi panik tapi seneng tapi takut tapi gasabar tapi ovt tapi tapi tapi.... MPKMB asik asik jos"
@urfuturvet,2024-08-01 17:06,lah anjir aku lupa temenku jadi panit mpkmb store 😭 tau gitu tadi mampir dia
@glorievs,2024-08-01 16:32,keren bgt nanti km closingan mpkmb nampilin love dive yah😱😱😱
@commstood,2024-08-01 16:27,guys abis mpkmb gua akan membereskan kamar gw bener bener gua sapu gua pel semua nya bcs during this ospek szn kamar aing loosk like faking shit najis bangst
@vandaljumawa,2024-08-01 16:21,mpkmb: punten🙏🏼🙏🏼🙏🏼🙏🏼😅😅😅😅😅
@akuraditt,2024-08-01 16:16,Udh mulai mpkmb nya?
@yeellowpretzel,2024-08-01 16:13,Sorry sorry sorry dek jangan remehkan aku. Gak sebenernya ini gw mau nangis bngt dd nya besok jam 9 malem tp besok pra mpkmb dan harus jalan jam 3 pagi. Mana hari ini hectic bngt ALDHSLGDKDSLKSDJ
@jaemincikini,2024-08-01 16:06,besok beneran udah pra mpkmb kah…
@UGoyounjungM,2024-08-01 16:04,"iri banget liat temen temen pd keterima ipb :(
terus skrng mereka lg pd nyiapin buat ospek n mpkmb, liatnya seseru itu??!! ktmu tmn tmn baru :(("
@mzzrke,2024-08-01 15:58,iyaa pas mpkmb
@khansaaii,2024-08-01 15:27,"semoga besok pas pra mpkmb aku tidak menangis yaa🥲
kalo liat aku nangis plis cuekin aja kalo ga toel aja becandain"
@mamanyanini,2024-08-01 15:26,deg deg an pra mpkmb
@cottonjwlly,2024-08-01 15:17,gak tega ade gua baru balik dan harus mpkmb besok tapi masih sempet cerita walaupun sambil nnagis dikit
@DjikaBeruntung,2024-08-01 14:55,"BUATT TEMEN TEMEN YANG BUTUH ANTER JEMPUT (mpkmb, kampus, belanja), NITIP MAKAN, NITIP BARANG, BELANJA HARI HARI BISAA HUBUNGIN POSTER YAHHH

*bantu reetweet plissss"
@chasedeadg,2024-08-01 14:55,kalo liat ak pas mpkmb sapa plis
@lazueli,2024-08-01 14:15,sebelum mpkmb menyerang
@xx44nr,2024-08-01 14:14,siap bantai mpkmb #HatersBlgIniEditan
@xx44nr,2024-08-01 14:08,esok sudah pra mpkmb 🥹
@twsswan,2024-08-01 13:46,"enggaa, di guide booknya bukannya pas mpkmb yah?"
@mpkmbsv_ipb,2024-08-01 13:33,"Hi, Narapati Bimantara!
Selamat 1 Agustus dan selamat menjalani acara Pra MPKMB!🥳

Mimin mau tau seberapa semangatnya teman-teman yang akan menjalani first meet besok dan seberapa serunya first meet hari ini. coba bisikin mimin ya!😆😆"
@0308radio,2024-08-01 13:29,"baru mau first meet aja udah takut, apalagi mpkmb..."
@a_Qiraa5149,2024-08-01 13:27,1 counterpain akan kuhabiskan selama masa pra dan mpkmb IPB ini
@stucktistika,2024-08-01 13:11,gws kita semua besok pra mpkmb
@glorievs,2024-08-01 13:05,boleh lahh😭😭😭 kayanya tolak angin bukan sponsor mpkmb kok😭
@howmstuck,2024-08-01 12:52,kita pra mpkmb sampe hari sabtu kah??? aku mau pulang jirr
@ipb_menfess,2024-08-01 12:25,"Punten, Narapati Bimantara. Buat kamu yang kepingin berprestasi lewat jalur wirausaha yuk curi start duluan.
Gimana caranya?
Kamu bisa dateng ke stand Ragent Wash part of P2MW pada acara Pra MPKMB 61 pada tanggal 3 nanti loh.
Selain itu ada juga Games, Stiker, (cont)"
@naruhiiko,2024-08-01 12:21,Anw gw baru first meet prodi aja balik ke kost udh kucel + capek bgt ga kebayang mpkmb gw kayak gmn😊
@glorievs,2024-08-01 12:19,"warga yg besok mpkmb, angkot jam 5 kurang udah ada kahh??"
@_ezalev,2024-08-01 12:17,"Masalah yg selalu ada dari tahun ke tahun. Jadi keinget dulu jaman MPKMB 54 banyak banget yg nanya pertanyaan nyusahin diri mereka sendiri seperti tinggi heels sepatu maksimal, tebal sabuk, warna batik, dsb wkwk padahal aturan dah dibikin simpel, tapi diribetin sendiri"
@ipb_menfess,2024-08-01 11:59,"Punten adik adik 61. Buat SOP MPKMB, ikuti saja sesuai yg tertulis di panduan. Kalau gak tertulis, gausah kebanyakan tanya. Misal kalau disuruh pake sabuk hitam ya tinggal pake sabuk hitam, gausah tanya panjang sabuknya berapa, kalau disuruh pake batik ya pake (cont)"
@hazinkau,2024-08-01 11:51,Pls bang besok ak pra mpkmb bjir
@_PFaltz,2024-08-01 11:45,ADA YANG PUNYA BUKU REKOR EXTRA GA GW MAU BELI SOALNYA GA SEMPAT BELI YANG DI STORE MPKMB 😭😭😭
@hwisun,2024-08-01 11:44,yg ngantri 3 jam lebih nnti pas mpkmb dapet spesial treatment katanya
@cipOlsit3,2024-08-01 11:39,AAAAKKKKKKKKKK ASLAM KU KAMBUH
@keyyouuu,2024-08-01 11:31,non oomf but semangaat yaaaa besok pra mpkmb-nyaa!☝️
@ditugasin_aja,2024-08-01 11:27,maba yang mau joki tugas pkkmb atau mpkmb boleh bgt nii cus wa aku yaa di bio
@ipb_menfess,2024-08-01 11:26,"punten, ini mpkmb sv kok rubah rubah ya peraturannya? temen prodiku rambut udah 121 ternyata aturannya diubah ga harus 121. sepatu juga belum fix mulu padahal udah mepet hari-h"
@zwvorz,2024-08-01 11:21,orgil pdhl bsk pra mpkmb
@ppawwwie,2024-08-01 11:19,wkwk dia belum tau konsum mpkmb ipb hokben sama holland bakery😋
@cyancza,2024-08-01 11:19,"iya plss, mungkin inikah alasan mpkmb dilarang bawa kendaraan"
@gumohwo,2024-08-01 11:16,bang radit muncul lg pls di mpkmb tahun ini ak lg addict bgt bgt bgt bgt sama podcastnya
@pangeranmimpin,2024-08-01 11:15,WOY ENGGA YA ENJOY THE MPKMB ERA
@cipOlsit3,2024-08-01 11:05,mampus skrg ak lapar tp ujan masi deras
@rjanne17,2024-08-01 10:30,mw nangis mikirin mpkmb jam 4 pagi😞😞
@kerlabu,2024-08-01 10:29,Yuyuyuu abis mpkmb 😋
@zmelssgowd,2024-08-01 10:27,"infokan war jargon manizzzz, siap mencoklatkan mpkmb'61, adikaraaaa membara 😎😎"
@ipb_menfess,2024-08-01 09:53,"punten temen-temen yang b**i jaslab di MPKMB ada yang mau tuker ukuran ga ya... aku ukuran XL kekecilan, mau tuker ke XXL.. nanti buat namanya bisa dicopot dulu kok😭😭😭 plis siapapun, aku gabisa praktikum"
@serifkelot,2024-08-01 09:49,gua udh sampe kos dr td TAPI MALAH GOLERAN DI KARPET udah lebih dr sejam ini keknya 😭😭😭 cape bgt padahal blm juga mpkmb…
@Dndramlk,2024-08-01 09:12,"maaf ya nyambat mulu, mpkmb bikin stres"
@shao_belajar,2024-08-01 09:05,rasanya pengen mundur setelah 90% mendekati mpkmb
@vayaaiza,2024-08-01 08:52,"lagi bingung cari trash bag buat mpkmb terus dikasih sm ibu kos ku
habis itu ditanyain ""kurang apalagi barangnya? apa yang belum adaa nanti ibu cariin"" 
i love u ibu tuti🥺💞"
@gardenhug,2024-08-01 08:38,EH ASLI CAPEK BGT PADAHAL BLUM PRA MPKMB
@nisnoot,2024-08-01 08:25,"kok jd banyak pengeluarannya, OKE MPKMB HENAT HEMAT HEMAT"
@Oopioow,2024-08-01 06:17,WKWKWK peninggalan mpkmb 60 punya gueh
@scbxj,2024-08-01 05:49,lebih milih mpkmb panas atau hujan
@aksyojmoon,2024-08-01 05:17,"Kata gw panitia mpkmb bener"" harus nyiapin es teh buat narapati PLIS"
@itadoowri,2024-08-01 04:40,YA ALLAH KAK CANTIK BGT KAK YA ALLAH 😭😭😭🤝🤝🤝💗💗💗💗 mw foto nanti pas mpkmb pasti nnti rame yg mw foto...
@_tbtha,2024-08-01 04:34,Saking pusingnya gue ampe bonding ama mas2 percetakan soal tugas mpkmb
@chasedeadg,2024-08-01 04:12,menjelang mpkmb duitku malah habis jir
@qiissuutt,2024-08-01 03:32,"ini bener nih, antri mpkmb store se rame ini anjir?"
@yawnra,2024-08-01 02:22,guyss mpkmb wajib bawa tolak angin kahh? kok di guidebook yg baru tidak ada yhh apa ak kelewat😔
@cipOlsit3,2024-08-01 02:12,anting sm kalung di lepas juga walopun pake jilbab?😣
@cipOlsit3,2024-08-01 02:09,ini kayanya bu wiwi udh hapal sm pesenan aku deh WKWKKWKWKWKW LUCU BGT
@silllysha,2024-08-01 01:36,tanpa naladhipa dan gajendra mpkmb ku pasti hampa 🥹🥹🥹
@aneversez,2024-08-01 00:33,"ga expect bakal setelat ini bangun tidurnya, gimana pas mpkmb nanti"
@astronotcentil,2024-08-01 00:26,"ngeliat update pionir UGM, jadi berharap MPKMB IPB bisa sebaik itu. amin."
@lynestudy,2024-08-01 00:11,pdhal kmrin tuh dri siang tp capeny luar biasa lah mpkmb dri pagi anjirrr
@only4bre3,2024-07-31 22:44,tar pas mpkmb APA KABAR YH JIR??? mengeri euy
@nandakrna,2024-07-31 22:37,km divisi konsum mpkmb ya?
@jenoskhb,2024-07-31 22:08,kita full kan steps sampe selesai mpkmb itu
@cookiiesdipped,2024-07-31 17:47,"spoiler buat video Re-Memorize mpkmb ak, @intenlangsat jadiin aku brand ambassador plz 🤣"
@cheyiue,2024-07-31 17:19,"akhirnya binder gue kelar, sisa foto brg tmn + resume mpkmb 😎"
@chocrattes,2024-07-31 17:13,ashaaaa jaga kesehatan yaa kamuuu bentar lagi bertempur dengan mpkmb 👊🏻👊🏻👊🏻👊🏻
@raasanshine,2024-07-31 17:03,luhk pasti gamon smpe cucu lu mpkmb sha
@raasanshine,2024-07-31 16:52,kykny klo w jd pjk bakal gamon smpe anak gue ikut mpkmb
@ccensque,2024-07-31 16:07,info mpkmb -1 tangan kanan (gabisa nulis dan makan)
@nedivarasita,2024-07-31 15:59,demi apapun takut mpkmb
@sptrosaliaa_,2024-07-31 15:49,"yang masukin base gatau aja anjir kalo tugas mpkmb diperjual belikan wkwkwkw

kayak masterannya gituuu, padahal tugas mpkmb ezz"
@bilqiswaliadli,2024-07-31 15:28,jadi ga sabar d-day mpkmb 61🥹🤝🏻
@zwvorz,2024-07-31 14:40,"duh ga kebayang klo mpkmb beres asli dah, SESEDIH APA YA 😭😭😭"
@gorjesgurll,2024-07-31 14:32,ASING BGT PLS KOK NYEBUTNYA MPKMB 21 GITU
@swidyam,2024-07-31 14:30,tw gsi tengah malem kmren ak nyetrika almet sambil dengerin jingle mpkmb 61 tbtb hujan di pipi😔
@nayleyeah,2024-07-31 14:08,kalo blm makan siang trs lari naik tangga buat ngurusin tugas mpkmb smpe tangan gemeter tu artinya aku udh jd anak kos ya 🤭🤭🤭🫰🏻🫰🏻
@haerinipb,2024-07-31 14:08,"eh iyaa anjg? lu gacapek ngurus berkasnya kah bebs😭😭🥲😔 kalo gw dlu tim kelewatan timeline trus buat passion sm fesma, trus mpkmb sm forces gw tu dlu milih galanjut pas seleksiny"
@glorievs,2024-07-31 13:49,plis ingfokan obat ampuh buat mual jujur takut tumbang pas mpkmb SOALE AKU GAADA KARTU BPJS😭😭😭
@cipOlsit3,2024-07-31 13:47,HUHUUUUUU kenapa yaaa kak mentari dan semua kakak kakak pjk lain tuh LUCU LUCU SEMUA 😣
@jenoskhb,2024-07-31 13:33,kalian masih kuat? semangat ya frens mpkmb blum mulai masa udah loyo
@cipOlsit3,2024-07-31 12:55,IYAKANNN produksi net tv emang bagus bagus semuaa😔 timeless gituu tetep selalu seruu
@cipOlsit3,2024-07-31 12:54,EH BABI KOK UDAH CIUM CIUM
@rutoipb,2024-07-31 12:53,IYAH PLS STAYTUNE MPKMB
@haec1an,2024-07-31 12:52,iya kan itu bukannya checklist mpkmb ya 😭😭😭
@cipOlsit3,2024-07-31 12:23,"keren deh tetangga masa gitu kan sekarang ada di netflix, aku rewatch dan masih SECANDU ITU?!!??!"
@cipOlsit3,2024-07-31 12:20,jam segini udah ngantuk😵‍💫
@pangeranmimpin,2024-07-31 12:13,kayanya gua akan kangen vibes mpkmb deh
@limitfungsii,2024-07-31 12:03,mpkmb seru bgt pasti EJHFHDJSHSKS GA SABARRRR ((siap cape untuk keseruan nanti))
@hnbecool,2024-07-31 11:58,semangat ya mpkmb pasti kerasa bgt
@haec1an,2024-07-31 11:49,buat pas mpkmb di starter pack ada
@narafots,2024-07-31 11:16,gusy gusy habis mpkmb sv ada liburnya dl gak gusy.. kalo ada berapa hari ia..
@na90r930us,2024-07-31 11:07,jangan bapil dulu pliss.. belum mpkmb😭
@bluep4per,2024-07-31 10:41,"Haayyy gusyy aku udh day 1 nge kost🥺💥🔥😭 seruu banget meet sm temen"" kelompoook trs di ajak jalan"" ke kantin juga sm anak asramaa🥺🫶🏻 luv temen"" mpkmb"
@rdjadmrl,2024-07-31 10:25,"bercanda ini fisik gw, udh mau hari H mpkmb malah ga enak badan, apalagi kedua betis ngerasa pegal, duh...."
@aksyojmoon,2024-07-31 10:15,Siapa yang setuju pas mpkmb kita dikasih es teh perorangnya?
@mingyuipb,2024-07-31 10:13,MJB tp ini apaan 600ml tumblr mpkmb kah?
@yellewood,2024-07-31 10:00,"aku udh siap mpkmb, gak siap tugas 💙💙💙"
@jenkecesuper123,2024-07-31 09:57,eh seneng bangett mpkmb udh ga gosong gosongan lagii 🥹🥹❤️‍🩹❤️‍🩹
@bonfirekiss,2024-07-31 09:27,DISURUH BALIK WKAAKKAKAKA nanti ya by abis first meet kalau ga abis mpkmb pengin bgt dah
@FankaSalim,2024-07-31 08:43,pra mpkmb aja belum kok aku udah bolak balik ipb ya?😥
@toslesjours,2024-07-31 07:40,gue rasa ini duit bulanan abis buat mpkmb aja deh
@enfjul,2024-07-31 07:21,"masuk ipb memang menyenangkan, tpi tugas mpkmb nya.. 😭🙏🏻🙏🏻"
@lavivavet,2024-07-31 06:56,mpkmb konsumnya apa yah
@wonwoonder,2024-07-31 06:24,liat tema besar mpkmb sv dimanaa pliss
@nizuscore,2024-07-31 06:14,seprodi aja RAME BGT apalagi ntar mpkmb gwe gabisa liat manusia manusia sebanyak itu pls 😞😞😞😞😞
@rociparocipa_,2024-07-31 05:46,tugas MPKMB menumpuk
@ygmuliaparis,2024-07-31 05:31,MAHESA SIAP MENDOMINASI MPKMB
@cipOlsit3,2024-07-31 05:31,IH NASI KITA SAMAANNN WKWKWKWK
@salvatoresfairy,2024-07-31 05:26,Ku kira tugasnya sebatas guidebook mpkmb doang ya Allah
@wzllee,2024-07-31 04:57,tbtb bentar lagi MPKMB yaa..
@marsarzhr,2024-07-31 04:43,"nangisin tugas pra mpkmb n mpkmb nya, cape bgt bulak balik kampus🥲🥲"
@cipOlsit3,2024-07-31 04:04,tebak hari nie ak mw kemana
@dignifiedlady_,2024-07-31 04:00,ini ngegojek sampe slesai mpkmb bangkrut gweh aduhhhhh
@8thdegrees,2024-07-31 03:29,Kata gw si ampe hari h mpkmb baru berhenti ni pertanyaan
@cheyiue,2024-07-31 03:24,"nyesel isi alergi mknan, krn nanti pas mpkmb pasti menunya beda sendiri 😭"
@anothershaa_,2024-07-31 03:15,DEGDEGAN bgt agustus😭😭 ((bukan karna mpkmb))
@unwrittuen,2024-07-31 02:36,ges knp kelas mpkmb dan 7h ilang dari class ipb ges...
@fleyura,2024-07-31 01:06,mpkmb beneran d undur bjirr
@gumohwo,2024-07-31 00:54,OK ABIS MPKMB YA
@withhpleasuree,2024-07-30 22:35,gua jadi kepikiran kalo selama mpkmb gimana gua japas ya😭😭😭
@malachitin,2024-07-30 18:54,fak gw dimusuhin mpkmb store
@jakegizi,2024-07-30 18:36,excited mpkmb tapi tidak dengan bangun jam 3 nya😮‍💨
@nnaaninuu,2024-07-30 18:10,"baru inget, aku catering selama mpkmb (yess uang ku utuh seminggu MESTINYA)"
@ijeyitp,2024-07-30 17:26,Pra mpkmb bukan sih…
@akatinaku,2024-07-30 16:54,"punya temen mpkmb 21 yang gue kira gabakal kontakan lagi karena udah gaada urusan apaa2 lagi (karena beda fakultas jg) TBTB KOCAKNYA cowo kita temenan jg, akhirnya kita berkontakan dan mulai hangout. enih kalo diceritain ke kita di 2021 jg gabakal percaya ekwk lov u wawa"
@onmyprogress,2024-07-30 16:12,Enih mint
@rociparocipa_,2024-07-30 15:50,Ini tugas mpkmb ga bisa satu2 kah....
@euphoricsyaa,2024-07-30 15:32,ini berarti waktu mpkmb langkah kita akan lebih banyakk
@crunoash,2024-07-30 15:30,"kalo gini ceritanya, gimana aku bisa lupain MPKMB.. 😔"
@cipOlsit3,2024-07-30 15:14,YAALLAH KASURKU ADA TUNGAU KAYANYA
@naddnav,2024-07-30 15:03,guys doain ak ya moga cpt sembuh bisa ikut pra sm mpkmb plsss yg liat ini bantu doain😔🙏🏻
@jenoskhb,2024-07-30 14:22,aku di mpkmb store lynee
@rivsdrnaa,2024-07-30 14:21,"mpkmb sepatunya boleh warna putih ga sii, tulisannya warna sepatu dan tali bebas tapi tidak warna cerah"
@nwdira,2024-07-30 14:10,tim mpkmb store semoga diberikan ketabahan kesabaran kehebatan luar biasa
@streshidup,2024-07-30 14:09,pls tp pas pra mpkmb sama mpkmb gaboleh make kendaraan sendiri ya na 💀💀
@inversmatrix,2024-07-30 14:07,"jangan ya dek ya... nanti habis mpkmb asing kamu nanges

tp saya dukung kalau mereka sama sama ""gas"" WKWKWKWK"
@dokcing,2024-07-30 13:56,"kakaknya: ""jaga kesehatan ya sebentar lagi mpkmb""
gw yg 3 hari di kosan udh jatuh sakit bilek"
@boujvie,2024-07-30 13:46,SAMA.. APA GA NANGIS AKU.. mana pake sop mpkmb 😭😭😭
@ayangwendy,2024-07-30 13:42,nanti kt review makanan mpkmb ya tmn2 stay tune
@limitfungsii,2024-07-30 13:41,"gapapa, pemanasan mpkmb ini namanya"
@mrugmeudon,2024-07-30 13:34,kangen twitter pls semenjak tugas mpkmb jarang buka woii
@venellopez,2024-07-30 13:28,iyaa pas beres mpkmb paling
@glorievs,2024-07-30 12:50,bisa egk mpkmb dipercepat aj biar ak ga di kos mulu
@gaonpotter,2024-07-30 12:44,eh gw jadi penasaran guest star mpkmb 61 siapa
@vairjys,2024-07-30 12:39,"nanti mpkmb suaranya harus kenceng banget berarti karena jadi sintaa.. dan membantu abimana naraya kuu… apakah aku harus minum air jahe dari sekarang, eh apa kencur sih buat menjaga suara itu🥹🥹🥹"
@gaonpotter,2024-07-30 12:22,ngantuk bgt coy gk kebayang nanti pas mpkmb apakah gua bakal ketiduran saat materi
@dumpiesua,2024-07-30 12:19,gais mpkmb sv tuh jadinya boleh pake sepatu putih gak ya?
@gaonpotter,2024-07-30 12:09,"ngantuk bgt gila padahal mpkmb aja belum, gimana nanti ya, udah tumbang kali gua"
@shestarst,2024-07-30 12:09,gue setiap malas nugas atau ovt sm dunia coolyeah... play anthem mpkmb hehe.
@cipOlsit3,2024-07-30 11:59,YAKAN😔
@cheyiue,2024-07-30 11:55,"mpkmb blh joki ga, capek"
@juleyskz,2024-07-30 11:49,selalu malas minum vitamin tp kayanya aku hrs mulai rajin.... SUMPAH setengah hari aja bahuku kaya mau patah GMN KALO MPKMB seharian penuh😭😭😭
@dignifiedlady_,2024-07-30 11:26,Gimmick ngerjain mpkmb di my mini library 🙏
@cipOlsit3,2024-07-30 10:55,MAU MAU
@meteorhologi,2024-07-30 10:52,"anjai wkwk sayang bngt gw gabisa ikut perang ama coklat sore ini, ditunggu aja lah di mpkmb wkwk"
@cipOlsit3,2024-07-30 10:52,pengen ngumpul ngumpul juga
@cipOlsit3,2024-07-30 10:45,sedih ga si orang orang pd sibuk semua
@stabiloveu,2024-07-30 10:42,ituu beli nametag buat mpkmb sama nyuci foto
@cipOlsit3,2024-07-30 10:41,anak sv yg cewe … boleh gak pap rok buat mpkmb kalian gimana …
@meteorhologi,2024-07-30 10:40,sdh ak upload ya min semoga sy jadi pemenangny 🙏🏻🙏🏻
@moojiesung,2024-07-30 10:33,hiyaaa ceritanya jadi gue mpkmb ipb ni??? 😃
@meteorhologi,2024-07-30 10:22,beneran gk min
@MPKMB_IPB,2024-07-30 10:19,"wowowowow ciee udah ramee banget niii yg dateng ke dramaga, selamat datang yaahh sobat naraaa cihuuuyyy👆😙👆

btw qrt twit ini pake jj terbaik kalian dong, yg menang dapet doorprize😱‼️, mimin tunggu yhhh sampe besokkk 
#miminsyngnarapatibimantara"
@cipOlsit3,2024-07-30 10:11,aku iyaa buat konfirr
@cipOlsit3,2024-07-30 09:44,ini…aku…bingung…outfit…apa…buat…ambil…almet…
@cipOlsit3,2024-07-30 09:43,tergantung pjk sih…aku sekitar 3-4 harian
@withhpleasuree,2024-07-30 09:22,"tahun ini penugasan mpkmb apa si, ko semua orang berbondong bondong bikin video kelompok😭😭 apa ini mpd.."
@ayangwendy,2024-07-30 07:49,kl di guidebook kan harus warna asli ya tp ini kan blm mpkmb
@cipOlsit3,2024-07-30 06:21,WOI KOK ILANG?!
@ewinism,2024-07-30 06:20,infokan fc yg jual nametag mpkmb
@cipOlsit3,2024-07-30 06:20,CANTIK BGT KM BIA😣🙌🏻
@reef________duh,2024-07-30 06:02,"kata gua panit yg ngadain mpd,mpd,mpkmb, u name it kenalin ke ade²nya LSI, sumpill udh aga rapih + biar ade²nya ga nyesel ""knp ga dari dulu gua nugas di sini""."
@cipOlsit3,2024-07-30 04:57,BOGOR PANAS BGT MARAHHH
@cyancza,2024-07-30 04:56,heran dah mpkmb bisa murah gitu
@tehmaniskrimer,2024-07-30 04:17,siapa yang mpkmb gapake sepatu item
@cipOlsit3,2024-07-30 04:09,AKKKK REVIEW BAHANNNN
@gimetango,2024-07-30 03:35,minggu depan udh mpkmb kok masih gamonin ugm gmnsih
@eitaasimp,2024-07-30 02:36,Pas mpkmb aku akan off semua sosmed 😔☝🏼
@khansaaii,2024-07-29 18:59,gusy kalian klo ada tugas mpkmb gt postnya di ig dump apa first?
@lsfhtpgg,2024-07-29 17:55,mpkmb
@goomaaddict,2024-07-29 17:30,koCAK gw beli rok kena harga 90k sdgkan kalo di mpkmb store cuma 66k dan 90k itu gada tempat iket pinggangnya jadi HRS BELI LAGI hdh kesalahan berpikir
@asyadellion,2024-07-29 17:22,Siklus mpkmb = duduk sebelahan - kenalan - mutualan - lupa
@dignifiedlady_,2024-07-29 16:50,Ngerjain mpkmb dlu jgn lup
@hourlyhili,2024-07-29 16:25,gimana caranya ak survive mpkmb dengan baju yang 2 lapis itu
@hourlyhili,2024-07-29 16:25,mpkmb boleh bawa kipas gasih gusy
@cheyiue,2024-07-29 15:57,mpkmb ipb seru ga sih
@cheyiue,2024-07-29 15:49,pas mpkmb saja aku ksh kamuu
@rreppapa,2024-07-29 15:27,ya allah mau ngerjain tugas mpkmb aja gada semangat
@coconatir,2024-07-29 15:24,@/mpkmb ipb ga mau nyediain konsum kaya gini juga?
@cheyiue,2024-07-29 15:00,mpkmb boleh bebas kan
@anothersidejml,2024-07-29 14:38,"jingle mpkmb 61 sv udh rilis. Langsung aja meluncur ke yt MPKMB SV IPB, sekarang!

piped.video/fVfinu26AWQ?si=Zyud…"
@cloudteur,2024-07-29 13:50,"finally, semangat mpkmb dan pku ya 🫵🫰"
@cheyiue,2024-07-29 13:36,"open jasa kipas in badan pas mpkmb, price start 50k 🙏🏻"
@cipOlsit3,2024-07-29 13:11,resume kuliah umum pra mpkmb tuh gimana deh… kok aku bingung
@shinchaneomma,2024-07-29 13:04,sedang mencari motivasi buat ngerjain tugas mpkmb😔☝🏻
@anandyaakk,2024-07-29 11:55,pls kasih motivasi buat ngerjain tugas mpkmb
@atursok,2024-07-29 11:40,mpkmb apa yah konsumnya
@narafots,2024-07-29 11:21,konsum mpkmb harus enak sih.. soalnya tugasnya juga brutal..
@cipOlsit3,2024-07-29 11:12,gajadi anjir hrs hemat🫵🏻 stop jajan
@cipOlsit3,2024-07-29 11:12,mw bli jajan sekitaran sancang sm malabar dmn yh
@cipOlsit3,2024-07-29 11:07,ini tugas pancabaya bs gk nulis sndiri aj
@cipOlsit3,2024-07-29 11:03,BINGUNG KAN😔😔😔 blm ada info.. 😔😔
@astronotcentil,2024-07-29 10:52,ini belom mpkmb udah males beli lagi 😭
@RADIANT3CCLIPSE,2024-07-29 10:41,"makanan adat mpkmb ini ma, udah kuliah juga bakalan muak makan disitu (kesitu cuma buat rapat)"
@jijellipebe,2024-07-29 10:16,mpkmb sv tahun lalu hokben tahun ini richeese (manifesting)
@nailulyfe,2024-07-29 10:14,sampe mpkmb luring kah al?
@nailulyfe,2024-07-29 10:13,"aku kasian sm ortu ku kl nungguin krn lama puol, tp mrk nya jg ga jonjon kl ninggalin, sbnrnya yg dikhawatirin pas mpkmb luring😫"
@ttekpong,2024-07-29 10:09,buat tugas mpkmb plis kalo print dadakan joki ke gw
@cipOlsit3,2024-07-29 09:58,EH BUSET YG LIAT UDH 1K AJ
@cipOlsit3,2024-07-29 09:57,AKU BESOK HARUS MAKAN GMNA ANJIR😔😔😔😔 pa bli warteg aj yh😔😔😔
@zazlwiw,2024-07-29 09:30,kalau foto gapapa kahh gapake yang sesuai sop mpkmb day 1?
@mozsarella,2024-07-29 09:09,"sumpah ini casenya mirip kaya temenku, kamarnya dipake buat nampung maba MPKMB selama seminggu soalnya penghuni kost yang lama di kamar si maba itu blom keluar wkwkwkwk dan anehnya lagi si ibu kost itu masukin mabanya dulu baru izin ke temenku"
@ipb_menfess,2024-07-29 09:02,"Punten plis bgt yg ninggalin barang di kosan jangan lupa dicek yaa, sender kost di malabaar pas mau balik kosan tbtb barang2 sender ada di luar kamar. Ternyata kamar sender disewain 1 bulan, (yg swa untuk mpkmb aja) TANPA KONFIRMASI DULU. Kalaupun konfirmasi dulu (cont)"
@dignifiedlady_,2024-07-29 08:56,MPKMB pake ini too much ga ya
@cipOlsit3,2024-07-29 08:37,ini tentang krs gimana sih mksudnya😔
@Studyzzz6969,2024-07-29 08:18,ini aja g sih mpkmb? topi sama ponconya dari kampus kan?
@fleyura,2024-07-29 07:27,iyaa seminggu aja nemenin pas mpkmb
@salvatoresfairy,2024-07-29 07:06,Pake aja gasi? Hiburan dari tugas mpkmb
@barchart_,2024-07-29 07:03,"aduh tolol bgt, kesiangan jadi pembicara cokkkkk. acara jam 9, di reminder kirim link zoom baru jam 8 (kemaren2 nya kok ga diingetin sih dek, dah minggu lalu last chatnya). meanwhile jam 7 baru balik uji teknis 12 jam mpkmb, trus tidur bablas jam 13 tadi baru bangun. TOLOL."
@ai_pathyyy,2024-07-29 06:14,"It's funny because 90% temen mpkmb gue asing, dan ada yg klop bgt ketemu pas hari h tapi beda prodi dan udah ga pernah ketemu lagi"
@blubrryblue,2024-07-29 06:03,admin divisi acara mpkmb sv sabar bgt menghadapi 10000 pertanyaanku😥☝🏻💥
@nailulyfe,2024-07-29 05:58,"aku msh bingung ditungguin atau ngga, sendirian pas mpkmb gmn ya😫"
@eunwooipb,2024-07-29 05:49,gesper buat mpkmb yang kaya gini?
@malachitin,2024-07-29 04:07,WOY G SABAR MPKMB JUGA!!
@mozsarella,2024-07-29 03:20,"aku lupa antara dikasih atau engganya pas itu soalnya aku sempet ganti WA dulu tuhh:(( dan semalem aku scroll scroll di ig mpkmb pas nemu dan cek isi sertif armadaku isinya anak sarjana semua, kebetulan aku vokasi hehhehhhe"
@cipOlsit3,2024-07-29 02:50,INI KOK TWEET ORG NGAMBIL ALMET BLM PADA LEWATTTTT aku mau lihattt😔
@8thdegrees,2024-07-29 02:44,Mengggg ransel buat mpkmb gada ketentuan ukuran wasweswos kan ya? Ya kyk ransel sekolah aja kan……gw ga bakal bawa tas gunung jg sih 😭
@narafots,2024-07-29 02:25,gusy pas hari h mpkmb ada dokumen yg harus dibawa gaksi.. kaya pernah denger pada bawa kk dll.. info dong gusy 🙏🏻🙏🏻
@cipOlsit3,2024-07-29 02:21,agendanya hari ini = males malesan
@zahrapepesikan,2024-07-29 02:17,loohh udh bisa ngambil? kmu beli yg dri mpkmb atau dirgantara??
@gawkulator,2024-07-29 02:01,mpkmb ngundang chappell roan yg nyanyi langsung dirajam
@astronotcentil,2024-07-29 01:59,boleh. kita ambil almet pas pra mpkmb day 1 kan?
@jenoskhb,2024-07-29 01:54,eh jujur gw gembel bgt (ga make up) mmf ya anggap aja latihan buat mpkmb
@wwildbery,2024-07-29 01:53,"Dulu ada satu temen hasil kenalan di mpkmb, baik banget dia selalu negor duluan karena aku kalo di jalan ga ngeh gitu sama orang. Tapi dia udah pergi pas masih semester 4😔"
@cipOlsit3,2024-07-29 01:46,BRU KALI INI BANGUN JAM SEGINI LAGI ABIS KMRN BANGUN PAGI TRS😵‍💫😵‍💫
@cipOlsit3,2024-07-29 01:44,hy ak bru bgun😁😁
@yellewood,2024-07-29 01:42,NGAKAK JGN MAU MASUK IPB PLS PENYIKSAAN MPKMB NYA
@cipawwwsss,2024-07-29 01:18,"minggu ini liat anak anak ikut pionir, minggu depan liat anak anak mpkmb narapati bimantara. COKKK ATIKUUU MAK KREK 😭😭😭"
@wirangga22,2024-07-29 01:15,h-4 mpkmb adalah simulasi menjadi zombie (15 jam. 16.00-07.00)
@yawnra,2024-07-29 00:13,IH ITU TUH ABIS PRA MPKMB KAH
@WinevDay,2024-07-29 00:09,Eh ugm mang dh mulai mpkmb kah? Eh ap si istilahnya klo versi ugm..
@naafryy,2024-07-29 00:00,"kalo ajaa, pas mau utbk gue belajar lebih keras lagii.. mungkin gue bakal tour ke ipb, siap siap mpkmb😀😀"
@inigajendraa,2024-07-28 22:58,sekarang 2 sertif 4 sks : 7 Habits dan Bela Negara x MPKMB
@8thdegrees,2024-07-28 16:24,Absen yg bru mulai ngerjain tugas mpkmb besok 😅😅☝🏻 maaf kmrn soalnya mental breakdown yg parah ancur berkeping2
@sptrosaliaa_,2024-07-28 15:54,selesaiin mpkmb dulu atuh baru dikasih
@wave2acy,2024-07-28 15:54,eh bukannya pas foto aksa pancabaya juga sop mpkmb day 1 ya 😭😭
@pipiah_,2024-07-28 15:44,"iyaaa btull kak, ga nyangka aja trnyata dridlu dah dapet sertif mpkmb"
@justaaca,2024-07-28 15:29,pov ngerjain tugas mpkmb
@NANNAAOOO,2024-07-28 15:24,mau banget di sokab in pas mpkmb pliss🥹
@farahahjhnx,2024-07-28 15:18,"Pls siapapun sokab ama gw waktu mpkmb, gw anaknya seru kok☹️😓😖😔 cmn agak diem aja sih☹️🙏🏽"
@faraaafau,2024-07-28 15:14,Inget bgt jaman mpkmb pokoknya setiap hari pasti kenalan sama orang baru soalnya kanan kiri depan belakang lu beda orang terus wkwkkwkw
@ipb_menfess,2024-07-28 15:13,"punten, semangat adik adik 61 mpkmb nya.. harus cari temen yh di mpkmb tapi bisa langgeng bisa juga asing"
@auranzwrns,2024-07-28 14:58,"welkammm, baca guidebook mpkmb dgn seksama ya arinal kimia 61 😊😊😊😊 WKWKWKKWKW"
@hnbecool,2024-07-28 14:52,kerenn semangatt mpkmb
@vidibermain,2024-07-28 14:49,"gpp udah ada ni paketnya, siap menghadapi mpkmb dengan brutal"
@cipOlsit3,2024-07-28 14:36,gbs tidur klo gak vc mama dulu😔
@mingyuipb,2024-07-28 14:29,"pasfoto aksa pancabaya: SOP kampus kan bukan SOP MPKMB?
pasfoto nametag: SOP MPKMB hari pertama
bener tidak ya"
@sptrosaliaa_,2024-07-28 14:25,"kinobi

dari mpkmb dah disuruh wkwk"
@mmaayy0930,2024-07-28 14:18,"bayangin gw dr kmrn sekelas, sekampus, INI PAS MPKMB SEKELOMPOK JG SM COWO GW?????"
@cipOlsit3,2024-07-28 14:15,ak sudah selesai challenge 2😁 skrg bisa tidur dengan tenang
@Dndramlk,2024-07-28 14:14,kmaren gue mau ngeprint name tag mpkmb abangnya cmn liat warna apa langsung dikasih print an nya 😭
@mpkmbsv_ipb,2024-07-28 14:07,"Haloo, Narapati Bimantara! Buat para prajurit Bimantara yang masih bingung seputar penugasan atau MPKMB 61 SV IPB University, segera merapat ke Instagramnya divisi acara yaa. Kita lagi open QnA nih!

instagram.com/acara.on.duty?…"
@cheyiue,2024-07-28 14:00,cari panitia mpkmb 59 60 yg seprodi diman ya? ada saran ga
@wildwif,2024-07-28 13:11,trs kapan gw bayar utang tidur mpkmb klo abis ini dkr ama mpf😄
@bluep4per,2024-07-28 13:08,"ya allah aku mau sekelompok sm nindy, biar gampang kalau mau ngerjain tugas mpkmb"
@shevakamila,2024-07-28 13:03,"iya sumpah menurutku ini peraturan aneh, kl pas mpkmb masi diwajarin deh.. kan kl pake ojol agak boros jg yh sbg anak kos😭"
@cipOlsit3,2024-07-28 13:01,inii sekolah vokasi ipb! yang di kota bogornyaa hehehe
@cipOlsit3,2024-07-28 13:00,aku ke canva selama MPKMB = 🩷🩷💕💕💕😩😩😩💓💓💓🥹🥹🥹😔😔🤩🤩🤩🙌🏻🙌🏻🙌🏻💐💐💐💐💐 ALIAS GABISA IDUP SM TEMPLATE DISINI
@fienaea,2024-07-28 12:59,"abis mpkmb itu kalau km ada waktuu trs mau jlan mah sok…. k jabanin kmana aj ke kos km jg gak apa, tp liat nanti deh"
@hnbecool,2024-07-28 12:53,kan sering jalan dan mpkmb gitu lari²an terus makannya juga ga teratur
@onmyprogress,2024-07-28 12:27,Wow ternyata dr dulu namanya emang mpkmb
@mutjuukyuu,2024-07-28 11:54,"Kamu cari aja di fotocopy baraaa ada gaa, aku sih dlu seminggu sblm mpkmb di daerah sv bnyk yg jualll"
@CindyAu49379906,2024-07-28 11:47,Bukan tugas MPKMB SV IPB kan ? Soalnya takut ketinggal info
@naeyya_ji,2024-07-28 11:36,"Selama MPKMB jangan asal milih tempat beli makan yah, siapa tau nanti telat dateng 😔"
@chasedeadg,2024-07-28 11:29,hari ini jajan banyak bgt yumm yummm treating myself sebelum beneran dibantai rapat rapat dan mpkmb
@sptrosaliaa_,2024-07-28 11:15,semangat juga mpkmb nyaaaa❤️❤️
@iheartnoya,2024-07-28 11:01,mpkmb b nya bjingan juga yah 😨
@cipOlsit3,2024-07-28 10:43,KAMPUSKU KALO SORE CANTIK BGTTTT?????!!!?!!💓
@chasedeadg,2024-07-28 08:48,udah h-brapaaa mpkmb nichh
@iheartnoya,2024-07-28 08:48,lucu gak kalo aku mpkmb pake fake nails 🥰🥰🥰🥰🥰🥰🥰
@eunwooipb,2024-07-28 08:36,"sumpah tugas mpkmb gue sisa pancabaya, tapi kenapa nyelesain nya males bgt"
@cipOlsit3,2024-07-28 08:23,kmrn mampir ke botas (nyari binder trnyata gada anying) trs pas di lantai 3 nemu ini:(((( KANGEN NARI LG PLLLLLSSSSSS mau pulang sekarang juga
@cipOlsit3,2024-07-28 07:58,ingfo yh tar😔
@cipOlsit3,2024-07-28 07:52,km ulang gk nempel fotonya?😔
@cipOlsit3,2024-07-28 07:49,yaallah tangan gue keriting ngerjain pancabaya
@cipOlsit3,2024-07-28 07:49,SM LAGI😔
@pipiah_,2024-07-28 07:21,"mpkmb kan cuman boleh bawa air 1,5 liter ya itu udh include wudhu, minum, dll
buat aku yg doyan minum kayanya bakal kurang dehh😭"
@jema_naa,2024-07-28 07:14,emg tiap mau mpkmb fotokopi dr lodaya sm malabar pasti jual nametag wkwkwkkw
@iheartnoya,2024-07-28 05:56,hngh duit ak bulan ini sama kemaren bener bener abis buat mpkmb mantap
@cipOlsit3,2024-07-28 05:50,mau tidur siang tp inget blm ngerjain challenge 2😁
@cipOlsit3,2024-07-28 05:48,DEPAN JALAN SANCANG DALAAAMMM PERSIS yang biru biru pokoknya sampingan aja sm jalan malabarr
@cipOlsit3,2024-07-28 05:44,DAH SIAPPP
@pipiah_,2024-07-28 05:41,jaman dulu mpkmb ipb dapet sertifikat😱
@pinkchary,2024-07-28 05:40,Panitia mpkmb ra
@cipOlsit3,2024-07-28 05:25,fc kesayangan q smenjak pertama kali menginjak bogor [soalnya dsni pake kyuris]  jgn tutup smpai ak lulus yh bank💓
@kongsirokok,2024-07-28 05:08,MPKMB 61 HADIR TUK GAPAI ASAAA MUUU
@bydearfia,2024-07-28 04:46,beli nametag buat mpkmb s1 dmn ya
@8thdegrees,2024-07-28 04:32,Mau pls wdyt ngerjain tugas mpkmb sambil nangis BARENGAN
@8thdegrees,2024-07-28 04:23,Guys….gw takut bgt di kos ngerjain tugas mpkmb nangis sendirian
@twsswan,2024-07-28 04:10,eh abis pra mpkmb ya 😭
@8thdegrees,2024-07-28 04:06,Barudak sv pra mpkmb nya itu first meet prodi kan ya? Apa beda…
@8thdegrees,2024-07-28 03:53,PPPP SELAIN ANAK MNI ADA YG MW KU AJAK FOTBAR GA BUAT TUGAS MPKMB INH 😭😭😭😭😭😭 juseyo…
@doriissrss,2024-07-28 03:53,ini beneran mpkmb sv diundur 1 hari kah???
@cipOlsit3,2024-07-28 03:43,SIAPA YG MUTER OST QOT HUHU 😔😔😔 sm ky ak 24/7 spotipi isinya ost qot trus😔
@cipOlsit3,2024-07-28 03:29,p ingfo fc an malabar yg ada nametag sv nya dmn sie
@cipOlsit3,2024-07-28 03:28,hmmzz msak ap yh
@cipOlsit3,2024-07-28 02:14,KALO UDH SELESAI TM INI DIAPAIN
@cheyiue,2024-07-28 00:45,itu jg kyny gojek gratis selama mpkmb
@cipOlsit3,2024-07-28 00:44,ADHARMA KU DI ACC TP CM TINGGAL REVISI LOGOOOOO😭😭😭😭😭😭😭😭😭😭😭😭😭😭😭😭😭😭😭
@withhpleasuree,2024-07-28 00:33,"dah ada angkatan baru aja yahh, perasaan baru kemaren gua mpkmb dan jadi panit mpkmb😔😔😔"
@mmaayy0930,2024-07-27 23:54,"oyaaa, okaay goodluck mpkmb nya yaa! anw lets bee mootss😆"
@cloudteur,2024-07-27 18:58,"senang jg bisa ketemu adik-adikku yg luar biasa, semangat mpkmb dan pku yaa benyaminsaik 🫰"
@zwvorz,2024-07-27 18:53,mpkmb store jgn buat aku tergoda pls
@infctee,2024-07-27 16:57,beli pdl dari mpkmb store gak ya…
@amieonghann,2024-07-27 16:45,belakangan ini lagi sibuk mpkmb sampe lupa harus ngadepin matkul full akuntansi di sem 3
@llyyytn,2024-07-27 16:24,gasabarrrr bgttttt ikut mpkmb bareng ragnala yang merah menyala itu😋
@iniiyols,2024-07-27 16:24,"eh lu gws ya, lu bli ap di mpkmb store??"
@glorievs,2024-07-27 16:05,ayo login ra sblm mpkmb😇😇
@vannotegar25,2024-07-27 16:03,INI UDAH SESUAI SOP MPKMB KAN GUYS??? ga perlu kelihatan sabuk nya kan setengah badan gpp kanya hehehehe
@onayshere,2024-07-27 15:57,dompetku dikuras mpkmb store 😔😔
@onayshere,2024-07-27 15:55,kurang dikayakan apalagi km mpkmb
@onayshere,2024-07-27 15:45,mpkmb store bisa diem nggak
@vidibermain,2024-07-27 15:42,"bisa jadi, sp tau gojek jg gratis selama mpkmb wkwkwmwmwm"
@gsukapdez,2024-07-27 15:06,kereennn siap mpkmb ni
@sapwwann,2024-07-27 14:52,tolong admin kak Diah mpkmb store 😭😭😭
@loavspells,2024-07-27 14:38,"kenapa ya kalau malem tuh jadi kepikiran semuanya.... campur aduk deg-degan pindahan ke kost, tugas & challenge, mpkmb, jadwal kuliah pku, noraebang, konser enha. belum lagi kepikiran aku bisa engga ya nanti management waktu dan uangnya? ALLAHUAKBAR 🫂"
@cipOlsit3,2024-07-27 14:37,SMNGATTT
@cipOlsit3,2024-07-27 14:37,"harus, biar lulus mpkmb🙇🏼‍♀️"
@yeellowpretzel,2024-07-27 14:34,"Itu po lanyard dimana sih?? Di ormawa gak ada, mpkmb store gak ada, artx gak ada, DIMANA ITUUU MW YG MERAHH"
@muchlovekook,2024-07-27 14:21,untung gw dapet nya sekarang sekarang bukan pas mpkmb 🫶🫶🫶
@marwahcantik11,2024-07-27 14:20,Kak khadziyah kalo buat mpkmb worth it gaa
@sukabaksobgt,2024-07-27 14:17,"Cepet sembuh, jaga kesehatan, see u di mpkmb yaa"
@boojaymey,2024-07-27 14:14,FEELLL😭😭😭 get well very soon!! semoga u bs ikut mpkmb akjsahs
@macamtuulah,2024-07-27 13:59,GAGAL FOTBAR PAS AMBIL ALMET SAMA MEREKA😔☹️ tp tunggu kita pas mpkmb gusy😎👋
@intakipb,2024-07-27 13:52,km pas mpkmb minta ke aku ajah sinaa 😼☝🏻
@juleyskz,2024-07-27 12:56,mpkmb payungnya bawa ginian wdyt🤔 (((pertanian)))
@cipOlsit3,2024-07-27 12:53,AAAKKK SEMANGATTTT km sesiiii brphhhh
@coupernicium,2024-07-27 12:45,guys kita tuh ada surat persetujuan ortu tentang mpkmb gaksih? takut kelewat akunya
@callmelilyea,2024-07-27 12:25,ehh kamu kenapaa?? get well really soon yaa smoga ga bolos mpkmb hiks sayang bgtt 😔😔
@IPBbercanda,2024-07-27 12:24,"[🚨NINUNINU PANGGILAN PENTING UNTUK NARAPATI BIMANTARA🚨]

*Salam temen-temen Narapati Bimantara*🐺

pasti pada ga sabar untuk mengikuti rangkaian acara MPKMB yang super baru🤯, super seru🤩, dan super padet🤐. Iyaa, padet, sepadet ituu‼️
Jadi, kebayang ga sii kalo kita ga jaga pola makan di tengah agenda besar yang ga akan bisa keulang lagii, bisa-bisa tumbang dan lewatin acara seru bareng temen-temen dee huhuhuu:(

Eittss tapi tenang aja, ada Dapoer Pak Jenggot yang dijamin enak, bergizi lengkap, dan bikin kenyangg puoll 🤤 dengan budget mahasiswa friendly💰 siap menemani kalian semua!!
- paket sarapan only
- paket sarapan dan makan malam
pluss bakal kita antar ke kost atau titik kumpul kalian yaaa🛵

AYOO BURUAN CHECK OUR CATALOG AND CONTACT US

6285711290179 (kang kumis)

#MPKMBKENYANK #DapoerPakJenggot #ChatKangKumis #NarapatiBimantara"
@shestarst,2024-07-27 12:03,"LEKAS SEMBUH YAA, BIAR IKUT MPKMB BARENG BARENGG"
@CestLaReves,2024-07-27 12:00,Guys kalian tas buat mpkmb yang manaa? Ada link kah...🥲
@fvckdistancs,2024-07-27 11:56,"kecantol temen kelompok kecil mpkmb?, 
gapapa ya dek yaaa"
@cipOlsit3,2024-07-27 11:24,banyak aja kok di malabar sama depan sancang dalam jg adaa
@cipOlsit3,2024-07-27 11:21,"foto ini usefull bgt anjir😔 udh kepake dari kartu snbp, ktm, SIM, beasiswa, buku pancabaya, apa pake ini aja lg yh buat nametag?😔 mles foto baru😔"
@vedtovet,2024-07-27 11:14,Ih itu nanti mrk mpkmb mau sampe ditaroh di atap gww apa gmn deh 🙃🙃
@etdahwkwk,2024-07-27 11:04,Real ya Allah sekucel mungkin abis pra mpkmb
@ygmuliaparis,2024-07-27 11:01,Okeh pas pra mpkmb
@juleyskz,2024-07-27 10:59,ambil almet pas hari pre mpkmb APA GA BURIK BGT🥹
@hwisun,2024-07-27 10:58,pas bgt pra mpkmb ya?
@cipOlsit3,2024-07-27 10:56,template nametag dmn yh dapetnya..
@cipOlsit3,2024-07-27 10:52,"MJB YAA!! aku tau di malabarr, dia ada aja warung warna ijo depannya ada kerupuk kerupuk gitu (tapi agak kurang lengkap) klo mau lebih lengkap biasanya ada gerobakan depan sdn babakan tiap pagi adaa"
@nightstars__,2024-07-27 10:51,kalo tanggal 2 gw masih tumbang kita cabut paksa aja ya ini bcz BRO GW JUGA MAU IKUT MPKMB SO BAD
@teroseng,2024-07-27 10:48,"belummm, tp mulai pra mpkmb nanti 2 agustus"
@cipOlsit3,2024-07-27 10:30,CAPEK JUGA NULIS PANCABAYA
@cipOlsit3,2024-07-27 10:29,"SV SV, sarjana gk diajak"
@katshyck,2024-07-27 10:19,"trs ambil almetnya h-1 mpkmb, makin di simpen excited nya🚶‍♀️🚶‍♀️"
@iculll_,2024-07-27 10:15,bjir lagi buluk buluknya abis pra mpkmb bis itu ambil almet
@fwzthecounselor,2024-07-27 09:58,berangkat mpkmb nanti lewat sini ya atau tidak
@Wolfieouss,2024-07-27 09:55,"MASIH BINGUNG BGT STATERPACK MPKMB APA AJA, YANG TAU MOHON KASIH TAU PLISS???"
@cipOlsit3,2024-07-27 09:41,smngat👌🏻
@KimMeinjeong,2024-07-27 08:55,sore ini nganterin anak tiri cari perlengkapan mpkmb 🧍🏻‍♀️
@cipOlsit3,2024-07-27 08:30,ngaku gk loe yg ngekost di sancang dalam🫵🏻🫵🏻
@cipOlsit3,2024-07-27 08:24,ankim yg mw bregan ajak aq pwis
@rjanne17,2024-07-27 08:22,guyss kalian yg beli rok hitam buat mpkmb di manaa? spill link dongg
@sassyysasyaa,2024-07-27 08:01,Rememorize + challenge 2 done lega bgt dahh walopun masi ada challenge 3456 dan tugas mpkmb lainnya😇😇😇 but its okay still alhamdulillah😇🙏🏻🙏🏻🙏🏻
@katshyck,2024-07-27 07:53,"kenapa ak dapet ambil almet tanggal 5 bjirr, mana besoknya langsung first day mpkmb, mantap menyala sv smi ku 🔥🔥"
@euphonitory,2024-07-27 07:34,"HAHAHAHAHHA IYAA COY, u liat ajh dari design merch guma, e-math, adkes bem, sampe mpkmb ada di canva gua semua 😭"
@niiuniverse,2024-07-27 07:30,pls batuk sembuh pls pls mau mpkmb gamau ohok ohok 😭🧎🏻‍♀️
@hwisun,2024-07-27 06:53,pppp panit mpkmb
@bukunonfiksi,2024-07-27 06:49,Pengen ngomong sesuatu juga buat panitia MPKMB tapi kyknya better dikeep🥲
@astronotcentil,2024-07-27 06:33,MPKMB 5 gari nonstop semoga ga kentut
@oomakeisha,2024-07-27 06:27,mpkmb 5 hari nonstop smoga ga mati
@puyojourney,2024-07-27 06:04,abis piloks gesper demi mpkmb ipb 🫰🏻
@cipOlsit3,2024-07-27 06:00,kapan ya dikasih spreadsheet buat adharma😔
@astronotcentil,2024-07-27 05:06,BUAT BIKIN DIORAMA MPKMB NIH GUSYYY 🤩🤩🤩
@Imiijinno,2024-07-27 04:11,"Kemeja bebas buat eksplorasi mpkmb berarti si modelnya bebas kah, gak harus kemeja formal gitu?"
@puyojourney,2024-07-27 04:05,kita tuh first meet pake baju mpkmb hari pertama kan ya???
@cipOlsit3,2024-07-27 03:38,cape BANGET ABIS BERSIHIN KOST😵‍💫😵‍💫😵‍💫
@muztardketchup,2024-07-27 03:05,disuruhh bawa pas mpkmb nann
@MaxmillianLarry,2024-07-27 02:36,@awannsv @zaiqmal ayookk gais persiapan yukkk buat MPKMB... Gw udh R banget nih barang²nyaa💪🔥🔥
@ijeyitp,2024-07-27 02:20,"Akuuu, mpkmb store bukan?"
@cheyiue,2024-07-27 02:13,"panit mpkmb angkatan 59 60yg baik tidak sombong, yg chill plis bantu tugaskuh 😭🤲🏻"
@only4bre3,2024-07-27 01:26,"deg""an mpkmb, deg""an coolyeah DEG""AN SEMUA 😵😵"
@cheyiue,2024-07-27 01:22,"KYNY TUGAS MPKMB PTN LAIN G SE SE SE SEEEETRESSSSSS INIH 😭 APALAGI SWASTA, UDH JALAN + G D TUGAS (BINUS) *kt tmn aing"
@24whoran,2024-07-27 01:03,mpkmb beda kelompok trs kita beda kelas juga... apa bgt ipb
@aqillqla,2024-07-27 01:00,"SAYA SIAP SEDIA MEMBANTU KAKA PJK DAN PENGAWAL SERTA MEMBERSAMAI MPKMB SEKOLAH VOKASI IPB ANGKATAN NARAPATI BIMANTARA YANG KE-61#MengalirSepertiAnahita💧
#KiwKiwCukurukukEaEaEa
#BiruItuCiriKhasKu💙
#SekuatOmbak🌊
#SiapJogetAnahita🙌
#mpkmbsv61
#fypシviral"
@kameyciin,2024-07-27 00:49,"kalo di yt sih kan sop mpkmb day 1 ya, berarti iyaaa harus segi4"
@kameyciin,2024-07-27 00:35,ini buat dimanaa kalo pancabaya kayaknya mpkmb day 1 deh🤔
@Aho_Serval,2024-07-27 00:35,Frieren temenin masa mpkmb gw plis....
@whoopzton,2024-07-26 23:13,foto sesuai SOP kampus tuh boleh pake pashmina gasihh.. maksudnya bukan SOP mpkmb kan yg harus pake kerudung segi empat?
@sptrosaliaa_,2024-07-26 19:24,"pun10 61, kami 60 juga ospek guyss

semangat mpkmb yakk
yang osfak osjur juga semangattt"
@limitfungsii,2024-07-26 16:46,OALAH...kamu sv tah.... kalo mpkmb sepertinya beda... kayaknya sv lebih sedikiit drpd sarjanaa aku liat kemarin 😭😭
@inginalmetbiru,2024-07-26 16:23,"(1) 26/7/24 dikasi guidebook. 

gila pdd mpkmb ipb gacor ihh. aku suka tema tahun ini dengan sangat!! bagus banget cuyy 5000 star"
@inginalmetbiru,2024-07-26 16:19,"threads MPKMB IPB

versi alya 🤓🤩"
@jiseokbogor,2024-07-26 15:57,"yg mau nanti sapa aku di mpkmb yeah 😎🤟see u soon, narapati bimantara !!! 🐺🐺🐺"
@nnshutt,2024-07-26 15:47,eh ipb jgn ngeprank gw lolos atau kagak dong.. ini knp yg batch 2 TERUTAMA SV KAGAK ADA KABAR GW BINGUNG 😭😭😭😭😭 sedangkan di webnya pra mpkmb BENTAR LAGI YE
@fleyura,2024-07-26 15:43,ransel mpkmb ga hrs item kan gusy
@MINSUNGlST,2024-07-26 15:33,udh ada info blm siih pra mpkmb pake baju apa… ak selesai ospek balik dl ke rumah bjir😭 jd gabawa semua baju pas ospek…..
@rideordiees,2024-07-26 15:15,"huftt, mpkmb sebenernya rangkaian acaranya berguna kok, ga ada yg sia sia bnrn deh, selama ngerjain ga pernah gua merasa dirugikan, banyak iya, tp itu bkn yg sia sia?? endingnya kan dpt nilai, bisa convert sks juga"
@radiateate,2024-07-26 15:08,"panik bgt gue ngeliat orang udah pada kerjain tugas mpkmb, gue packing buat pindahan aja blm anjr😭"
@inigajendraa,2024-07-26 14:45,H-7 MPKMB UDAH SIAP BELUM???!!! 😎👊🏻🔥
@wirausahaa,2024-07-26 14:11,Mpkmb dulu minimal
@Aida_rhma,2024-07-26 13:53,AAAAA BAPAK IBU MPKMB KU NIKAJ AAAAAA
@partaer,2024-07-26 13:32,mpkmb bnya biru
@bleuutterfly,2024-07-26 13:31,sudah siap memulai gim mpkmb itu 😎💙
@cheyiue,2024-07-26 13:30,topi mpkmb beli kah?
@dokcing,2024-07-26 13:27,siapa yg preorder jas lab mpkmb store batch 2 bareng yo
@mogumogubei,2024-07-26 13:23,sakit hati list mpkmb dan semua hal baru di notes ke apuss gara gara gw logout icloud anjirrr lupaaa padu pencet😊😭😭😭😭😭😭😭 knpa ak sangat sial sekali ya allah
@kleforlie,2024-07-26 13:01,pas mpkmb ke kampus jalan kaki kah.. kost aku agak jauh lg 😔
@anothersidejml,2024-07-26 12:59,"RESMI ‼️

MPKMB 61 SV IPB diundur ke tanggal 6-7 Agustus!"
@fratlouv,2024-07-26 12:57,ada yg beli sop pakaian di mpkmb store gk guys
@mzzrke,2024-07-26 12:49,"aamiin, kamu jg yaa semoga pas mpkmb kita sehat"
@glorievs,2024-07-26 12:44,guys mpkmb gabawa kartu bpjs kena sm komdis gak😭 punyaku hilank😭😭
@MINSUNGlST,2024-07-26 12:20,dia tanggal 3 bkn siih… bukannya kita ada pra mpkmb…
@dumpiesua,2024-07-26 12:03,gais mpkmb vokasi di undur?
@secretyupionly,2024-07-26 11:51,"ngeliat yang lain udah sibuk buat okk ui, mpkmb ipb, ppsmb ugm, pkkmb ub, sedangkan aku ? masih sibuk cari kampus :)"
@martinipoliceee,2024-07-26 11:47,Demi apa lu yg ngajar bocah sd itu tugas mpkmb??
@kazuhaipb,2024-07-26 11:43,PLIS MUTUALKU GADA YG DI BATENG KAH?? AK BUTUH TEMEN JALAN NANTI PAS MPKMB
@ashtomicblast,2024-07-26 11:41,MPKMB SV DIUNDUR ANYING..... KNP BNYK DIUBAH...
@dishayangkamuu,2024-07-26 11:21,"GUYSS YANG TAUU PLSS JAWA

di Bara ada yg jual ikat pinggang mpkmb gaaa ya??"
@S0CIOLOGY,2024-07-26 11:15,"buku pancabaya,  ketentuan SOP mpkmb yg diprint ada yg diubah"
@arcctics,2024-07-26 10:58,lgsg kena daftar merah gblok gbleh ikut mpkmb dan gua mati muda
@xartemn,2024-07-26 10:32,SOLD OUT GESSS MAKASIH UDH BANTU PROMOSI DAN BELI LOVE YOU ALL SEMOGA MPKMB NYA DI PERMUDAH
@sukabaksobgt,2024-07-26 10:20,"First time interaksi langsung sama maba, senenggg mereka excited banget cerita², bahas penugasan, bahas mpkmb, bahkan udah keliling² IPB hahaha. See uuu guyss💫"
@grapestra,2024-07-26 10:20,ktnya sebelum mpkmb
@limitfungsii,2024-07-26 10:13,blm hafal yel2 dan jingle mpkmb aku pusing packing barang
@fwzthecounselor,2024-07-26 10:08,moga aja gs mpkmb nanti reality club
@MaxmillianLarry,2024-07-26 10:04,@awannsv @zaiqmal udh pada siapin peralatan buat MPKMB blom?!?!
@pipiah_,2024-07-26 10:01,"anak semales ini buat post ig berkelahi dengan tugas"" mpkmb🏃‍♀️‍➡️"
@cheyiue,2024-07-26 09:59,terpantau sudah terbantai oleh tugas mpkmb
@aulrrhma,2024-07-26 09:59,"Kak,ijin nanya skor utbk kamuu berapaa?buat tahun depan kira2"
@zepiez,2024-07-26 09:47,sisa uang jajan dipake buat beli kebutuhan mpkmb :)
@alexxalbon,2024-07-26 09:18,Met ketemu di mpkmb ipb ia dipzi 😋
@meandpeeps,2024-07-26 09:11,setidaknya ig first gw idup lagi setelah jd panit mpkmb
@yupijupiter,2024-07-26 09:00,"penugasann mpkmb yg sv, km belom di info kah?"
@saysikenow05,2024-07-26 08:49,"Heol klo pace walking mu cepet and emamg terbiasa jalan, klo berangkat jln kaki ke ipb aman aman aja sih. Cuman klo lagi masa mpkmb, trs harus pulang jalan kaki sih agak agak ya😃😃😃 g papa sih sehat"
@cipOlsit3,2024-07-26 08:14,ABIS POTONG RAMBUT
@nattadeqoqo,2024-07-26 08:09,bulan juli ini sangat sangat boros buat beli barang barang keperluan mpkmb sama kos 😔😔
@24whoran,2024-07-26 08:07,tekor juga beli kebutuhan mpkmb haduh
@naostudys,2024-07-26 08:02,celana bahannya kayak gini gapapa kan ya buat mpkmb?
@vannotegar25,2024-07-26 07:40,"Btw guys yg udah di bogor, ada yg tau jualan koran dimana ga ya?? Soalny butuh ni buat mpkmb😁 koran ku ketinggalan d rumah😖"
@monggu611,2024-07-26 07:30,"kak mau tanya lagi, ini kita harus ikut kegiatan di luar mpkmb ipb juga kah? atau ikut yg wajibnya aja udah cukup untuk memenuhi syarat logbook/convert sks? masih ga ngerti asli..."
@themariast,2024-07-26 07:01,Gapapa nanti rc diem dulu di Bogor sampe penutupan mpkmb buat jadi gs (aamiin)
@enfjul,2024-07-26 06:47,tugas mpkmb ipb banyak yh 🥹🥹
@sapwwann,2024-07-26 06:47,selesain dulu tuh tugas mpkmb
@dignifiedlady_,2024-07-26 06:45,udah pada siap nangis mpkmb kahh
@FankaSalim,2024-07-26 06:35,"stress anda hilang, stress saya ga hilang hilang dibantai tugas MPKMB ipb"
@IMANS20752,2024-07-26 06:32,"Efenbi oke sih nder, atau mpkmb store juga trusted, bisa dipertanggungjawabkan klp ada apa-apa mah"
@zzalshfa,2024-07-26 06:28,"OMG TUGAS MPKMB😲😲😲😲😲
bismillah semoga kuat"
@clairobogor,2024-07-26 06:02,isinya maba ipb semua kali ya mau healing sblm mpkmb 😊😊
@frellsz,2024-07-26 05:58,Manifesting semoga tbtb ipb ngundamg rc pas mpkmb wkwkwk
@clairobogor,2024-07-26 05:57,TP TANGGAL 4 NYA BISA OI gaada jadwal mpkmb 🤤🤤
@CestLaReves,2024-07-26 05:54,Kita masi mpkmb rel😃
@chasedeadg,2024-07-26 05:53,tiap simulasi mpkmb energi sosialku habis terserap jd maaf yaaah klo ak keliatan jutek dan badmood
@kwonssy,2024-07-26 05:24,"mon maap ya join bentar, barangkali ada yg nyantol hehe 🙏"
@palsaid20,2024-07-26 05:09,mpkmb sv gajadi botakkk
@cipOlsit3,2024-07-26 04:08,INI GMN SIH CARA PENGERJAANNYA😔😔 tutor pls😔😔
@cipOlsit3,2024-07-26 04:07,AKU TAU DIMANA tp bukan online😔
@bonfirekiss,2024-07-26 03:52,Kak???? Mpkmb kan tugasnya banyak gmn mau nyoba adobe?? 😭
@ashtomicblast,2024-07-26 03:51,MJB BEBAS BUAT MPKMB???????
@bbylu0,2024-07-26 03:19,Mpkmb
@shevakamila,2024-07-26 03:10,maba kl diluar MPKMB boleh bawa motor gk
@eunwooipb,2024-07-26 03:07,KABAR GEMBIRA COWO SV IPB PAS MPKMB GA HARUS POTONG 121 GUYS OMGGG CRY 💛😭😭
@Hvdhrk_,2024-07-26 03:03,Terimakasih MPKMB
@atursok,2024-07-26 00:38,membiasakan diri keluar bareface biar pas mpkmb dah terbiasa 😔☝🏼
@cipOlsit3,2024-07-26 00:34,"btw mau nanya dongg, km lgsg up tugas aksa adharma ke ig apa nunggu respon pjk??"
@cipOlsit3,2024-07-26 00:32,"mau nanya dong buat yang udh up tugas aksa adharma, itu tuh habis kumpulin di form terus kasih link drive, harus nunggu respon dari pjk atau lgsg up aja ke ig?"
@levanaon,2024-07-26 00:31,nugas mpkmb langsung dipusatnya 😾🫵🏻
@xz_dira,2024-07-26 00:27,"beri pencerahan atas tugas"" challenge dan mpkmb ini yallah...🙇‍♀️"
@Maul_f1,2024-07-26 00:16,"Biasanya almet sebelum mpkmb gaksih?
Kecuali 57,58 soalnya online.wkwk"
@crunoash,2024-07-25 23:51,coba bawain ini pas mpkmb
@naostudys,2024-07-25 23:06,mpkmb m nya MISKIN
@sapimewing,2024-07-25 23:02,biar pas mpkmb udah terbiasa 😈
@barchart_,2024-07-25 18:40,hari fak bgt. syuting jam 2.30 kelar; lupa parkir motor di dpn rektorat; pagi2 kena omel ama satpam; talent mapping anjing; meeting buat ke cianjur lusa; urusan ribut tempat; eval kreatif; weekly report mpkmb; balikin gitar raca ke sekret lagi; msi ngedit banner tatib ama imapres
@cyancza,2024-07-25 17:59,"iyaa lanjutin tugas challenge sama mpkmb, lumayan banyak yang dl nya mepet:)"
@asyadellion,2024-07-25 17:43,Prnh baca pov di mpd apa mpf gt dan dia berhasil ngerubah gtu. Klo yg 7 habits/mpkmb ni blm nemu ripyu nya
@dpublic05,2024-07-25 17:26,"Bersama MPKMB IPB Kita bisa . . . 
IPB digdaya . . ."
@fleyura,2024-07-25 17:14,mpkmb sarjana dh ad tugas vid kh min
@onlyforditaa,2024-07-25 17:02,"Percayalah aku rindu mpkmb yang seru itu, ngerjain tugas nangis gara gara isinya kayak curhat ke kampus, dan penuh afirmasi positif.
Be nice to penugasan mpkmb everyone 😔💐"
@scaredacted,2024-07-25 16:43,iya juga sih ya kak.. kalau sepengalaman kakak di hari terakhir mpkmb bagaimanaa?
@geesyas,2024-07-25 16:25,siapa yg setuju mpkmb undang enhypen
@cheyiue,2024-07-25 16:11,"cie abis diomelin kating, makanya jaga omongan selama di grup yeah biar g di timpuk pake pengki pas mpkmb 🙏🏻"
@chemistae,2024-07-25 15:51,TAPII kamuu catering buat pas mpkmb ajakah atau full sebulan
@fratlouv,2024-07-25 15:48,hiburan sblm mpkmb
@grapestra,2024-07-25 15:34,haii jugaa iya yg seminggu yaa soalnya aku pra + mpkmb
@macadumpie,2024-07-25 15:28,"haloo mau nanyaa, km catering khadziya buat mpkmb berarti pesen yg manaa dehh? mingguan kah?"
@nnaaninuu,2024-07-25 15:12,aku stress melihat guidebook mpkmb ituu... pusing bngt takut ketinggalan
@menisyong,2024-07-25 15:00,pdhl masih h-11 ketemu narapati bimantara tapi gue udh mikirin life after jdi panitia mpkmb ini jdi sedih 😞
@adipnphys,2024-07-25 14:54,wayuluuu day mpkmb didobrak jam 2  biar bangun cepet
@astronotcentil,2024-07-25 14:33,enakan yang MPKMB store kata kating
@8thdegrees,2024-07-25 14:30,Guys aku takut mpkmb…
@cheyiue,2024-07-25 14:15,"guys, ini emg blom ada grup prodi? atau grup mpkmb gitu? kok gitu"" aja sampai skrg ya 😭😭🙏🏻"
@juleyskz,2024-07-25 14:02,untuk mpkmb pesen catering ga yah.... (takutnya ga kemakan)
@pikidottaj,2024-07-25 13:54,belum dapet denger denger abis mpkmb tapi masih belum pasti betul infonya
@chasedeadg,2024-07-25 13:48,tapi dipikir pikir masuk jg tentang mpkmb😓
@felaenable,2024-07-25 13:23,beli yang podi mpkmb store kah?
@aissyyyaipibi,2024-07-25 13:21,"mau jd introvert dulu, nanti di mpkmb mau jd pendiem aja deh"
@grapestra,2024-07-25 13:16,"iyapsss aku asramaa, aku beli paket pagi sore pra + mpkmb"
@Anisa_dr21,2024-07-25 13:13,Ini penugasan mpkmb?
@themariast,2024-07-25 13:11,Longlegs sampe kapan sik habis mpkmb mau ke botas gak samaku nonton itu 😔
@cipOlsit3,2024-07-25 13:07,woi ni celenj 2 mgsut ny apah😔
@muztardketchup,2024-07-25 12:59,"gusy yg ngekos, klian ke kampus pas mpkmb naik apa 😇"
@lovesomely,2024-07-25 12:43,🥹🥹🥹 YAUDAH GAPAPA YG PENTING RAPIH DEH. gue pikir sesuai sop mpkmb anjir HAHAHHA. Gapapalah ya
@salvatoresfairy,2024-07-25 12:23,"Kayanya gasi.. katanya mpkmb day 1 wajib bawa almett, tp tunggu info lebih lanjut dehh"
@grapestra,2024-07-25 10:45,mpkmb store jualan sabuk juga salll
@cikenti,2024-07-25 10:42,"yg wktu itu jd tenant mpkmb ada, mr.brownco"
@cheyiue,2024-07-25 10:31,"GUE MAU TUGAS MPKMB GIE BUAT VIDEOO PERKENALAN, SOALNYA LUCU AOWKAOWKA"
@itadoowri,2024-07-25 10:23,yg penting kita sebelum mpkmb psti dah dapet 😁☝
@yellewood,2024-07-25 10:21,sumpah lucu bgt respon respon anak 61 mengenai mpkmb ini gue gakuat ide nya ada aja 😭😭😭😭
@naj2ui,2024-07-25 10:19,Di ig mpkmb
@cipOlsit3,2024-07-25 10:13,"LOMBA PRATIBHA NUSANTARA KATANYA DI EXTEND, PLIIIISSSSSSS SAMPE KAPAN?!"
@eunwooipb,2024-07-25 09:50,ini sisa talent mapping doang kan? abis itu mpkmb
@cipOlsit3,2024-07-25 09:32,p … talent mapping gmn anjir😔😔 katanya bakal ada yg mirip snbt?😔
@aissyyyaipibi,2024-07-25 08:56,gaiss bedanya guidebook mpkmb lama sama guidebook baru apaa???
@cipOlsit3,2024-07-25 08:43,"sumpah ini kalo ketolak komdis, gue nangis😔"
@marimoihan,2024-07-25 08:05,diserbu tugas mpkmb 😁
@knowhoos,2024-07-25 08:05,tema besar mpkmb liat dimana ia
@kerlabu,2024-07-25 07:28,Di IG mpkmb biasanya ada
@inipunyayasi,2024-07-25 07:15,HELP GUYS siapaa punyaaa templatee nametag mpkmb?? kok punyaku dari tadi gabisa dibukaaa
@intakipb,2024-07-25 07:12,T____T jaga kesehatan ia biar bisa fully enjoy mpkmb nanti 🫶🏻
@eveschew,2024-07-25 07:08,Ada di guidebook mpkmb kok itu 2 halaman soalnya 😭 bagian paling akhir sblum tugas linkedin
@pinkchary,2024-07-25 06:55,MAU MAIN SEBELUM MPKMB DEH
@anothersidejml,2024-07-25 06:32,"update besar mengenai mpkmb sv 61, stay tuned kabar resmi dari temen"" panitia ya ges"
@Wenashley3ight,2024-07-25 06:29,"guys mau nanya, buat tugas vc kalo katingnya bkn panitia mpkmb 61 bisa ngga ya????"
@ldhsky11,2024-07-25 06:12,"oke, karna u itu orang luar mungkin gatau ya di IPB ada mpkmb. Salah satunya pelatihan 7 habits ye, bela negara, campaign pelecehan seksual dan banyak kegiatan keren lain. esensinya? salah satu habitsnya, Seek First to Understand, Then to Be Understood. Search dh itu buat apa"
@grapestra,2024-07-25 05:15,ktnya sebelum mpkmb mulaiii
@tehqotaq,2024-07-25 04:57,Tas gw panjangnya 45 cm masih dibolehin buat MPKMB kah ...
@m0chaecheeseu,2024-07-25 04:13,"iyaaa, 7 habitss yg batch 2 selesaii mpkmb klo ngga salahh"
@leesserafim,2024-07-25 04:06,sdikit menyesal tdk convert 7habits dan mpkmb kmrn
@cipOlsit3,2024-07-25 04:04,IYAKANNNN
@cipOlsit3,2024-07-25 04:03,wml bkin tugas adharma hari ini
@milktearaa,2024-07-25 03:48,Boleh gak sv ada guest star juga pas mpkmb dan itu adalah kak joan pengwinningg
@gausakepolaya,2024-07-25 03:46,aku mpkmb tpi asrama jg bisa
@vrazhen,2024-07-25 03:38,"Relasioners goes to H-7 MPKMB IPB.
Hai Narapati Bimantara, tunggu orang orang spesial yang bakal hadir di MPKMB nanti yak🫶"
@aneversez,2024-07-25 03:33,"what if guest star mpkmb tshun ini dewa19 sama juicy luicy, ditambah niki juga oke🤔🤔"
@2172happiness,2024-07-25 01:48,"iya skrg udah bisa convert peserta mpkmb jadi sks, duh kenapa ga dari dulu sih gw 57 ribet banget nyari sks tambahan"
@cipOlsit3,2024-07-25 01:19,iyaa.. katanya itu yg ikut lomba..
@ManasyeErlangga,2024-07-25 01:14,"Wahahahahaha. Bagian yang menjadikan bahan kuliah sebagai bahan bercandaan tidak perlu ditiru ya, saya orangnya memang konyol aja. Selamat menjalankan MPKMB dan tugasnya yang banyak itu. Good luck untuk kehidupan akademikmu di IPB."
@coupernicium,2024-07-25 01:10,"Aamiin ya Allah, ak gakuat kalo harus mpkmb di haid day 1......."
@crunoash,2024-07-25 01:04,"semalem aku mimpi MPKMB itu ada rangkaian camp gitu, terus kita dibawa ke daerah terpencil naik kereta.. lalu di mimpiku, aku pemberani, jadi aku maju duluan buat jalan ke rawa-rawa berhantu 😇"
@cipOlsit3,2024-07-25 01:02,PLS ITU TUGAS TIKTOK ANAK SV APAAN DAHHHH
@crunoash,2024-07-25 00:17,h-1 mpkmb menn
@asyadellion,2024-07-25 00:00,"Wkwk udh lah kocak gausa lu kerjain tugas2nya nnti klo mau convert diem aja gausa ribut nyari bukti dokum 😁☝🏻 enak aje mau convert sks tapi gamau bersusah2 dahulu, udh enak lg mpkmb jg bisa di convert fakmen iri besar gwej"
@themariast,2024-07-24 21:04,Adaaa yg tugas pra mpkmb
@llalanajla,2024-07-24 19:46,"7 habits tu bagus kokk, i mean berguna (imo si ya), tp ya selain itu kerjain aza, cape si emang tapi ya sp suruh masup ipb yang memang mpkmb nya tugasnya bejibun WKWK (no hard feeling), amw smgt nder!"
@cozyykendall,2024-07-24 17:30,H-7 mpkmb ktar ktir zuzur semoga lancar² terus sampe akhirr😭
@krabbypattyyums,2024-07-24 17:01,gua belum belanja barang barang mpkmb selain baju sepatu dll kapan yhh
@chasedeadg,2024-07-24 16:19,aduh gajadi bersih bersih kost krn ada kegiatan lapang mendadak demi mpkmb yg sangat berharga sedunia jagat raya alam semesta ciptaan Tuhan itu
@mahirawrrrrr,2024-07-24 15:49,gapapa ketawa aja sebelum di bantai tugas Mpkmb
@dokcing,2024-07-24 15:21,kalo mpkmb rekeningnya kak lauryn KALO GASALAH
@terangelapan,2024-07-24 15:18,mpkmb boleh pake rambut cokelat ga sih😅
@skwngss,2024-07-24 15:06,pengen cepet cepet mpkmb trus langsung lulus dan sukses 🤗 (ketikan org mabok tugas)
@dishayangkamuu,2024-07-24 14:54,"walahh okee, kalau MPKMB dapet snack gitu ga ka? kalau dapet dibagiin jam berapa"
@rideordiees,2024-07-24 14:48,"bisa sih kebantu naik 0,4 tp emg aku cmn convert yg mpkmb doang, yg 7 habits blm di convert, menurut aku lumayan sih"
@dishayangkamuu,2024-07-24 14:47,ka chosyy mauu nanyaa pra MPKMB dapet makan gakk
@eunwooipb,2024-07-24 14:36,perlu sertif lulus mpkmb
@jjajareu,2024-07-24 14:27,btw jujur gw baru tau mpkmb bisa di-cv soalnya gw cmn cv 7 habits…
@eunwooipb,2024-07-24 14:27,nanti ga lolos mpkmb 😭
@kleforlie,2024-07-24 14:24,buat mpkmb 😭 biar gak kering pucet apa ya
@eunwooipb,2024-07-24 14:14,guys anak ipb/kating ada yang bisa tolong jelasin ga maksudnya dokum kegiatan mpkmb bisa diconvert jadi sks itu gimana? apa berlaku juga buat sv?
@iheartnoya,2024-07-24 14:13,kalo pas mpkmb aku denger maba ngeluh karena banyak tugas mending aku ilangin sepatunya atau bajunya sekalian
@arrietty555,2024-07-24 13:56,ak lupa ini di mpkmb store apa di dirgantara ya....
@xartemn,2024-07-24 13:37,Kira2 mpkmb store akan bisa di ambil barang2nya kapan yaa
@fratlouv,2024-07-24 13:25,nnti makan buat mpkmb gimanaa plis ak bingung mw catering ap beli sndiri ajh
@faisalmzhdtt,2024-07-24 13:24,sumpah gasabar perang yel yel pake baju kastara pas mpkmb. anj excited parah🙏🏻
@cipOlsit3,2024-07-24 13:22,ibu ibu disini seru😔
@ccacayoo,2024-07-24 13:03,😭😭 gamau anjir pas mpkmb mah
@ipb_menfess,2024-07-24 12:58,"punten, testimoni dong kakak kakak 60 yang kemarin kebantu sama convert 7 habits dan mpkmb nyaa"
@goodevemom,2024-07-24 12:34,Oh my wow aku baru aktif lagi setelah hectic tugas mpkmb dan tugas 7 habits 🛵💨💨💨💨 hello! Tes ombak
@dCinnamoroll,2024-07-24 12:20,gusyyy kalian yang kost pas mpkmb catering dimanaaa leh spill tidaa
@Syrflh_,2024-07-24 12:06,"Hoo enak bet brti dpet modal 4 sks dr mpkmb, gua dlu mpkmb 57 soalnya kagak bsa di konvert cma bisa 2 sks 7h doang"
@Syrflh_,2024-07-24 11:50,Umm 7habbits sih gua wajarin soalnya buat logbook tpi emng peserta mpkmb bsa di jadiin sks? Bukannya gabisa ya pls no salty soalnya di dept gua emng gabisa di convert kecuali panitia
@peetrichors,2024-07-24 11:24,JIRLAH... iya iya makasih yh kebetulan aku lg loyo diserang tugas mpkmb
@andra_dp3,2024-07-24 11:16,ku baru tau mpkmb bisa dikonversi
@cipOlsit3,2024-07-24 10:54,semoga tar tugas aku termasuk aja ya kritera penilaiannya😔 soalnya gatau lg mau dimana … aku udah di bogor … tanteku lg pulang ke sampit ampe 3 mingguan😔😔😔
@xnxyllzr,2024-07-24 10:42,beli di mpkmb store ajaahh udah sesuai aturan dia
@cipOlsit3,2024-07-24 10:40,ini ngisi perwalian gmn deh
@cipOlsit3,2024-07-24 10:38,p ak mw bkin vid aksa mlm nie😔👌🏻
@cipOlsit3,2024-07-24 10:36,KUNTO AJI DATANG KE SV🤓🤓🤓🤓
@boooakutakut,2024-07-24 10:24,Ada yang udah beli baju batik buat mpkmb? Kalau ada yang udah info dong bingung kyk gimana
@miawmimaw,2024-07-24 10:18,anak tekpang ipb batch 2 plis angkut aku berteman😔 ini belum ada info apa apa ya untuk batch 2 mpkmb? 😔
@onmyprogress,2024-07-24 10:15,Ini mpkmb store ada aja yg dijual 😭😭
@ipb_menfess,2024-07-24 08:50,"Punten sender blum mulai kuliah udah capek digempur tugas😔👊🏻 Semangat yg lgi masa perkenalan, entah itu mpd, mpf, mpkmb, ataupun mpdm alias masa perkenalan diri mu"
@bojoApoofc,2024-07-24 08:38,ada yang ketemu makna tema besar mpkmb sv?
@kailaiueo,2024-07-24 08:01,"tenang, selesai mpkmb kita thrift aja ke blok M 😋"
@cyancza,2024-07-24 07:43,"aku nitt, tapi jadinya beli lagi di mpkmb store buat jaga²"
@ldhsky11,2024-07-24 07:07,"buset dah ini blm tau aja lu nanti berguna buat lu convert SKS apalagi mpkmb. trs menurut gue kurang2in lah ngeluh2 gajelas gitu, lu pikir itu kegiatan dilakuin gaada esensinya? udah cape2 tuh panitia terkait bikin tp lu anggap remeh tuh kegiatan. trs itu juga ada izin dari kmps"
@zrklrr,2024-07-24 06:55,Ni tugas mpkmb klo ga dikerjain bakal dikejer sm rektornya ga
@zrklrr,2024-07-24 06:43,Mpkmb ntar disuruh cat item lg lo
@raasanshine,2024-07-24 06:19,muka dzaki di sosmed mpkmb klo dikumpulin bisa jadi sks
@raasanshine,2024-07-24 06:18,tunggu pencerdasan linkedin mpkmb 61
@buciftv,2024-07-24 06:17,"jaman gw mpkmb 7 habits fotonya cm dikit doang makanya smpe skrg gw ga ngerjain itu logbook, kata gw mah itu bakalan jdi berguna juga nantinya just wait and see"
@ipb_menfess,2024-07-24 04:41,"punten, gimana ya gua juga pusing kenapa setiap tugas tuh harus bikin riview di ig, kek gunanya apa anjir? ga mpkmb, mpd, mpf hduh"
@mylouvey,2024-07-24 04:16,takut banget gak ada temen pas mpkmb nanti😔
@8thdegrees,2024-07-24 04:05,Lu pada kalo liat gw pas hari h mpkmb pls tepok sj pundak ku bjir TAKUT GAADA TEMEN NANTI
@yellewood,2024-07-24 03:58,"setiap kali ditanya ""tugas mpkmb ipb emang apa aja"" mental gua semakin gak stabil"
@cipOlsit3,2024-07-24 03:51,"honestly, 7h ini bener bener bagus sih programnya, impactnya juga bagus buat maba, tugasnya juga MUDAHHHHHHHH AAAAAAA 🩷🩷🩷🩷💓💓💓💕💕💕💗💗💗"
@flownyl,2024-07-24 03:40,"tiba2 kepikiran tahun lalu tuh mpkmb ada yg tour ke fakultas masing2 gitu kan yah, terus yang sb gmn yaa"
@cipOlsit3,2024-07-24 03:30,YEYEYEYEYEYEYEY dapet satu api😋😋
@WinevDay,2024-07-24 03:26,"Iyaa, ini tugas mpkmb sv"
@kameyciin,2024-07-24 03:05,ngejar tugas mpkmb mantap bangat😭😭
@d0bbiest,2024-07-24 02:42,gaiss botol minum yang disuruh bawa buat mpkmb sv ada ketentuan berapa liter engga yaa ??
@dwynneverknow,2024-07-24 02:39,halo maaf oot boleh tanya ga ya? apa kampus yg diluar bogor ikut mpkmb nya di bogor jga?
@cipOlsit3,2024-07-24 02:26,YAALLAH NT
@jiseokbogor,2024-07-24 01:26,h-12 mpkmb..... H-3 GUE PINDAH KE KOS.......
@journbeys,2024-07-24 01:01,GAPAPA FOTONYA PAS MPKMB AJA😋🙌
@dwynneverknow,2024-07-23 19:20,ya allah bingung bgt kalo ternyata mpkmb nya di bogor😔
@chasedeadg,2024-07-23 16:42,"timaacii sygg, osjurku nantii abiss mpkmb (⁠・⁠∀⁠・⁠)"
@nanalofs22,2024-07-23 16:23,pengerjaan penugasan mpkmb sv ipb batch 2 kira” baru bisa dimulai kapan ya? 😔
@bildelrey,2024-07-23 16:17,nawaitu update linkedin (terakhir update jaman mpkmb)
@alexxalbon,2024-07-23 16:06,Sebenernya mpkmb ipb ini bertujuan untuk melatih maba biar kuat kuliah di ipb
@onnamlfoy_zee,2024-07-23 15:43,"Semangat yahh, tugas mpkmb tidak sesusah itu kok wkwkwk"
@ygmuliaparis,2024-07-23 15:37,smangat ges bsk last day 7H jangan lupa siapkan paradigma baru kalian tentang semangat menjalani hari-hari MPKMB
@1OM0NTHSLOVE,2024-07-23 15:04,naksir banget sm maskot mpkmb LUCU BANGET keren
@msct007,2024-07-23 14:13,kalian mules jg ga sih setiap baca tugas mpkmb atau aku doang
@muztardketchup,2024-07-23 14:08,bahkan seorang anak itb setuju kalo tugas omb dan mpkmb 61 ipb banyak BANGET 😇
@pidaanel,2024-07-23 13:56,plis tugas mpkmb udahan dong😇
@cloudteur,2024-07-23 13:34,"iya jujur mending pake poncoo, tapi kalo mpkmb bawa dua2nya yess"
@whoopzton,2024-07-23 13:17,guidebook mpkmb itu berlaku buat vokasi juga ga yaa? mungkin in general masih samaa tapi timelinenya bingung bgt.. anak mandiri ini hrs apaya hadeh
@asyadellion,2024-07-23 13:11,MDD mpkmb tuh dibayar ga si feedsnya suka bngt anjir dr jaman 60 trs skrg 61 BENER2 SUKAKKKKK ANJERRRR ga cukup dah dipuji2 gini klo kata gw mah
@menisyong,2024-07-23 13:07,"GILA SERU BANGET?!
8scene di babat abiez dan hampir semua one take gokil keluarga kecil ini.
staytune on youtube, short movie mpkmb sv ipb 61 👊🏻"
@m0chaecheeseu,2024-07-23 12:32,"pls.. ini.. batch 2.. blm ada.. hilal kelompok nih… 😢😢😢😢😢🫰🏻

colek etmin @MPKMB_IPB"
@napatishappy,2024-07-23 12:28,mpkmb enaknya pake batik sma atau smp ya gusy
@sprinxlee,2024-07-23 12:21,pls mpkmb 14 hari lagi?
@tansylace,2024-07-23 12:21,aku itu sm mengerjakan tugas pra mpkmb
@haoipebe,2024-07-23 11:59,"guys yg big rocks mahasiswa tuh ap aj sih, menyiapkan perlengkapan mpkmb gitu bisa kah?"
@8thdegrees,2024-07-23 11:51,Temen2…ada yg tau ga mpkmb buat sv nanti apa aja yg harus di bawa 😀 ak barudak mandiri super clueless tp mau disiapin dr skrg
@suguruhamil,2024-07-23 11:38,tmn2 doain aku ya aku mau war sop goods mpkmb huhu takut gak dapet bangke udh ky mau war tiket aj
@ayesazzu,2024-07-23 11:36,"teman teman 61 yg tahap 2, lini masa pengumpulan tugas mpkmb yg tahap 2 sama kayak tahap 1 kah?"
@xchiggarates,2024-07-23 11:33,nelah pasti pas mpkmb mukanya tetep shining shimmering splendid
@chasedeadg,2024-07-23 11:30,"h-9 mpkmb, binsik terakhirr samaa meddsss huhuhuu"
@coupernicium,2024-07-23 11:06,"mikirin penugasan, barang mpkmb, dan masi banyak lagi......"
@aurumnf_,2024-07-23 11:01,"Di ig mpkmb, buka link atau scan qr di sana"
@cipOlsit3,2024-07-23 10:45,red day pertama tuh kaya PEGEL BGTTTT ANJJJJJJ
@0308radio,2024-07-23 10:37,pokoknya sebelum mpkmb yaaa
@cloudteur,2024-07-23 10:24,"keren, tapi menurutku after mpkmb atau pas ambil almet ajaa. jujur pas mpkmb tuh riweh bgt tau"
@cipOlsit3,2024-07-23 10:21,"pls siapapun jawab, buat anak sv yang tugas setoran/tarikan itu dimana sih linknya? kok aku ga nemu😔"
@xchiggarates,2024-07-23 10:18,"bolee ga ya bawa ginian buat dikasi ke temen"" waktu mpkmb 😓"
@rdjadmrl,2024-07-23 10:11,"tugas"" mpkmb lumayan berat cokkkkkkkkkkkkkkk"
@dwynneverknow,2024-07-23 09:46,ges info mpkmb sv ipb kapan yaa??
@rutoipb,2024-07-23 09:34,"fomo,,, ni ad sentuhan meap nya, klo nnti mpkmb buluq tlong maklum 🥸👍🏻"
@astronotcentil,2024-07-23 09:33,"admin mpkmb store boleh dipanggil ""mamah"" ga?"
@astronotcentil,2024-07-23 09:12,ini staff mpkmb store ngerjain orderan maba segitu banyak digaji berapa ya 😭
@nasigorengsmbl,2024-07-23 09:11,"Semua kawan kawan ku di IPB semangat ya mengikuti rangkaian omb - mpkmb selesai, kita pasti bisa kok 🙌🙌🙌"
@cipOlsit3,2024-07-23 08:48,sp mw brsdia tuk tmenan dan msup di buku pancabaya q?
@babiesyoda,2024-07-23 07:58,lebih butuh joki tugas mpkmb😔
@madforknowingu,2024-07-23 07:51,tidak ikut war mpkmb store 😞💔
@esaenato,2024-07-23 07:42,Aktivitas penting sebagai mahasiswa kek gimana deh? Ini nyiapin kebutuhan mpkmb termasuk ga sih?
@itadoowri,2024-07-23 07:17,kayanya mpkmb ajah sengg
@d0bbiest,2024-07-23 06:40,mpkmb store buka jasa gitu an kaii
@arrietty555,2024-07-23 06:12,"kita smua lelah, nara lelah, kaka pjk lelah, mimin mpkmb lelah, pak arif lelah...."
@nadoraraa,2024-07-23 06:12,Gua beneran nangis sambil nulis apresiasi diri nanti waktu wisuda padahal mpkmb aja belum☝🏻
@preciousrrr,2024-07-23 05:49,kalian ada yng ikutan catering MPKMB di kang kumis gak
@narsisuskuning,2024-07-23 05:42,ikut mpkmb ipb
@S0CIOLOGY,2024-07-23 05:29,hidup gw minggu ini hanya didedikasikan untuk mpkmb & 7 habits doang
@scaredacted,2024-07-23 05:28,"aku kan mau konser ya di tanggal 11 agustus sementara mpkmb ada dari tanggal 2-10, kira kira capek ga ya kalau konser di tgl 11 nyaa? atau mending ku jual aja tiketnya? konsernya di jakarta btw.."
@etdahwkwk,2024-07-23 05:07,Cara mengubah tugas 7 Habits dan MPKMB menjadi rasa strawberry
@wiwawawiw,2024-07-23 04:59,MPKMB bisa ngulang……..? Ya Allah…..gamau…..capek…..Bismillah lolos
@isekaui,2024-07-23 04:39,"halo haloo! adakah yang masih butuh kemeja putih bersih untuk mpkmb? bukan broken white yaa karena sop-nya harus putih bersih. harganya 30k ajaa ukuran m ld 98cm, dom bogor bisa cod di ipb dramaga

🏷️ wts want to sale jual kemeja ospek"
@rociparocipa_,2024-07-23 04:23,"KETAR KETIR, INI KALAU MPKMB BENERAN 1 AGUSTUS, SABTU INI DAH PINDAHAN AKU"
@dishayangkamuu,2024-07-23 04:02,"wifi gue error selama ngezoom, jdi pke kuota udah abis 1 gb anjrottt😭😭 buat mpkmb dahal, inimah abis duluan"
@cipOlsit3,2024-07-23 03:19,tugas 7 habbits lebih gampang drpd per-aksa an😔
@cipOlsit3,2024-07-23 03:07,tadi ngajuin diri buat baca misi pribadi gitu😔😔
@fratlouv,2024-07-23 03:06,yg di mpkmb store kaahh
@cipOlsit3,2024-07-23 02:46,NICE JOBBBBBBBBBB SIPAAAAA UDAH BERAAAANIIIIIIIIIIIII
@nainailand,2024-07-23 02:36,"""dance atau ngerjain tugas pra MPKMB, 7 habits, dll?""
aku dengan kesadaran penuh : 💃💃💃💃💃💃💃💃💃💃💃💃💃💃"
@maugnraf,2024-07-23 02:18,wehh belum aja mpkmb😭
@iccaaann,2024-07-23 02:01,CAPE BGT JIR PRA MPKMB FYUH
@foralsskets,2024-07-23 01:35,kepo mpkmb skrg gmn
@cipOlsit3,2024-07-23 01:14,noob bgt klo ngerjain quizziz😔
@auranzwrns,2024-07-23 00:46,si fadhil ama temen² nya keren juga yeah bisa bikin jingle mpkmb 61 seenak itu. kata gua teh temen sd jadi kating gue huehuehuehue nasib smk 4 tahun
@itadoowri,2024-07-23 00:44,riyal mending beli di mpkmb 😔
@itadoowri,2024-07-23 00:44,"Iyaa, isinya dr pdf yg udah ada guidebook mpkmb sama covernya art carton warna kelompok besar (depan belakang)"
@shestarst,2024-07-22 23:30,"AYAA, MASA AKU HARUS KE SOLO DULU SIH BUAT CARI BATIK BUAT MPKMB"
@zwvorz,2024-07-22 22:40,"semenjak ada tugas mpkmb, hidupku jd teratur.. teratur nangisnya"
@chaviivaa,2024-07-22 19:50,baru mau booking buat eyelash tiba2 gue KEINGET MAU MPKMB😊👏🏻
@themariast,2024-07-22 16:59,Mpkmb gs nya kak gem aku bersyukur sepanjang hidupku aku masuk ipb
@napatishappy,2024-07-22 16:54,harusnya sebelum mpkmb gak sih ... soalnya ada disuruh bawa almet di guidebook
@ssroomm,2024-07-22 16:26,"wow omaigat, nyusup mpkmb bleh gakkss"
@meysmay,2024-07-22 16:07,Gambaran skema brainwash mpkmb
@cyancza,2024-07-22 16:05,admin nya mpkmb store asik banget dahh
@ssroomm,2024-07-22 15:55,mpkmb berapa hari dah
@yanstudytwt,2024-07-22 15:09,"Lets be connect yok guys, mayan biar 500+++
Mayan juga buat tugas MPKMB"
@withhpleasuree,2024-07-22 15:02,"gapapa nikmatin dulu ajaa masa masa penugasan mpkmb, nanti kalo udah ketemu mpd mpff makin wahhh!🤩 semangatt yaa!"
@khansaaii,2024-07-22 14:54,ini kayanya haru pertama mpkmb gue langsung nangis deh…. gakuat…. bnyk bgt🥹😭
@khansaaii,2024-07-22 14:54,GUYS HELP BUAT MPKMB TUH YANG WAJIB YANG MANA YA DIANTARA buku bimantara sama buku rekor yg dijual di mpkmbstore
@napatishappy,2024-07-22 14:46,"mpkmb store ajaa, biar ada temanku 😇"
@qiissuutt,2024-07-22 14:44,"mau pakai cara apa lagi aku untuk mengeluh tugas mpkmb ipb yang sebanyak itu😭😓, semangattin aku pliz"
@grazzzeeeee,2024-07-22 14:38,"buatt simpenan aja si, sapa tau ntar butuh kan+buat kenang2 perjuangan mpkmb😇"
@cipOlsit3,2024-07-22 14:33,kalo udah jam segini sllu kepikiran aksa adharma yg blm kepikiran mau ngapain😔
@cipOlsit3,2024-07-22 14:30,@InfoBogorTengah info dance studio yg bisa sewa perjam dimana ya?😔
@earthIiengs,2024-07-22 14:28,takut gapunya temen pas mpkmb keii 😅😥😥🥲🥲
@cipOlsit3,2024-07-22 14:27,sewa studio dance dmn ya😔 buat take video😔
@dishayangkamuu,2024-07-22 14:24,mpkmb harus ngosongin brp gb bjrot
@crunoash,2024-07-22 14:23,"haaaahh, ternyata begini rasanya bersibuk-sibuk ria untuk MPKMB.. 😮‍💨😮‍💨😮‍💨"
@js1jh,2024-07-22 14:19,"Jadi teringat dulu mpkmb udah kena mental luan ngerjain tugas banyak bangett sampai ga tidur, ga lagi deh mpkmb kedua kalinya"
@kal0psie,2024-07-22 14:14,"walau tugas mpkmb bejibun, tapi mff nongkrong akan tetap kulakukan demi kewarasan"
@Jaheuniverse,2024-07-22 13:58,"Gajadi makan malem gw gara2 mpkmb, zoom malem trus gmn gw keluar kos jam segini sendiri, tugas blm kelar, padahal siang td jg ga makan🙃"
@asktheace,2024-07-22 13:57,akhirnya mendapat sop mpkmb batch 2
@CestLaReves,2024-07-22 13:50,"Banyak yg open po.......panti goceng, mpkmb, trs...apa lagi ya....lupa.... ato 2 ya....."
@earthIiengs,2024-07-22 13:46,"IYASIHH, Tp TAKUT PAS MPKMB PLANGA PLONGO SENDIRIAN (my biggest fear) 😔😭😭😭"
@maugnraf,2024-07-22 13:45,sedang menunggu admin mpkmb membalas pesan🧍🏻‍♂️🧍🏻‍♂️
@eveschew,2024-07-22 13:40,Lof bgt sm kk pjk ak yg mw meluangkan waktunya utk membahas mpkmb
@carlosipb,2024-07-22 13:37,pra sama mpkmb nya (7 hari) 164.5k
@cipOlsit3,2024-07-22 13:34,"UDAH SELESAI NUGASSS AAAKKK, siap dibantai tugas besok😁"
@a_khj22,2024-07-22 13:30,udah 2 orang yang kena nyap nyap ku hari ini karena nyuruh ngerjain tugas tugas mpkmb ku yang banyak
@ipb_menfess,2024-07-22 13:28,"punten kakak kakak

yang ga lulus mpkmb selain emang krna ga ikut mpkmb nya dulu, gara gara apa lagi yaa? trus nnt lulus/ngga nya fikasih tau kapan kak"
@dishayangkamuu,2024-07-22 13:24,"gais mpkmb bawa air 1,5 liter itu utk sholat subuh doang apa sma zuhur ashar deh"
@iniiyols,2024-07-22 13:21,ANJIR SALDO GUE ABIS GARA2 BELANJA DI MPKMB ANJIR KAGETT😀 blum minta reimburse ini ke nyonya😰
@grapestra,2024-07-22 13:11,inii klo mau buat pra mpkmb + mpkmb bisa tinggal di itung aja mau yg paket apaaa
@iniiyols,2024-07-22 13:08,"beli ikat pinggang di mpkmb store aja lah anjay, malas nyari"
@fratlouv,2024-07-22 13:08,yg mpkmb atau ormawaa
@_crazyylibraa,2024-07-22 13:07,bismilah waras sampe selesai mpkmb
@iyabenerliaitzy,2024-07-22 13:06,hari” war mpkmb store😇
@d0bbiest,2024-07-22 13:02,haloo mjb ketentuan mpkmb sv liatnya dimana yaa? makasi sebelumyaa
@mingyufutsal,2024-07-22 12:46,kepakenya malah pas mpkmb 😭😭😭😭😭
@ygmuliaparis,2024-07-22 12:37,Penugasan MPKMB bersama nitter.net/i/spaces/1eaKbaEEppoxX
@nnadbtrq,2024-07-22 12:22,ga aman smw pls aku butuh mpkmb store open batch 3 buat buku mahasiswa
@swarkasa,2024-07-22 12:13,"tapi yg d mpkmb store gt bolong deh, boleh kali ya"
@ayestudiez,2024-07-22 12:08,admin terlucu ily bgt mpkmb store 😖🫶🏻
@Imiijinno,2024-07-22 12:08,Wahhh haloo kakk🙇🏻‍♀️ mohon doanya untuk kelancaran mpkmb tahun ini ya kak🙇🏻‍♀️
@kailaiueo,2024-07-22 12:07,kamu ada syarat2 model baju buat mpkmb gaaa? mau dong kalo ada
@tehmaniskrimer,2024-07-22 12:06,kalo ngawur takut ga lulus mpkmb anjir
@ayestudiez,2024-07-22 12:04,Puji Tuhan dapet slot di mpkmb store setelah gagal war kmrn 😖
@hcneyskyy,2024-07-22 12:01,baru mpkmb aja udah boncos apalagi nanti pas kuliah ya 😞😞
@i_m_v1k1,2024-07-22 12:00,mau nyantai tapi takut kebantai tugas MPKMB...
@zahraet_al,2024-07-22 11:58,guee kgn manit mpkmb yg kurang tidur itu
@latesudo,2024-07-22 11:58,WKWKWK iyahhhh semangat juga a'a² IPB teknikkk menjalani mpkmb(?) nyahh
@sedayuagung91,2024-07-22 11:57,Oken jasa pengerjaan tugas MPKMB
@itadoowri,2024-07-22 11:54,harga po goods mpkmb ditambah 60k 😁
@vidibermain,2024-07-22 11:37,gua sangat bangga krn mostly penugasan mpkmb adalah daily routine gua 😭😭😭 APALAGI yang weekly planner asli dah
@devansnr,2024-07-22 11:30,"tutorial mengubah tugas mpkmb menjadi uang 1 miliar no hacks, no fake"
@ygmuliaparis,2024-07-22 11:28,"Oke ges jadi malam abis isya(estimasi 7.30)akan diadakan space membahas seputar penugasan mpkmb, buat msi ad yg ngeganjel ato bingung boleh nanti kita sharing disana(tidak open joki yah)"
@vidibermain,2024-07-22 11:25,kalo... awal... agustus... nanti.... gw lolos di sana berarti semua barang-barang mpkmb ini sia-sia 😭😭😭😭😭 gapapa dah jd kenangan aja (manifesting)
@scndstff,2024-07-22 11:24,ya Allah lancarkan rezeki kedua orang tua hamba… udah ngeluarin buat mandiri skrg buat mpkmb… semoga lancar terus rejekinya aamiin😞😞
@tirlalaland,2024-07-22 11:05,"GUA KEHABISAN PO SOP GOODS MPKMB STORE BATCH 2 NOoOoOoOOooOoOOO
PLS BATCH TIGA PLS PLS PLS"
@naviacchi,2024-07-22 11:03,literally segala hal gue preorder di mpkmb store HAHAHAHHA BIARLAH GA SANGGUP LG INI UDH HECTIC
@lazueli,2024-07-22 11:03,"ada hikmahnya juga sibuk mpkmb, aku jadi gapernah jajan jajan gajelas lagi 💗💗 karna bokek 💗💗"
@_crazyylibraa,2024-07-22 11:00,mpkmb ipb p nya tuh pak yu men
@pwettyroad,2024-07-22 10:51,grup isinya po mpkmb semua😭😭
@frsepii,2024-07-22 10:46,berasa investasi ke mpkmb store
@nightstars__,2024-07-22 10:43,ini po mpkmb store ngalah-ngalahin war ticket gda kemaren dah sumpah
@cipOlsit3,2024-07-22 10:37,REMEMORIZE ITU DMN DEH NEMUNYA
@cipOlsit3,2024-07-22 10:35,"mjb kita blm mutualan soalnya😔, mau tanya ttg yang rememorize itu yang mana yaaa???"
@Strawberry29__,2024-07-22 10:32,tiap detik buka sop mpkmb
@juleyskz,2024-07-22 10:28,heran juga kok bisa kemaren berhasil war goods sop mpkmb di batch 1 padahal aku tunda2 soalnya lagi di mobil dan tahan mual😭
@_ceriboy,2024-07-22 10:24,NOOOOOOO GW KETIDURANNN KGK IKUT PO SOP MPKMB
@juleyskz,2024-07-22 10:23,itu belakangnya harusnya mpkmb-ipb-61
@littletimefory,2024-07-22 10:12,Batik buat mpkmb boleh yg kerahnya rada bulat kah
@astronotcentil,2024-07-22 10:08,"bertahun tahun hidup gua, masih kalah berguna sama mpkmb store"
@KakatoKuruko,2024-07-22 10:01,Sumpah selalu ada mf kaya gini tiap logo mpkmb rilis
@xartemn,2024-07-22 09:54,"Aku bikin template list tugas di notion buat OMB, isinya buat 7 habits sama MPKMB, ada yg mau kah"
@grapestra,2024-07-22 09:53,buset ini bisa beli 2 pack di mpkmb store 😭😭😭
@gsukapdez,2024-07-22 09:39,"manusia yang se mager aku dan gampang ke distract dah lama ga dikasi tugas, disuru kerjain tuhas mpkmb😃😃 smngt aj cin.."
@dishayangkamuu,2024-07-22 09:31,eh gue pusing dahh galeri gue penuh sma mpkmb doang
@jijellipebe,2024-07-22 09:26,gusy makna tema besar mpkmb sv 61 liatnya dimana ya
@napatishappy,2024-07-22 09:24,"semangat buat yang lagi war PO di mpkmb store, semoga berhasil 😇🫰‼️"
@toslesjours,2024-07-22 09:19,belom dapet tugas mpkmb tp sudah bisa merasakan ke stressful-annya
@viuutamii,2024-07-22 09:11,di mpkmb store beli apa aja sihh lupa 😭
@iniiyols,2024-07-22 09:08,habis menamatkan gim goods sop mpkmb ia
@sapwwann,2024-07-22 09:06,absen yang sudah mendapatkan SOP MPKMB batch 2
@partaer,2024-07-22 08:52,ga harus pjk yg penting panitia mpkmb setauku cmiiw
@stucktistika,2024-07-22 08:44,"pls tanyarl guyss, batik mpkmb berarti gak harus kancing kan yaahh??"
@tansylace,2024-07-22 08:36,admin mpkmb store lucu bgt😭😭
@ayestudiez,2024-07-22 08:28,admin mpkmb lucu bgt 😖🫶🏻
@itadoowri,2024-07-22 08:27,Mksh mpkmb ak dah buat spiral duluan 🗿🗿🗿
@grapestra,2024-07-22 08:20,semangat war di mpkmb store nya yahhh moga dpet ✊🏻✊🏻
@cipOlsit3,2024-07-22 08:17,mjb ini dapet dimana ya linknyaa?? aku ga nemu link tugasnya huhu😔
@rrshlma,2024-07-22 07:40,MPKMB😭😭😭
@ecciw,2024-07-22 07:30,gua takut gapunya tmn ntar mpkmb..........
@overallovt,2024-07-22 06:56,"Gapapa, akan aku hadapi mpkmb walau sambil nangis dikit🥰"
@arlrawrrr,2024-07-22 06:51,"Iyaa buku mahasiswa tuh yg 83 dan setauku buku mahasiswa=buku penugasan di mpkmb store, tapi dari kemarin bnyak bngt yg nanya isinya sesuai template 83 apa ngga, tapi g dijawab sama kakak²nya😔 harusnya klo bli di mpkmb gt sih udh sesuai yaa"
@chocrattes,2024-07-22 06:48,inimah kamu males mpkmb
@kerlabu,2024-07-22 06:26,Cinta banget sama MPKMB store 🫰🏻
@sapwwann,2024-07-22 06:24,po aja di mpkmb store murah ges
@xnxyllzr,2024-07-22 05:56,KALO KATA GUE MENDING LU PADA FOLLOW IG MPKMB STORE DAHH BIAR NYENTUH 10RB FOLLOWERS TRS OPEN PO SOP MABA PAKET GOODS!!!!!
@melankoram,2024-07-22 05:49,CEPAT FOLLOW MPKMB STOREEEEEE BIAR PO BATCH 2 AARRGHHHHHH
@infctee,2024-07-22 05:42,hari pertama udah banyak juga tugasnya 😃 belum yg mpkmb
@fratlouv,2024-07-22 05:36,kalian bisa kah bagi waktu nugas sm nyiapin mpkmb😥😥😥😥😥
@bunnyswtnana,2024-07-22 05:26,"ak kira mpf tugasnya sedikit, trnyata sama aja kyk mpkmb part 2 😭"
@kailaiueo,2024-07-22 05:20,ini serius anak Mandiri diginiin 😔 kgk ade info mpkmb apa-apa… TRS GW HARUS APAAAA
@tasmoniaa,2024-07-22 05:15,"TERKOCAK HARI INi gue lg nganter anak ke toilet trs dia ngomong
""kakak itu yang suka dimiripin sm ka adin ya?""
trs taunya dia anaknya adin @ahdaiueo di mpkmb wkwkwk"
@gumohwo,2024-07-22 05:14,ini sepatu sm tas mpkmb masa kudu beli sih jir
@cipOlsit3,2024-07-22 05:06,SELEEEESAAAIIII
@pyrlines,2024-07-22 05:05,ikut po goods mpkmb berasa ky war tiket alias cepet bgt sold outnyaa 😭
@shestarst,2024-07-22 05:02,bersama mpkmb ipb kita bisa🤗🤗🤗
@astronotcentil,2024-07-22 04:58,dulu gua ngeluh grup fakultas isinya open po mulu. skarang gua malah menunggu mpkmb store open po segala hal😭😭😭
@nnadbtrq,2024-07-22 04:54,makasih mpkmb store udh exist
@xndrxmengambis,2024-07-22 04:47,adlh gw pas keracunan h-1 mpkmb smpe akhirnya ke ugd
@sapwwann,2024-07-22 04:47,"admin mpkmb pls baca twt ini, tolong dong adain part 2 buku akademik plsssssss"
@sapwwann,2024-07-22 04:46,barra store ga mau nyaingin mpkmb store kah cuannih
@Imiijinno,2024-07-22 04:39,"Kemeja batik buat mpkmb kerahnya boleh gini gak?
Udah dibeliin🥹"
@tansylace,2024-07-22 04:34,untung kmrn udh gercep beli dr mpkmb store
@sapwwann,2024-07-22 04:34,mpkmb store buka po lagi dong
@frappvccinoz,2024-07-22 04:31,berusaha tetap TEGAR ia karna kata kating tugas mpkmb belum seberapa dibanding tugas kuliah😇
@monggu611,2024-07-22 04:21,"iya, buat full melaksanakan mpkmb"
@xartemn,2024-07-22 03:55,Aku cinta mpkmb store mwah mwah makasih sudah hadir di dunia ini
@yeellowpretzel,2024-07-22 03:38,ETMIN MPKMB STORE MANE NI W TUNGGUIN PO NUA
@beausyfly,2024-07-22 03:24,"trimakasih yh mpkmb store, tp knp grupnya beda beda sih😔"
@xnxyllzr,2024-07-22 03:23,mpkmb gamau restock sop maba paket goods kah🥲😓
@ileyawow,2024-07-22 03:04,"udah kos kamarnya sebelahan, satu st, skrg satu AK, terus satu kelas didepartemen, kepisah cmn waktu mpkmb😅"
@yawnra,2024-07-22 02:55,klo beli batik di mpkmb store tuh bkal sama smua gk yah modelnya😞
@algadulu,2024-07-22 01:58,semenjak membaca guidebook omb dan mpkmb tidurku tidak pernah tenang
@onayshere,2024-07-22 01:54,mpkmb dikayakan maba ☝🏻☝🏻
@milktearaa,2024-07-22 01:49,"kayaknya pas mpkmb kelar dan dapet libur, hal pertama yg akan gue lakukan adalah LARI ke stasiun krl lalu pulang ke cibubur"
@dakaizenn,2024-07-22 01:13,ini kurang tugas MPKMB😖
@gumohwo,2024-07-22 00:56,mau beli yg murah aja buat mpkmb doang 😔
@tirlalaland,2024-07-22 00:49,"Anak mpkmb tahap 2, kita ngerjain tugas yg guide book atau ngga sih? Bingung asli😔🙏🏻"
@Imiijinno,2024-07-22 00:48,"Mau tanya, kalau sepatu kaya gini masih boleh dipake buat mpkmb nggak yaa? Ada satu sepatu lagi yang lain tapi mirip kaya gini (bawahnya ada putihnya juga)

Agak sayang kalau beli sepatu sekolah lagi huhuhu"
@findrawat,2024-07-22 00:33,Kalau kamu ga mau ribet mending kamu ikut PO di mpkmb store aja
@grapestra,2024-07-22 00:24,btw elll kamu pencet done buat panduan omb sm mpkmb gaa apa nanti???
@KAbiyasa30,2024-07-22 00:03,Udah mpkmb 61 aja :(
@loadingsmh,2024-07-21 23:42,join ngambeknya @/mpkmb store
@kanghaerinf,2024-07-21 23:31,Tugas mpkmb itb sebanyak itu SUMPAH swmoga kgk nular..
@clyonomist,2024-07-21 21:16,Kok susag dh mpkmb ny
@bluesstudy,2024-07-21 18:43,mending pake batik punya ayah apa beli di mpkmb store
@anndptrr_,2024-07-21 18:31,w jd inget dulu momen pas jadi PJK MPKMB 57. ngurusin perbocilan duniawi yang 140an orang itu. ngerjain tugas ospek mpf mpd. jadi bph di kepanitiaan fakultas....... tp lebih parah lg transisi sem 4 ke 5 sih WKWK
@carlosipb,2024-07-21 18:09,kalau liat dari pict mpkmb store kayanya model loose pants deh
@chstudis,2024-07-21 17:52,"61 semangat yaa sm penugasan mpkmb itu, pasti bisa kok lewatinnya, asal jangan ditunda tunda ajaa"
@cyancza,2024-07-21 17:34,"iyaa aku menyesal beli duluan, tau gitu ikut PO mpkmb ajaa harga batik yg ku beli 2x lipat nya mpkmb store :)"
@barabarambis,2024-07-21 17:09,"Dri jaman mpkmb ampe skrank ak sllu pke btik cwok,,, knap yah btik cwek yg kerah susah bet elah"
@ygmuliaparis,2024-07-21 17:06,"bagaimana tindakan grawira/grawidya jika melihat ada anggota atau kumara nya yang berpacaran dgn kinara atau sesama anggota lain, dan sangat berpotensi mengganggu jalannya mpkmb, nah bagaimana penindakannya(jujur gw kaget pas baca ini lgsg dm dia, gw kira personal)"
@urjiiinji,2024-07-21 16:29,VO CAST SBLUM MPKMB ITU YG MANA PLS....
@cipOlsit3,2024-07-21 16:27,"okei seminggu dan beberapa minggu ke depan udah mulai diterjang tugas, smgt sipa"
@lovesomely,2024-07-21 16:24,Guys ini bawaan mpkmb beneran ini ajaa?? Soalnya aku mau siapin. Btw ini ppt aku
@ashtomicblast,2024-07-21 16:22,"temen"" yg lagi ngerjain essay aksa acitya, skalian sama essay aksa pancabaya gak guys yg isinya VO cast sblum mpkmb?"
@sapwwann,2024-07-21 16:20,bayangin semua perlengkapan ospek tinggal beli di mpkmb store WKWKWK
@vannotegar25,2024-07-21 16:00,"Kepada seluruh teman"" Armada Agniarsa mohon dukungannya ya teman""🙌 mari kita bersama melukiskan cerita indah di mpkmb sv 61 bersama Agniarasa #agniarsamembara🔥❤️‍🔥"
@jiseokbogor,2024-07-21 16:00,admin pls klarifikasi apakah bara punya rambut atau botak @/MPKMB_IPB
@l0velyroese,2024-07-21 15:53,aku beli di mpkmb store 😃😃😃
@cipOlsit3,2024-07-21 15:48,AKU UDA SELESAI NUGAS PER AKSARAAN (walopun baru 1 yang selesai😔)
@napatishappy,2024-07-21 15:42,demi apa batik di mpkmb store cuma 45k doang?
@felyfluffy,2024-07-21 15:40,"HAHAHAHAHA BELUM, besok baru pra mpkmb yang online gitu"
@iniiyols,2024-07-21 15:35,mpkmb store bner2 semakin kaya salah satunya karena aku
@s5olitude,2024-07-21 15:16,seru bgt ya ngeliatin anak 61 ngomongin dan pusingin sop-sop mpkmb? WKWKWK cemangat adik-adik
@morkeeuuu,2024-07-21 15:14,habis membujuk mpkmb store buka batch 2...
@mogumogubei,2024-07-21 15:08,KEMEJA DI MPKMB STORE KNPA MURAH BGT ANJIR😭😭😭
@grtppol,2024-07-21 14:58,menonton live show mpkmb 59 trus berfikir kok mereka semangat bgt ya dikala maba itu....even gue masih culture shock dengan dunia bogor dikala itu
@thecincauu,2024-07-21 14:58,mau nyicil tugas2 7H sebelum dibantai tugas MPKMB 😭😭😔
@glorievs,2024-07-21 14:58,bezir… baju di mpkmb murah bgt😭😭😭
@senowmenn,2024-07-21 14:56,Apalagi tugas mpkmb pas kita bener bener serba dadakan buat yg batch 2 gw udh mau ngata ngatain panitnya tapi kasian mereka juga capek
@OSCOCLIFFO,2024-07-21 14:51,uang kita abis di mpkmb store anjenk
@oneonlynabil,2024-07-21 14:45,mpkmb tu k nya kont-
@jasmiceng,2024-07-21 14:42,pengen jadi pjk lagii pengen mpkmb 60 lagiiii🏃‍♀️
@flownyl,2024-07-21 14:40,ituu buat uploud tugas2 7habits sm mpkmb besok2
@khansaaii,2024-07-21 14:36,yaudah deh bsk nyicil baju mpkmb buat kosan am tugas nanti dulu😭😭
@preciousrrr,2024-07-21 14:32,omg mpkmb store jual SOP BAJU JUGA…. atuh telat aku udh beli…
@jiaxzan,2024-07-21 14:31,Semalam baru CO dan ternyataaaaaaaaaa MPKMB STORE jual + lebih murah plisssss nangisssss😭😭😭😭😭😭😭😭😭😭😭😭😭😭
@ipb_menfess,2024-07-21 14:27,"punten ipb 61 kalian pusing penugasan mpkmb, kami yang ipb 60 juga pusing penugasan mpd💜"
@babyboyjaeminie,2024-07-21 14:27,mpkmb store buka batch 2 yu bisa yu
@astronotcentil,2024-07-21 14:26,mpkmb store nih definisi toserba palugada 😭😭😭
@tehqotaq,2024-07-21 14:25,GILE KEREN MAKASIH KAKAK KAKAK MPKMB STORE 🗣️🗣️🔊🔊🔊‼️‼️‼️‼️‼️
@fujiwaraamiharu,2024-07-21 14:17,"Ntar aku bakal rajin up hiruk-pikuk kerjain tugas MPKMB di twit aja deh, soalnya kalok di sec acc ig banyak yg reply (males bales chat org)😎😎😎😎😎"
@zwvorz,2024-07-21 14:15,mpkmb b nya banyak tugas
@alexxalbon,2024-07-21 14:13,"MPKMB IPB, B NYA BANGKE STRES BGT 😭"
@rraaarr__,2024-07-21 14:13,nyicil beli beli di mpkmb store HAHAHHA
@dishayangkamuu,2024-07-21 14:12,mpkmb emng ada disuruh celana training?
@jiseokbogor,2024-07-21 14:12,mpkmb boleh bagiin freebies gak sih? pgn iseng bikin
@mpkmbsv_ipb,2024-07-21 14:10,"Malam Narapati Bimantara‼️ 
Mimin mau kasih tau kalau something big is coming!! Cluenya ada di instagram story MPKMB SV. Duh, mimin excited banget! Ada yang bisa tebak ngga kira-kira apa?🫣 

Pokoknya besok stay tuned di instagram MPKMB SV ya😉🫵"
@sitiawwlia,2024-07-21 14:06,"GO AWAY TUGAS KELOMPOK MPKMB & ORG GA JELAAZZZ, I WANNA CUT YOU DIE"
@bstudiees,2024-07-21 13:48,wow jadwal mpkmb nya berubah yaa ini… aku baru baca guidebook terbaru
@esteh4rb,2024-07-21 13:43,Semangat jg yah mpkmb nya
@sapwwann,2024-07-21 13:35,"mpkmb bisa ga kalo inggris inggris aja, aku g paham bahasa Indonesia mu"
@swidyam,2024-07-21 13:19,kerjain balik tugas mpkmb piter
@krabbypattyyums,2024-07-21 13:18,gak difilterin biar kalo mpkmb ga kaget liat aslinya 😅
@2log2048,2024-07-21 13:14,"semangat disha, mpkmb t nya tertekan"
@enyuaryuelika,2024-07-21 13:08,ohhmaayy H-11 lho inii mpkmb
@tehmaniskrimer,2024-07-21 13:02,abis mpkmb ini gua butuh liburan sebulan full bisa gak
@gumohwo,2024-07-21 12:47,tahun depan aku mau jadi panitia mpkmb tapi gamau pjk pokoknya 😁
@Imiijinno,2024-07-21 12:39,Duh keknya pas mpkmb lagi red day deh....
@gausakepolaya,2024-07-21 12:16,payung buat mpkmb harus lipet kah?
@Imiijinno,2024-07-21 12:07,"Buat yang cewe, celana bahan buat mpkmb kaya gimana deh"
@cherrywaffle__,2024-07-21 12:05,admin mpkmb store lucu bgt dah meme semua sg nya😭
@Imiijinno,2024-07-21 11:56,"[  ] Jaket almamater (hari 1 mpkmb)
[  ] Kresek
[  ] Sandal
[  ] Alat tulis
[  ] Buku mahasiswa A5 (udah po)
[  ] Masker
[  ] Topi rimba dibagiin kelompok
[  ] Media rekor (po)
[  ] Kardus 2 lembar
[  ] Klip binder nomor 111 14 buah
[  ] Buku bimantara (udah po)"
@Imiijinno,2024-07-21 11:56,"[  ] 4 lembar fotokopi ktp + 4 lembar fotokopi kk
[  ] Obat obatan
[  ] 1 tolak angin (perhari?)
[  ] Alat dan bahan diorama (kelompok)
[  ] Kartu insan asrama
[  ] Trash bag 40×50cm, 50x60
[  ] Air 1,5 liter (hari 1 - 5 mpkmb)
[  ] Alat shalat (mukena, sajadah)"
@fanzwashere_,2024-07-21 11:55,Lebih mirip konsep mpkmb 59
@Imiijinno,2024-07-21 11:54,"Mpkmb
[  ] Kerudung segi empat polos item, putih
[  ] Ciput hitam
[  ] Kemeja putih
[  ] Kemeja hitam
[  ] Kemeja bebas berkerah
[  ] Kaos putih polos
[  ] Kaos hitam polos
[  ] Kemeja batik berkerah
[  ] Rok a line (panjang sampai mata kaki)"
@beausyfly,2024-07-21 11:46,aku langsung pusing abis baca guidebook mpkmb sm 7habits
@mnyhyst,2024-07-21 11:40,Kamu menetap dr sekarang sampe mpkmb kahhhH?
@qiissuutt,2024-07-21 11:29,"banyak bet tugas mpkmb ipb ya Allah, help😭"
@qiissuutt,2024-07-21 11:29,"setelah baca guide book mpkmb ipb, pusing bgt😵😵‍💫"
@sassyysasyaa,2024-07-21 11:24,Me to penugasan mpkmb :
@_ceriboy,2024-07-21 11:20,sudah kuduga gpunya bpjs gbisa ikut mpkmb
@malachitin,2024-07-21 11:18,temen temen 61 yg mau nyari barang-barang buat mpkmb ajakin aku dongg
@zwvorz,2024-07-21 11:14,"gusy ada egk yg nnti mpkmb ga pake kerudung, tp islam 😀😀😀😀😀😀"
@tehqotaq,2024-07-21 11:12,Di IPB apakah ada offline store yang jual perlengkapan MPKMB? (gw samperin aseli dah)
@tehqotaq,2024-07-21 11:11,Eh ini baju daleman MPKMB harus polos kah... Masa iya diperiksa satu satu 🫣
@fratlouv,2024-07-21 11:05,aku cinta mpkmb
@tehmaniskrimer,2024-07-21 11:04,my biggest fear skrg itu ngulang mpkmb.. nafisya lu yg bener nugasnya pls lancar jaya sentosa ak mohon
@cikenti,2024-07-21 11:01,"iya sih krn dia tipis bgt, tp klo cuma dipake sementara selama mpkmb aman aja, klo mau sekalian dipake buat jangka panjang mending sekalian yg bagus gituu"
@naruhiiko,2024-07-21 10:53,Ada orang mpkmb belom mulai udh mikir mau self reward apa (gue)
@cipOlsit3,2024-07-21 10:41,AAA INI MEMBANTU TERIMAKASII
@smileejenoo_,2024-07-21 10:41,mau ngeluh liat guidebook mpkmb tapi udah dapet univ impian
@swidyam,2024-07-21 10:26,gw lah salah satu yang memperkaya mpkmb store itu
@stucktistika,2024-07-21 10:25,kayaknya kalo ada yg buka po full paket barang barang mpkmb gue beli beli aja deh
@jwylibel,2024-07-21 10:17,mayan lah buat tugas mpkmb
@ipb_menfess,2024-07-21 10:12,"punten, ada yang punya rekomendasi catering trusted buat MPKMB? yang gak sad food ya pls, review dan harganya kalau ada 😞"
@astronotcentil,2024-07-21 10:09,"ada di youtube MPKMB yaaa video ""pencerdasan media rekor"""
@shareinjarjar,2024-07-21 10:05,Inget bgt tahun lalu gua hampir nangisin tugas mpkmb ternyata lebih nangis tugas pmb setelah mpkmb apalagi dapet kelompok yg asksmdlalkxjx
@ayestudiez,2024-07-21 10:04,"knp mpkmb store sold nya cepet bgt, & KNP GW MESTI TELAT MULU SIH 😞"
@vernonsipil,2024-07-21 10:04,gua takut mpkmb okk bakal hectic but remember that i was a ldks l2ks ldko and diklat survivor walau ujung-ujungnya kena marah
@adipnphys,2024-07-21 10:03,ini ada tokonya disamping IPB persis dan lengkap segala sop mpkmb dijual disitu
@yuwrirawr,2024-07-21 10:00,"pra mpkmb tanggal 2, cmiiw ☝🏻🥺"
@geobukigonuk,2024-07-21 09:58,"Sptnya tdk kuat tp semoga kuat. Mpkmb, tolong baik baik sm ak"
@riimellaa,2024-07-21 09:56,"twitter, instagram, tiktok, sama ngefangirl ga kepegang deh demi menyelesaikan tugas mpkmb ini"
@chasedeadg,2024-07-21 09:47,ak terlalu mikirin mpkmb without realizing kl kuliah sem 3 juga udahh mauuu mulaiii
@cipOlsit3,2024-07-21 09:37,malam ini mau nyicil tugas per-aksa an itu😔
@ipb_menfess,2024-07-21 09:32,"Punten pada nyadar ga si logo mpkmb 61 dari warna, shape sama shadowingnya sama persis kaya logo bem fateta 22/23?"
@fajaaarr_,2024-07-21 09:31,"Itu masih permulaan dik adek, tugas kuliah kalian bakal lebih bbik dr tugas mpkmb"
@yacilok,2024-07-21 09:14,mpkmb kpn si
@heyychannnie,2024-07-21 08:49,apa jadi nya aku nanti mpkmb ga pake mascara dan blush on 😔
@itadoowri,2024-07-21 08:48,Yh kyknya mpkmb ak akan full gadang.. Gakuat bangun jam 3 pagi ga dibangunin  mamah..
@Imtiyaz3fakhryy,2024-07-21 08:43,anjay kirain buat video mpkmb
@stboery,2024-07-21 08:39,"smamay syg, nnti selesai mpkmb dpt wonu"
@hwisun,2024-07-21 08:33,dipikir2 beli lgsg lebih murah drpd beli di mpkmb
@gsukapdez,2024-07-21 08:27,plis iyaa bgttt kayak apalah aku tanpa mpkmb store
@peetrichors,2024-07-21 08:21,"sedih banget sedih... beneran kerasa bgt transisi brg koh nel dari aku masih bocil sd sampe skrg lagi sibuk buat mpkmb kuliah ☹️☹️☹️ makasih ya koh nel atas dedikasinya... km role model ku sumpah. namamu beneran ku tulis di survey yg nanya ""siapa tokoh favoritmu yg msh hidup""☹️"
@grapestra,2024-07-21 08:13,love you mpkmb store semoga gs nya kiof yah
@bluesstudy,2024-07-21 08:09,"• goodiebag, buku mahasiswa A5, lanyard nametag (po mpkmb) 
• nametag, nametag barang (jastip sama kumara) 
• yg blm dibeli : jas hujan ponco, kaos kaki panjang, gesper, tali sepatu hitam
sisanya udah ada semua"
@bluesstudy,2024-07-21 08:02,day 1 mpkmb udah disuruh bawa almet soalnya (yey)
@bluesstudy,2024-07-21 08:02,berarti almet kemungkinan dibagiin sblm pra mpkmb atau pas pra nya yah gusy
@franklinoceanoo,2024-07-21 07:33,baru kelar ngelist tugas mpkmb dll
@whotfas,2024-07-21 07:33,"Asli gua inget banget dulu selalu nangis kalo liat guidebook mpkmb, 50++ tugas jingannn"
@iniiyols,2024-07-21 07:21,nau kamu beli di mpkmb store apa nyari sendiri??
@imispolaris,2024-07-21 07:17,lebih ribet (menurut ku)... trs bawaan pas mpkmb lebih banyak....
@sasimanbaswedan,2024-07-21 07:16,PO di mpkmb store ya kak 😹
@cerebellov,2024-07-21 07:08,"Yel yel adikara was right, dapet selamat dari ipb tiba tiba ku mpkmb..."
@cherrywaffle__,2024-07-21 07:05,berminggu” nganggur luntang lantung lalu dikasih tugas seabrek + baca sop mpkmb gimana gak kena mental🤗
@kylanira,2024-07-21 07:04,setelah buka guide book 7 habits & mpkmb :
@maunan14,2024-07-21 06:59,Lu pada kebayang ga guest star MPKMB IPB 61 itu “The Jansen” ?
@hisysfyy_,2024-07-21 06:54,gk nyangka tugas mpkmb smp spt ini
@dzakyfhadafi_,2024-07-21 06:46,wkwkwkwkwkw ppp bawa cangkul pas mpkmb
@kylanira,2024-07-21 06:39,"kalian lebih prefer beli sendiri untuk buku, lanyard, goodie bag atau pada po di mpkmb store yah"
@bloominwintz,2024-07-21 06:39,"kyanya pke nametag plastikk, klo klian tida mau repot, bisa order SOPGoods di MPKMB store guyss, udh open PO"
@sobagoreng,2024-07-21 06:32,"Manifestasi guest star MPKMB jekesri mal, biar semangat"
@wonntil,2024-07-21 06:31,ancis banyaj bgt yah keperluan mpkmb enih
@Imiijinno,2024-07-21 06:30,Yang batch 2 udah bisa ngisi form goods sop mpkmb store yaaa
@kalalipe,2024-07-21 06:29,"sampai jumpa uang uang ku
(dihamburkan untuk barang mpkmb)"
@alexxalbon,2024-07-21 06:17,OI BLM SELESAI BACA GUIDEBOOK MPKMB MASA UDAH ILANG GUIDE BOOKNY
@hanillyy,2024-07-21 06:12,ini paket sop mpkmb ga bisa beli satu satu gitu😔
@lynestudy,2024-07-21 06:09,di mpkmb store sih buku biasa yg dibeli di toko alat tulis cuma covernya hrus sesuai warna kelompok besar deh cmiiw
@onayshere,2024-07-21 06:05,"mjbb, ada di video pencerdasan di yt mpkmb yaaa"
@bloominwintz,2024-07-21 06:04,"iyaa bener yg A5, klau km gamau repot, order aja di mpkmb store, udah open PO tuh"
@zaheeraahohoho,2024-07-21 06:04,makasi mpkmb aku jd manusia sibuk
@onayshere,2024-07-21 06:01,ada di mpkmb store lynee
@_PFaltz,2024-07-21 05:58,"setau gw buku a5 yang bisa dibeli di toko, ada kok paketnya di store mpkmb"
@rutoipb,2024-07-21 05:58,"gform yg mpkmb store itu bs diisi gk di klian, di ak gak bisa knffa yah 🤔"
@melankoram,2024-07-21 05:54,terima kasih udah ada mpkmb store di dunia ini
@d444isyalterego,2024-07-21 05:52,siapapun selamatkan aku dr omb mpkmb
@grapestra,2024-07-21 05:46,alhamdulillah mpkmb store 💓
@bonfirekiss,2024-07-21 05:44,Maaf kemarin udah mikir kayaknya enakan mpkmb s1 ternyata kita semua sama sj semangat 61 ^_^
@fiirm4n,2024-07-21 05:34,pp mama nya mpkmb bgt?
@naviacchi,2024-07-21 05:32,adakah warlok bogor yg bersedia temenin belanja perintilan2 kecil mpkmb😭😭😭 nnt kujajanin deh
@060411wa,2024-07-21 05:14,"mpkmb, b nya boncos"
@rajijiji_,2024-07-21 05:12,nanti selama mpkmb bisa refill
@babiesyoda,2024-07-21 05:06,"aku kira bisa nyantai sebelum mpkmb, ternyata salah besar😔❌"
@meteorhologi,2024-07-21 05:03,iyaa pls mpkmb store nyediain ga ya
@_ceriboy,2024-07-21 04:49,lagi di anggada buat nyari bahan celana 😁 mpkmb ngeribetin bgt ni
@zwvorz,2024-07-21 04:34,mending lengkapin sop atau nyicil tugas mpkmb? mending tidur
@themariast,2024-07-21 03:58,Katanya bakal ada po di mpkmb store
@coupernicium,2024-07-21 03:35,KATANYA ADA BEBERAPA BARANG NANTII DI MPKMB STORE TAA
@gsukapdez,2024-07-21 03:33,"mjb, boleh ga merem terus pas bangun selesai mpkmb"
@han1nnnnnn,2024-07-21 03:30,bentar napas dulu sblm nyicil tugas mpkmb
@gogoiesh,2024-07-21 03:24,masih mules mikirin tugas mpkmb ipb 😭👊🏻
@fadaywa,2024-07-21 03:23,Tugas mpkmb kok ya banyak bangett 😭😭
@Imiijinno,2024-07-21 03:16,Kemeja bebas buat mpkmb bahan sama motifnya bebas kan yaa?😭 gak harus polos?
@salsanotyours,2024-07-21 03:12,Lucu amat tweetan maba yg mau mpkmb😃
@pharmakailogist,2024-07-21 03:06,adakah yang sudah menglist alat apa saja yang harus dibeli untuk mpkmb....
@simpforpinkies,2024-07-21 02:52,gais ikat pinggang kaya gini boleh ga yaa buat mpkmb?
@OSCOCLIFFO,2024-07-21 02:37,"nitip list kegiatan hari ini

1. bikin yel yel kelompok sedang
2. co kemeja, batik, sabuk, kaos kaki
3. list barang yg kurang
4. list tugas mpkmb
5. nyicil tugas dikit
6. membantu bapa🆗
7. MENDUKUNG PEPE🤩💗🎉🌟✨☀️
8. ngapalin yel yel gajendra⚔️❤️"
@Imiijinno,2024-07-21 02:37,"Mau tanya, kemeja putih&hitam buat mpkmb bersaku gaa?
Sama kalian bahannya kaya gimaja deh, yang kaya bahan seragam atau gimana"
@_ceriboy,2024-07-21 02:36,"oalahhh, semoga di dramaga jg sama deh aamiin,, takut bgt klo gapunya BPJS gbisa ikut mpkmb"
@grndissy,2024-07-21 02:35,Serius aku langsung migraine habis baca guidebook omb sama mpkmb😭😭
@zenniemie,2024-07-21 02:29,"not my tl isinya orang2 pusing tugas mpkmb😔 gua juga pusing sih

pls take me back pas masih jadi sma dan masih osem"
@zwvorz,2024-07-21 02:17,"tugas mpkmb dikit kok guys, dikit lg nangis"
@streshidup,2024-07-21 02:13,"ehh iya itu maksudnya, tp ternyata itu media rekorr yang ada video tutorial di youtube mpkmb ditt, kalo buku mahasiswa beda lagi ternyata tpi kayanya ga harus bikin sendiri dehh?"
@24whoran,2024-07-21 02:11,klo ini lewat tl kalian jawab dong gusy... kalo kerudung putih buat mpkmb itu pd pake kerudung putih sekolah kah
@cipOlsit3,2024-07-21 01:39,mau zoom trs beli makanan trs ngerjain tugas
@hazinkau,2024-07-21 01:32,"Tu tugas mpkmb ampe masuk mimpi, udh gak bisa tidur tenang lgi gua"
@OSCOCLIFFO,2024-07-21 01:24,APAAN TUGAS MPKMB YA ALLAH
@OSCOCLIFFO,2024-07-21 01:19,SA ANJIR TUGAS MPKMB BANYAK AMAT
@Imiijinno,2024-07-21 01:09,Semangat mpkmb nyaa yaa🫰🏻
@Imiijinno,2024-07-21 01:09,"Diingatkan lagi buat barang mpkmb dan sop tolong dicek lagi yaaa

Karena kemarin aku list agak buru buru, takutnya ada yang kelewat

Plus ketentuan baju itu aku list yang perempuan berkerudung, jadi yang lain bisa menyesuaikan aja yaa 

Intinya tolong dicek lagi & cmiiw🫰🏻"
@aengiungeongg,2024-07-21 01:06,me when they misuh2 and realized tugas mpkmb masih ada sampe Oktober:
@findrawat,2024-07-21 01:02,"Ipb= sibuk 7 habits, pra mpkmb, mpkmb, pasca mpkmb😪"
@gogoiesh,2024-07-21 00:52,hahaha penugasa mpkmb hahahaha
@naadump,2024-07-21 00:09,jam tidurku baik baik aja sebelum ada tugas mpkmb ini 🤗🤗
@YuukiAyata,2024-07-20 23:19,"Dari semua penugasan mpkmb, aku dulu paling suka klo tugas2 7 habits. Soalnya bener2 hal baru yang aku pelajari dan demi apapun itu berguna banget terutama di tahun pertama,, kamu harus save materi nya biar ga goyah di semester 2 dst"
@aannacha,2024-07-20 23:16,penugasan mpkmb tahun ini beda yah sama tahun laluuu
@gldnpchs,2024-07-20 21:29,yaallah penugasan mpkmb di guidebook sebanyak itu? gws😭😭😭
@lovelyt11ny,2024-07-20 20:11,"spill cara biar tidur normal pls, gua takut tumbang sblm mpkmb 😭😭"
@Oopioow,2024-07-20 19:51,"tl seliweran tugas mpkmb 61, jadi keinget dulu misah misuh ngeluh pas liat penugasannya"
@gepengteros,2024-07-20 19:42,"catering ajaa, kating suka bnyak yang buka kok, mayan diantar ke asrama, jadi pagi tinggal ambil, semingguan aja selama mpkmb, asli capek bnget sumpahnya ge, abis tenaga jalan ke bara mah.."
@bobatiramisyu,2024-07-20 19:21,"ingetin gue besok nyiapin 2 konten tiktok, finishing video lfc, sama repost story jingle mpkmb 61"
@anothershaa_,2024-07-20 18:53,sehaaat sehaaat deh ak mau ikut mpf mpd dan mpkmb itu🤲🏻🤲🏻🤲🏻
@kamilmfeb_,2024-07-20 18:47,pasti semangat mpkmb yaa
@sournsalted,2024-07-20 18:45,mau save tp lupa ga mpkmb lg.. 😞
@kamilmfeb_,2024-07-20 18:42,YOK SEMANGAT MPKMB SEMUANYAAAA
@kamilmfeb_,2024-07-20 18:34,Ekspresi gw setelah baca guidebook mpkmb >>>
@frrlrendy,2024-07-20 18:26,"perasaan baru kemaren duduk di GWW pas pmb. sambil nunggu acara mulai disetel anthem mpkmb, jingle mpkmb 60, lagu 'mahasiswa', lagu 'kampus terbaik' on repeat.

damn remember it all too well"
@shymfiony,2024-07-20 18:23,"ga takut mpkmb jujur, takut 7 habits aku mah😭😭😭😭😭😭"
@frrlrendy,2024-07-20 18:22,"gw baru nonton jingle mpkmb 61, gila ga kerasa ya udah setahun aja kuliah wkwkwk

piped.video/aNezyS2MiyQ?si=wVmI…"
@qiqissut,2024-07-20 17:58,"tugas mpkmb ku dan asrama
-belum baca guidebook
-belum baca aturan dan hal hal asrama
-belum baca grup angkatan
-belum review ppt danya

huft banyak bet"
@sobagoreng,2024-07-20 17:56,Tugas MPKMB yang bisa dicicil dari skrg apa ya
@glorievs,2024-07-20 17:45,eh berarti ini mpkmb tasnya warna warni boleh kan????
@dlacorfiles,2024-07-20 17:36,lu bayangin packing barang sambil kepikiran bayang bayang penugasan mpkmb...
@dreamscapessal,2024-07-20 17:36,"sebelum dapet guidebook mpkmb : 😍😆🥰💖🤩🥳😎
setelah dapet dan baca guidebook mpkmb : 😤😵😣😩😠🥴🤢🤧"
@inversmatrix,2024-07-20 17:28,"asli dah, gue buat baca sop mpkmb aja gada tenaga. besok aja dah gapapa"
@O7JAE_,2024-07-20 17:08,aku siwer baca guidebook mpkmb
@eunwooipb,2024-07-20 16:55,kan udah dikasih sop MPKMB cuma butuh rok/celana bahan item 😔
@jikrimaizena,2024-07-20 16:53,"BUAT ANAK KMN 61, SIAP-SIAP ABIS MPKMB ADA COMDAY (COMMUNICATION DAY)🧙‍♀️🔮🪄"
@ratuestteao,2024-07-20 16:25,"met bobo ol, smoga ga mimpi ketiban tugas mpkmb"
@meteorhologi,2024-07-20 16:23,itu link guidebook mpkmb 61 emang lagi error kah
@bbylu0,2024-07-20 16:19,Tugas mpkmb s1 sm sv beda kan
@simallun,2024-07-20 16:16,doain aku ya gusy biar bisa melewati OMB sama MPKMB aminnn 😊🙏🏻
@grazzzeeeee,2024-07-20 16:14,tau gitu gamau gue komen komen ditwit mpkmb 61 buat cepet turuni sop
@toraonigiries,2024-07-20 16:13,ya allah kuatkanlah aku selama penugasan penugasan mpkmb ini ya allah ((baru zoom 3 jam 2 kali aja udah pusing ga karuan sempet mual tadi ALLAHU AKBAR)
@nipnif,2024-07-20 16:12,"gila dikit setelah baca guidebook mpkmb, makasih ipb"
@fwzthecounselor,2024-07-20 16:08,kampret😭 gw juga mikir 2 kali kalo buka laundry sambil nyambi ini tugas mpkmb😭
@coupernicium,2024-07-20 16:06,"no more leha leha scroll tiktok sampe ngantuk, SAATNYA BANTAI TUGAS MPKMB ITU🫵🏻🫵🏻🫵🏻 sambil Ya Allah Ya Allah"
@coupernicium,2024-07-20 16:02,barang buat mpkmb banyak bgt apa kita bawa transmart aj
@bluesstudy,2024-07-20 16:02,gakebayang sepucet apa aku nnt pas mpkmb ☠️
@knowhoos,2024-07-20 16:01,sisi terang mpkmb
@grtppol,2024-07-20 15:58,Ini kaya lagu mpkmb bgt deh....
@ushitokutoki,2024-07-20 15:55,semangat nax 61....gua juga muak sama tugas mpkmb itu
@kiongiy,2024-07-20 15:51,semangat pejuang mpkmb 61
@hnbecool,2024-07-20 15:47,semangat siapin sop mpkmb temen² 61🙌🏻
@maunan14,2024-07-20 15:46,"3L (letih, lesu, lunglay) setelah membaca 56 halaman guidebook mpkmb 61"
@hazinkau,2024-07-20 15:44,Baca sop mpkmb
@hwisun,2024-07-20 15:41,mari tidur dan lupain smua tugas mpkmb ini sejenak
@elricadian,2024-07-20 15:35,Lg pusing mikirin penugasan mpkmb+7habits tetiba lewat ini😭 lumayan jg redain stress
@chaerysi3,2024-07-20 15:33,yaallah aku bakal tipes ga ya selama ngerjain penugasan mpkmb ini...
@hwisun,2024-07-20 15:30,kan hari pertama mpkmb bawa almet .. brarti ambil almet nya kapan yak???
@RaNsskyy,2024-07-20 15:29,Blom siap sama tugas mpkmb😭
@juleyskz,2024-07-20 15:26,mpkmb gausa tugas boleh ga kita haha hihi aja bergosyip
@napatishappy,2024-07-20 15:26,"kata gua nih kita"" harus meditasi bersihkan pikiran dulu sebelum ngadepin tugas"" mpkmb itu (semangat bisa yok walaupun sambil misuh misuh 😇😇😇)"
@hifaloof,2024-07-20 15:26,"Kami tentunya akan berkomitmen sepenuh hati untuk kepentingan Kelompok Bimantara Mahagra, Kumara Kinara dan teman-teman semuanya, kelompok sedang, kelompok kecil, saat pra, mpkmb, dan pasca mpkmb❤️❤️"
@gsukapdez,2024-07-20 15:25,mpkmb 61 keren bgt bikin tugasnya😩😩🫰🏻😭
@aneversez,2024-07-20 15:24,pikiran gue nge freeze setelah scroll guidebook mpkmb ((bahkan gue belum scroll sampe bawah))
@dailylifeofdsty,2024-07-20 15:22,malming dikasur sambil meratapi guide book penugasan mpkmb😭🤲🏻
@cloudteur,2024-07-20 15:20,demi apapun mending tugas mpkmb aku mah drpd kuliah 😃
@mnyhyst,2024-07-20 15:20,Di twit mpkmb sama di Ig nya adaaa
@meijimeiu,2024-07-20 15:16,guys kata kalian mending nangis atau mulai list sop mpkmb
@rektoripb,2024-07-20 15:16,gausah dipikirin ya fokus mpkmb aja😭😭😭😭
@cipOlsit3,2024-07-20 15:13,HY AK DAH DI KOSSSS
@geesyas,2024-07-20 15:12,MPKMB SYG LIAT DI GUIDEBOOKK
@gsukapdez,2024-07-20 15:12,wow… penugasan mpkmb mewujudkan mimpi kecyil ku jadi arsitek
@sprinxlee,2024-07-20 15:11,masyaAllah semangat temen2 mpkmb ku @11__za_ @sunstskies
@mzzrke,2024-07-20 15:11,kok guidebook mpkmb nya ga bisa dibuka lagi ya..
@auliandnrlb,2024-07-20 15:08,Kocak banget deh si iki curhat ttg penugasan mpkmb mulu wkwkwk 😭 semangat deh 61 😭
@hwisun,2024-07-20 15:04,kaga abis2 anjir ngescroll penugasan mpkmb 😭
@celestiaele,2024-07-20 15:01,HARUSNYA NGGA DI HAPUS... 😭😭😭 ini gmn nasibnya tugas mpkmb
@lovelyt11ny,2024-07-20 14:53,"ini gua nangis karna ngeliat tugas MPKMB 61, wajar ga sii? 🙏🏻"
@saysikenow05,2024-07-20 14:47,AKU JG MAU 😭 TAPI KITA KEBURU DROP DEAS AFTER MPKMB G SIH
@thecincauu,2024-07-20 14:40,"tuh kan bener, tugas pra mpkmb bejibun cuy ☺️☺️☺️☺️☺️☺️☺️☺️☺️"
@flownyl,2024-07-20 14:40,lebih pusing tugas 7habits drpd tugas mpkmb pls mau nangis
@atursok,2024-07-20 14:37,damn udah stress dluan pdhl mpkmb blum mulai
@Imiijinno,2024-07-20 14:30,"Guys kalian yang rantau, ngekos ataupun asrama pas mpkmb bekal makanan nya pada beli kah? Kalau beli dimana plis...."
@napatishappy,2024-07-20 14:28,napas dulu yuk abis liat sop mpkmb 😇🫰
@janidejane,2024-07-20 14:28,ASSALAMUALAIKUM TUGAS MPKMB
@hiatgss,2024-07-20 14:28,sehat-sehat tugas mpkmb 🤗
@jenoskhb,2024-07-20 14:24,"yg sebaiknya dilakukan : nyicil penugasan mpkmb
yg sekarang dilakukan : lanjut baca shatter me series"
@napatishappy,2024-07-20 14:23,WEHH SANTAI DONGGG PELAN PELAN DULUUU ... 🙇✋ (aku ke buku panduan sop mpkmb 61)
@alexxalbon,2024-07-20 14:17,Ini sblum mpkmb gw hrus potong rambut pirang gw (ngabisin)
@vidibermain,2024-07-20 14:16,"Do's:
1. Mengerjakan penugasan MPKMB 61 dengan baik dan yang terbaik,
2. Jaga diri agar sehat selalu,
3. Menyerukan di hari H MPKMB"
@crunoash,2024-07-20 14:16,"aku ngusap dada pas liat penugasan mpkmb, lalu meyakinkan diriku bahwa aku bisa.. lalu mengusap dada lagi.. lalu meyakinkan diri lagi.."
@alkalula,2024-07-20 14:16,gusy kemeja mpkmb hrus yg kaku gt kerah sm bahan nya atau bleh bebas gt sih 😔😔
@tansylace,2024-07-20 14:14,semangat nyiapin sop mpkmb oll
@chenleipb,2024-07-20 14:12,siap membantai semua tugas mpkmb ((semoga))
@findrawat,2024-07-20 14:11,Baru baca guidebook mpkmb aja udah pusing sama tugas² nya
@Imiijinno,2024-07-20 14:09,"Aku gabisa ngerangkum tugas mpkmb....masih pusing😭😭😭

Pokoknya ada yang buat buku, video, poster, sama diorama (diorama kelompok), dan ada juga yang cuma nonton video

Detailnya baca aja lah lieur😭😭😭"
@lightchipss,2024-07-20 14:06,obat penenang pusingnya tugas mpkmb : cover lagu🤤
@jwylibel,2024-07-20 14:05,tolonggg kelompok tahap 2 kapan yaaa... tugas mpkmb banyak bgt yang perkelompok tapi aku belum ada kelompok 😭😭😭
@matcharedvelv,2024-07-20 14:04,tugas mpkmb nya menunggu kakaa🙌🏻
@ratuestteao,2024-07-20 14:03,"OKE AKAN KU HADAPI SEMUAA TUGAS MPKMB !!

tp smbil nangis"
@zazlwiw,2024-07-20 14:01,tugas mpkmb sebanyak ini kah...
@rutoipb,2024-07-20 13:59,"smoga batch 2 cpt dpt kelompok, ak mau mengenal teman² seperjuanganku dl pls sblm survive di mpkmb 😣😣😣"
@astronotcentil,2024-07-20 13:57,"list barang untuk MPKMB:

1. kemeja bebas lengan panjang 
2. celana bahan warna hitam (utk 7 hari) 
3. sepatu hitam bertali (dilarang model pantofel)
4. kaos kaki putih 10cm di atas mata kaki (utk 7 hari)
5. kaos hitam polos lengan panjang
6. kemeja putih lengan panjang"
@Procetra,2024-07-20 13:53,Kamu udah dapet guidebook MPKMB?
@rutoipb,2024-07-20 13:52,yah mari mulai mempersiapkan diri untuk pakaian dan penugasan mpkmb @/diriku sdh tdk ad waktu leha leha 🏃🏻‍♀️🏃🏻‍♀️🏃🏻‍♀️
@puddlelitt,2024-07-20 13:51,ak tewas keknya ngerjain penugasan mpkmb😔
@haikaluth,2024-07-20 13:46,numpuk banget kirain apa gak taunya tugas mpkmb
@l0velyroese,2024-07-20 13:42,lemes baca tugas’ mpkmb
@macamtuulah,2024-07-20 13:42,GUIDEBOOK MPKMB UDAH ADA??!? AAAAAKKKKK
@vidibermain,2024-07-20 13:41,"gilaaa gacorrrrr SOP nya mpkmb ipb, UDAH SIAPPPP MENERABAS IPB"
@gudpwipel,2024-07-20 13:39,Widii mpkmb atau okk nihh 🤔
@algadulu,2024-07-20 13:33,gw bnr2 istigfar 99x abis baca guidebook mpkmb
@juleyskz,2024-07-20 13:31,GW TAKUT MPKMB😭 kalo gabisa ngerjain tugas gmn............😭😭😭😭
@tuntaz_,2024-07-20 13:29,omo jadi gasabar deh mpkmb!! tapi besok kamu yang ospekin aku👊🏻
@elricadian,2024-07-20 13:29,Penugasan mpkmb di guidebook pliss😖😖😖 lumayan mengerikann
@lovingssoo,2024-07-20 13:23,"Pantesan sv ipb ga mpkmb di dramaga, ternyata yg join 7rb lebih manusia😓"
@hanillyy,2024-07-20 13:15,smg nnti pas mpkmb udh sembuh dh😔😔
@tehqotaq,2024-07-20 13:13,MPKMB gw naro motor di mana....
@nattadeqoqo,2024-07-20 13:12,Alhamdulillah guidebook mpkmb sama 7 habits udah keluar 😭😭🙏🏻🙏🏻
@yellewood,2024-07-20 13:07,mpkmb gaboleh bawa parfume gue udah bad feeling
@MPKMB_IPB,2024-07-20 13:07,"HAIII SOBAT NARAA, siapa yg dari kemarin nanyain guidebook mana guidebook mana⁉️⁉️NIH KELUARRRR DUARRR💥

jangan lupa buat dibaca dan disimak sebaik mungkinnn ya sobat naraa‼️🫰🏻 

SAMPAI BERTEMU DI MPKMB IPB 61 YAA

#miminsyngnarapatibimantara"
@j4sminesites,2024-07-20 13:02,ituu scan dr ig mpkmb sayangg
@glorievs,2024-07-20 13:02,tutorial nyari barang mpkmb dalam seminggu
@astronotcentil,2024-07-20 13:02,"TERKABULLLL..... 
MPKMB MAHA BAIK😭"
@elricadian,2024-07-20 12:57,"SOP MPKMB DAHH KELUARR WEHHH NARAPATI BIMANTARA BANGONNN NIH SOP RILISSSSS‼️‼️‼️‼️
instagram.com/p/C9pS3iPvaMU/…"
@xz_dira,2024-07-20 12:35,minn pliss akuu maww beli di toko eren nihh
@tehqotaq,2024-07-20 12:30,Kalo pas MPKMB gak boleh bawa motor kan ya... Apakah ada tempat penitipan motor deket IPB???
@piscokgbj,2024-07-20 11:57,"gak pernah terlintas di otak gua, bakal full spam teriak AUUUUAAA🐺 pas mpkmb nanti…"
@kirarchivez,2024-07-20 11:29,"coba pake nya MPKMB mutt, soalnya kalo PMB itu isinya: 7h, mpkmb, bela negara, dll. bisa jadi dianggap sama karena ituu"
@frsepii,2024-07-20 11:28,mau ikut po lanyard vokasi tapi bingung ngambil nya gimana... soalnya masih mpkmb 😔😔
@8thdegrees,2024-07-20 11:15,Batik mpkmb ketentuannya gmn yah guys
@StopNundaTugas,2024-07-20 11:10,gila ini kurikulum mpkmb yg sekarang oke bgt siapa yg bikin..................
@dishayangkamuu,2024-07-20 10:50,sapa yang mesen catering MPKMB di sukses jaya cung
@cutiebieww,2024-07-20 10:05,maba ipb 61 let’s moots! AKU TAKUT MPKMB PLANGA PLONGOO
@sobagoreng,2024-07-20 10:00,Kok gw takut baju baju yang gw bawa banyak yang gak sesuai SOP MPKMB 😭
@twsswan,2024-07-20 09:55,dramaga pagi-pagi buta ada ojek ga sih buat pas mpkmb 🥹
@rakisnthere,2024-07-20 09:47,lah kirain anak mpkmb
@ruemontchi,2024-07-20 09:41,ncut skin mpkmb akan kembali lagi
@starcentry,2024-07-20 08:28,guys kalian yang non asrama pada pesen catering buat MPKMB dimana yaa?
@frogieight,2024-07-20 08:00,"setelah empat nanti aku cuma ada gmeet sama kelompok mpkmb ku aja nii, kamu gimanaa?"
@shevakamila,2024-07-20 07:44,sv ipb mpkmb di gedung mana ya..
@otwdoktermeng,2024-07-20 07:32,Waaa takut ketinggalan info mpkmb😭😭
@laziyfa,2024-07-20 07:29,"ya Allah semoga bisa survive masa"" mpkmb ini minggu depan udh mulai 7 habits n talent mapping pls semoga lancar aja dah"
@grazzzeeeee,2024-07-20 07:15,PLSS MIN MAMAKU DAH NANYAIN TERUS
@MINSUNGlST,2024-07-20 06:37,mpkmb kan buat ngumpulin tugass yg udh keluar dari tgl 16 sayyy
@rociparocipa_,2024-07-20 06:02,"tiba2 takut mpkmb, aku sudah terlalu sering dirumah ((JARANG KETEMU ORG LUAR COY))"
@Ereulle,2024-07-20 05:50,Cepet rilis gak🫵😭
@halcyyyyy,2024-07-20 05:35,"kok di kamu udah ada talent mapping sama mpkmb ya, di aku baru 7 habbits aja"
@Xia0juniee,2024-07-20 05:00,"guyss, aku kan ngekost di balebak ya trs aku gabawa motor, nanti pas mpkmb bisa pake angkot kan kesananya atau jalan gitu??? jujur takut begal karna pasti otwnya pagi pagi buta"
@bonfirekiss,2024-07-20 04:26,Info batik mpkmb dong gusy
@zuppasovp,2024-07-20 04:14,kalo tugas2 mpkmb yang posting2 di instagram gitu termasuk ngga yaa?
@muztardketchup,2024-07-20 04:05,pengen ngeskip mpkmb dan pku boleh gk
@24whoran,2024-07-20 03:53,jingle mpkmb keren kali
@grtppol,2024-07-20 03:50,"H-8 Lego, H-12 MPKMB bismillah bismillah bismillah"
@S0CIOLOGY,2024-07-20 03:42,ig kosong melompong berkelahi dgn tugas mpkmb
@nasigorengsmbl,2024-07-20 03:36,Ini pemandangan ultras alkp... Yang selanjutnya akan gw lanjutkan di adu jargon mpkmb buat mahagra nanti
@grapestra,2024-07-20 03:16,"jingle mpkmb 61 keren bgt dahh, nih ipb masalah perlaguan mah bestttt"
@octo0pss,2024-07-20 02:53,biar ga riweuh min
@175piwwww,2024-07-20 02:52,PLIS MINNNN AK ANAK RANTAUUUU
@arzghy,2024-07-20 02:43,"gusy, ini tuh mksdnya 1 kating akt 59/60 dari panit mpkmb non-pjk yang sejurusan sm prodi kita gt bukan dehh?"
@zuppasovp,2024-07-20 02:27,kalo tugas2 mpkmb yang posting2 di instagram gitu termasuk ngga yaa?
@8thdegrees,2024-07-20 02:21,SOP rambut mpkmb buat cewek tuh gmn yah 😀😀
@zuppasovp,2024-07-20 02:15,kalo tugas2 mpkmb yang posting2 di instagram gitu termasuk ngga yaa?
@kameyciin,2024-07-20 02:04,"maba sv ipb kampus sukabumi smi selama mpkmb kita kos di bogor dulu yaa???? kirakira berapa lama yaa di bogornyaa, ada yang tau pliss hmu"
@esaenato,2024-07-20 01:33,MINNN PLSSS H-7 BUAT AKU YG NGERANTAU😭😭😭
@MPKMB_IPB,2024-07-20 01:06,"HI SOBAT NARA yang semalem mimin bilang ada hal WOW HAH WOW DUAR ternyata BAKAL RILIS JAM 9 PAGI INIIII‼️‼️💥💥😃 

SIAPA SEMANGAT⁉️😋😋😋

🔗openpiped.video/aNezyS2MiyQ

stay tuned di youtube mpkmb ipb yahh!!
#miminsyngnarapatibimantara"
@gumohwo,2024-07-20 01:06,GIRLLLLL semangat mengguncang mpkmb buk bos 🥶🥶🥶
@sonmatsuno,2024-07-20 01:05,waah lukh akan kget ngeliat sop mpkmb gue
@vairjys,2024-07-20 00:11,"— LIST TUGAS PENUGASAN MPKMB SV IPB
note : kalau ada yang kurang atau salah mohon dikoreksi yaa guys💗💪🏻"
@beausyfly,2024-07-19 23:24,MINNNPLSS KASIHANILAH YG RANTAU
@nightteaa,2024-07-19 23:23,Kelompok MPKMB say
@groaxan_,2024-07-19 22:36,"jgn boong min, windah gi cibuk ke jepang 😡😡😡"
@umeyywr,2024-07-19 20:41,mandi jam 3 subuh enak bgt aku jadi keinget mpkmb
@vannotegar25,2024-07-19 19:27,Pliss kasi aku plus minus menjadi ketua armada waktu mpkmb😁
@kiongiy,2024-07-19 17:03,min pelis kita butuh SOP😞☝🏻
@yeellowpretzel,2024-07-19 16:56,Guest star nya Niki
@tqksi,2024-07-19 16:44,APUS GAK
@hnbecool,2024-07-19 16:39,"nikmatin dlu dirumah, jujur nunggu mpkmb tuh gabut jd better pas mendekati hari terakhir wajib kesana aja"
@intakipb,2024-07-19 16:39,aku dengar dengar X1 mau reunian sekalian jadi guest star mpkmb
@kulihatsapi,2024-07-19 16:35,Huhuu gajadi daboy gue ntar mpkmb 😞
@studyshasha,2024-07-19 16:31,ipb = sibuk tugas mpkmb
@cipOlsit3,2024-07-19 16:10,ak nomu nomu sedih
@cipOlsit3,2024-07-19 16:04,ada yg bisa dititipin menfess ga yaa??
@cipOlsit3,2024-07-19 15:59,😔 pls ada yg bli pls 😔
@aissyyyaipibi,2024-07-19 15:39,min.. JUSTRU HARUS DIKASI TAU DARI JAUH JAUH HARI😭😭😭
@cyancza,2024-07-19 15:31,"minnn rilis SOP di h-50 mpkmb juga gapapa biar siap poll, aku menunggu banget banget nih"
@sugaipb,2024-07-19 15:30,Kata ku enhypen bisa jadi guest star mpkmb
@polarrgommie,2024-07-19 15:25,sop kahhhh
@macadumpie,2024-07-19 15:23,BENTAR LG MINN BUAT YG RANTAUU😭
@1020gongfourz,2024-07-19 15:22,butuh banget SOP skrng skrng min soalnya mingdep sudah harus ke bogorr
@rizkakrebs,2024-07-19 15:09,BNTAR LAGI ITU MIN😭
@Kris_Lockey,2024-07-19 15:04,masih H-13 min?!?!😭
@tqksi,2024-07-19 15:03,APA MIN
@hazinkau,2024-07-19 14:57,Bintang skibidi ya itu
@MPKMB_IPB,2024-07-19 14:54,"APALAH, KMREN LOGO SE SIGMA ITUH DIBILANG SAD WOLF, SKRG MASKOT SEIMUT INI MAU DIBILANG GALON LE MINERAL3😠⁉️

 untung mimin sayang kalian😤❤️
#miminsyngnarapatibimantara"
@dlacorfiles,2024-07-19 14:51,MIN AKU ANAK RANTAU MIN 😭😭💔💔 kasihanilah aku ueueueueue
@mnyhyst,2024-07-19 14:50,"SOP yh miinn
*Asik dapet windah kan min"
@shymfiony,2024-07-19 14:48,min aku besok pindahan masa masi gamau dikasi sop😭😭😭💔💔💔💔💔
@mingyuipb,2024-07-19 14:48,iya ya... mana mereka mepet bgt MPKMB... apa tugasnya akan beda kah
@beelbyla,2024-07-19 14:47,min jauh jauh hari min kasihanilah anak rantau ini min 😭🙏
@armgdnn,2024-07-19 14:43,"Karna itu miminnnnnn 
Kami anak rantau ketar ketir wehhhh 😭😭😭😭"
@kerlabu,2024-07-19 14:43,"Justru itu, Min 😭😭"
@themariast,2024-07-19 14:43,Lebih cepat lebih baik min
@naabielaaa,2024-07-19 14:42,kan biar nyicil min
@xartemn,2024-07-19 14:41,Min aku takut susah nyari barangnya😭😭
@zelhazelhazel,2024-07-19 14:41,"Min, h-13 itu bentar lagi😔😔"
@onmyprogress,2024-07-19 14:41,Justru jauh jauh hari min 😭 biar yg rantau ga kalang kabut pls
@vairjys,2024-07-19 14:40,SIAPA YANG MAU SEMUA LIST TUGAS MPKMB SV IPB?????? ak mau share
@MPKMB_IPB,2024-07-19 14:35,"sabar heh, MPKMB masi h-13 udah nanyain SOP aja😞☝🏻"
@MPKMB_IPB,2024-07-19 14:35,yang jawabannya bener dapet bang windah😁🤚🏻
@juleyskz,2024-07-19 14:33,MIN AKU SUKA BGT BARA DAN TARA LUCU SKLI GEMAS
@dlacorfiles,2024-07-19 14:30,SOP kan min ((plss jawab iya😔))
@monggu611,2024-07-19 14:28,"logonya garang, maskotnya imut.."
@eunwooipb,2024-07-19 14:24,katanya guest star mpkmb tuh jiafei
@asloveseems,2024-07-19 14:20,kalau untuk tugas mpkmb kira kira boleh gak ya kakk?
@raasanshine,2024-07-19 14:18,APATUH
@armgdnn,2024-07-19 14:16,Butuh clueee
@MPKMB_IPB,2024-07-19 14:14,"SOBAT NARAAA, kalian lagi pada sibuk apa niii??? btw udah liat dong maskot kitaa, gemes bgt gasi si bara sm tara🤗

TAPI mimin punya sesuatu yg lebih WOW HAH WOW DUAR💥, ada yg bisa tebak gak apa⁉️😋
#miminsyngnarapatibimantara"
@eunwooipb,2024-07-19 13:58,"malu bgt post jj di first, tapi buat mpkmb gapapa deh soalnya sekali seumur hidup"
@xx44nr,2024-07-19 13:22,kira kira sp ya guest star mpkmb 61 😵
@ecciw,2024-07-19 13:11,gakebayang mpkmb kaga ngalis
@ardiyantiverse,2024-07-19 12:26,"IPB KEREN BGTBIKIN TUGAS MPKMB, kek keren bgt smwa SOP dan ketentuannya sampai ke stiap mahasiswa/i dengan segitu rinci nya, goodjob @ipbofficial"
@zuppasovp,2024-07-19 12:17,7 habits sama tugas pasca mpkmb ngaruh ke ipk gitu ngga sih?
@bbylu0,2024-07-19 11:24,gw blm beli sepatu PLS SARANIN SEPATU BUAT MPKMB
@streshidup,2024-07-19 11:21,KURANG TAU soalnya kan pasca mpkmb dimana itu setelah ospek yeah.. tp harusnya sih bisa aja online soalnya bukan tipe tugas yg harus ngerjain offline gitu gaksihh
@mollimouli,2024-07-19 11:15,bang raditya dika dateng lagi ke mpkmb ga ya
@streshidup,2024-07-19 11:11,jjur takut ngerjain tugas pasca mpkmb 😃😃😃😃😃😃
@streshidup,2024-07-19 11:08,"nggaa, 7 habits sama tm beda lagi dit bukan ngerjain tugas ituu. ada tugas khusus gitu buat pasca mpkmb"
@gentad4rs,2024-07-19 11:03,kenapa ga jadi pjk mpkmb kak
@CottonJaee,2024-07-19 10:54,"Jadi keinget pas MPKMB tahun lalu juga gini. Disaat yang lain masih libur, anak IPB sudah mulai nugas. Yang lain masa perkenalan, kita juga. Yang lain sudah mulai kuliah, kita kuliah sambil nugas mpkmb 😭

Semangat yaaa!!"
@imispolaris,2024-07-19 10:29,"sedih bgtt, udah berharap bisa mpkmb bareng cuma kayak nya mustahil terjadi 🙂"
@tehqotaq,2024-07-19 09:56,UNTUNGNYA JUGA GW GAK JADI DAFTAR VOLUNTEER GJUI BJIR NABRAK PARAH SAMA MPKMB 😭😭😭😭😭
@tehqotaq,2024-07-19 09:55,Untung belum beli tiket gjui... Ternyata barengan sama MPKMB
@dreamscapessal,2024-07-19 09:36,sop mpkmb kapan keluar yaah? gua udh disuruh nyicil barang sama pakaian terus sama mamah
@cipOlsit3,2024-07-19 09:34,zoom gathering lama bgt😔 mau nyari batik pls
@raurafily,2024-07-19 09:12,ini sop mpkmb kpn keluar yak
@aissyyyaipibi,2024-07-19 08:40,"WKWKWKKWK IYA, kira2 boleh gak yaa dibawa pas mpkmb😔😔"
@coupernicium,2024-07-19 08:34,"fasil tuh fasilitator yang bakal bimbing kita buat MPKMB ((7Habits, talent mapping))"
@cipOlsit3,2024-07-19 08:33,saran kegiatan buat video masyarakat dong gusy😔 ak bener bener gatau harus ngapain😔
@grapestra,2024-07-19 07:35,mending kerudungan si menurut ku 😭😭 cuma pas mpkmb ini doang
@naostudys,2024-07-19 06:38,"gais kira"" kalo batik buat mpkmb panjang lengannya 7/8 aman ga yaa?"
@yanstudytwt,2024-07-19 06:35,Anjay dah hafal gue lagu mpkmb (mff suaranya jleg bet ini mah gue nyoba ajh)
@dorijinko,2024-07-19 05:58,kalo liat dari mpkmb 60 dulu hari keduanya deh... tp sekarang kurang tau yaa
@onnamlfoy_zee,2024-07-19 05:55,"Nahhh diantara hari H MPKMB yg tanggal 5-10 itu, Faculty Day hari apa tau ngga?"
@n4zwayy,2024-07-19 05:46,aku catering dari mpkmb store
@onnamlfoy_zee,2024-07-19 05:42,"Moots gue yg anak 61 pls minta jadwal mpkmb, butuh buat liputan"
@orzvd406,2024-07-19 05:20,MPKMB IPB tetap nomer satu😝😏
@Partofdym,2024-07-19 05:15,H-13?! kita usahakan MPKMB 61 itu 🐺✨
@nnarenjeon,2024-07-19 03:34,Td nya sedih dikit karena gak jd ikut ujiannya karena bentrok sama ujian lain...tp pas liat list tugas mpkmb punya mutual gue mau sujud syukur☺️
@tansylace,2024-07-19 03:10,ih maskot mpkmb udah keluar
@dumpiesua,2024-07-19 02:50,WKWKWKWK SBAR DLUU ANTARA 27/30 katanyaa gatau sv/srjana dluan yg mana intinya sblm mpkmb sih
@dumpiesua,2024-07-19 02:50,EH ANTARA 27/30 yaaa gatau sv atau srjana dluan yg mn intinya sblm mpkmb lah
@dumpiesua,2024-07-19 02:50,eh antara 27/30 sih intinya sblm mpkmb lah
@urcentauri,2024-07-19 02:35,bentar lagii mpkmb aa takut bgt
@dumpiesua,2024-07-19 02:21,yes tp klo g 27 brrti tgl 30 intinya sblm mpkmb suda dibgiin
@dumpiesua,2024-07-19 02:21,entahh eh antara 27/30 yaa intinya sblm mpkmb suda di bagiin
@dumpiesua,2024-07-19 02:20,GAISS ANTARA TGL 27/30 ya aku lupa kmrn kk nya blg tgl brp intiny sblm mpkmb suda di bagiin😘💗
@lovesomely,2024-07-19 02:06,DAY 2 MPKMB AKU PAKE BATIK SEKOLAH BLH KAN YAA
@bonfirekiss,2024-07-19 01:24,Sisi terang tugas mpkmb
@favoyeayy,2024-07-19 00:47,eh tugas mpkmb kenapa beratt berat yaa😩
@__amtaimt,2024-07-19 00:00,mpkmb udah mulai penugasan kahh?
@bleuutterfly,2024-07-18 19:42,bloopers 🤓🤓 tetap kukerjakan tugas mpkmb itu walau batuk 999x
@me_here22,2024-07-18 19:24,"SELAMAT BUAT TEMAN-TEMAN YANG LOLOS SIMAK UI NANTI.

And 

Semangat buat teman-teman yg akan melaksanakan pionir ugm, okk ui, bakti unand, prabu unpad, ksatria unair, odm undip, mpkmb ipb, oskm itb, raja brawijaya, pkkmb uns, gerigi its, dll. 

Aku senang untuk kalian 🥹🙌😍"
@cipOlsit3,2024-07-18 18:18,benci bgt kalo kebangun gegara denger ngorok
@jijellipebe,2024-07-18 17:55,kalo mpkmb sv buat papermob juga ak kayang
@han_vyyyy,2024-07-18 17:11,"I'm so screwed today.. Tugas video mpkmb ku ternyata ke cut & ada yg salah, aku udh upload ulang tp wktunya udh lewat.. 

Trs, td ternyata kk ku udh pulang & aku ga tau (krn dia ga ada ngetok pintu) jd skrg dia marah sm aku.."
@wirangga22,2024-07-18 16:08,Weekly OMB (lagi). H-14 MPKMB.
@Noved23_,2024-07-18 15:32,Info nongkrong abis mpkmb dar😋
@fleyura,2024-07-18 15:13,siapa yg sempet2nya ikut gathering ke puncak 3 hari 2 malam di tengah gempuran penugasan pra mpkmb eakk ya itu gw mff terlanjur
@duadevice,2024-07-18 15:09,Kenapa ga jadi pjk mpkmb ka?
@xartemn,2024-07-18 14:26,"mau nanyaa takut aku ketinggalan info, apakah s1 udah ada ketentuan pakaian apa aja yg di perlukan selama mpkmb"
@cimjayun,2024-07-18 14:25,day 2 menunggu sop mpkmb
@ninievoss,2024-07-18 14:24,min undang niki ya min hehe
@aissyyyaipibi,2024-07-18 14:10,"ih iya ga siiee harus banget, ayo min undang niki😁😁 @MPKMB_IPB"
@nisnoot,2024-07-18 14:07,mpkmb ngundang niki
@CestLaReves,2024-07-18 13:55,Kak jadi pjk mpkmb ga kak?
@chocrattes,2024-07-18 13:49,"STOP NANYA AKU KENAPA GA JADI PJK MPKMB 😫😫😫😫😫

AKU MAU BANGET
TAPI AKU PKM 😁"
@trulyra,2024-07-18 13:41,tim yang gak ikut cathering mpkmb karena kalo makan pagi buta suka gak selera (apapun itu)😭😭😭
@dcipss,2024-07-18 13:37,grup mpkmb gue pada list id ml cuy mau mabar😭 seru amatsih
@tatalff,2024-07-18 13:32,ya Allah cape banget hari ini full dibantai tugas mpkmb 😔
@drrnmp,2024-07-18 13:32,Masih ada 2 weeks left menjelang mpkmb... Yuk bisa yukk
@bleuutterfly,2024-07-18 12:07,hi guys maaf bru muncul ABIS DIBANTAI TUGAS MPKMB
@aipibi61,2024-07-18 11:53,INI SOP MPKMB LAMA BGT KELUARNYAA😠😠😠
@gojekindonesu,2024-07-18 11:34,Tugas MPKMB mati satu masih ada seribu
@howlgrass,2024-07-18 11:11,Aslamku kumat cuma gegara kecapean belanja☠️☠️ waduh takut bgt nanti mpkmb semoga g kumat2😇😇😇😊
@cipOlsit3,2024-07-18 10:29,sumpah…kaget…papa dali uda gada???
@hwisun,2024-07-18 09:44,keperluan mpkmb kapan dishare deh... takut ga sempet nyiapin 😭😭😭
@l0velyroese,2024-07-18 09:31,ternyata kamuu tahap 1 yang kel mpkmb nyaa hehee
@yeellowpretzel,2024-07-18 09:30,Yg bener aje udh mau mpkmb juga🤾
@saproludik,2024-07-18 08:33,"kayanya kalo di ui punya pacar buat selama mpkmb, gua bakal lebih semangat & ga takut buat survive disana 😔☝🏻"
@wave2acy,2024-07-18 08:07,IYA 😭😭😭😭FR AKU BENER BENER seneng … kebahagiaan gua dikala mpkmb ini kayaknya svt doang deh
@wave2acy,2024-07-18 07:18,maaf untuk temen temen gua bcs for the next month gua akan terus yapping abt mpkmb 😊😊😊😊😊😊😊😊😊
@avvaeyah,2024-07-18 07:07,semoga hari ini kerasa lama biar mpkmb juga kerasa masih lama
@zwvorz,2024-07-18 06:48,"eh maaf bgt pls klo ak sokap tbtb follow gt,,, mw perbanyak tmen sblm mpkmb 😔😔🙏🏼"
@hazinkau,2024-07-18 06:35,"Halooo temen temen narapati bimantara IPB 61 ayoo kita mutualan plss😁👋

Aku butuh temen supaya gak planga plongo pas mpkmb nantii🥹🥹👊"
@cipOlsit3,2024-07-18 06:28,harus nyelesain in tugas yg 4 itu ga si sblm ospek mulai😣
@vannotegar25,2024-07-18 06:22,"Mau nyapa kalian dulu aja, setelah war tgs mpkmb"
@chasedeadg,2024-07-18 06:02,"jadi tu kemarin pagi aku ada pencerdasan buat maba disabilitas buat para staff mpkmb, siangnya mam ramen sama ben10, trs sorenya ak jogging brsm alya dan temannya, trs malem² ak self pampering myselff trs abistu jalan jalan mengelilingi dramagon sambil cari gorengan brsm yose😃"
@napatishappy,2024-07-18 05:35,aku ikut yang dari mpkmb storee
@chibimrkchan,2024-07-18 05:17,ipb = bentar lagi mpkmb
@cipOlsit3,2024-07-18 04:38,untung salah dm ke temen bukan ke KOMDIS
@themariast,2024-07-18 03:31,Aku yang dari mpkmb store
@n4zwayy,2024-07-18 03:09,"pesen catering mpkmb store di tanggal 24/25 tu masih kebagian kan? takutnya nanti udh close po tiba"" 😭"
@hifaloof,2024-07-18 03:03,"HAI MAHARANGERS!!!!! 
tried something big yesterday ((signed myself for grawira grawidya selection‼️))

Semoga kita semua tetap semangatt!!!! Jangan lupa jaga kesehatan sampai MPKMB friends!!💕🐺❤️‍🔥

#SrigalaituAbuAbu🐺🐺🐺"
@crunoash,2024-07-18 02:32,"silverqueen dong, nnt bagiin ke smw peserta mpkmb ia"
@cimjayun,2024-07-18 01:59,"baru abis membaca sop mpkmb tahun lalu n melihat kalau roknya ga boleh ada belahan,, mana punyaku ada belahan tapi gini sih, gak nampak kaki"
@lunaerclips,2024-07-18 01:39,sumpah nikahannya kenapa pas aku mpkmb banget sih 😭😭😭 adh semoga sempet dah...
@nisaajia,2024-07-18 01:17,"Lagi stres tugas mpkmb sejibun tiba tiba bpk ku bilang

""kamu jgn stres gaush dipikirin, gaush takut bapak sama mama mu ada di belakang kamu kerjain sebisa kmu kalau salah urusan belakangan kan masih belajar""

sayang bgt sama mereka yaAllah. Tungguin aku sampe sukses ya
❤️🫂"
@hiatgss,2024-07-18 00:52,"gess ternyata dari gang keluar kosanku sampe gerbang Dramaga IPB jaraknya cuman segini, pas MPKMB jalan kaki yay or nay??"
@zayyyiid,2024-07-18 00:48,pas mpkmb boleh ga ya Rambutnya panjang😔?
@ninievoss,2024-07-18 00:15,orang mah pas mpkmb nya excited😭
@kobeynnn,2024-07-17 23:29,kak kalo mau beli merch mpkmb dimana ya aku gatau 🤔🤔🤔
@cipOlsit3,2024-07-17 21:13,UDAHHH SELESAAAAIIIIII TUGASSSNYAAAA YEYYYY
@cipOlsit3,2024-07-17 19:34,gatau deh … sisanya berserah kpd allah … buat hasil … yaudah yg penting dinilai komdis HIKSROT😭😵‍💫
@cipOlsit3,2024-07-17 19:32,YAAMPUN SAMA😭 KUAT KUAT ANAK SV btwww aku bole mutualan ig gak sm km??? mau up terus tag gituu😣😣😣
@cipOlsit3,2024-07-17 19:30,KOK MASI ON?!😭😭😭
@cipOlsit3,2024-07-17 19:30,hy ak bru mw aplut tugas
@kazuhaipb,2024-07-17 18:48,deket deket MPKMB gini jadwal tidur gue malah jadi berantakan :(
@maunyaip4,2024-07-17 17:28,"hey tiba tiba tahun ini jdi panitia mpkmb 61, padahal tahun kmrin jadi maba yg libglung:("
@miiawnism,2024-07-17 17:03,"[18/07/24, 01.02.15] dika: u can add the peraturan
 [18/07/24, 01.02.20] dika: untuk bagian sop akademik
 [18/07/24, 01.02.26] dika: and also sop mpkmb"
@serephalite,2024-07-17 16:41,moots sehat sehat ya sampe mpkmb selesai ^^
@pangeranmimpin,2024-07-17 16:40,"kayanya waktu itu ada kating baik yang ngingetin untuk dokum kegiatan mpkmb ya, gua udah mulai menginiin dokum"
@yinyangjungone,2024-07-17 16:28,mpkmb beda ya sama pkkmb
@ygmuliaparis,2024-07-17 16:21,"tim 10.28 karna 28 angka iconic ipb, mulai dr wajib ngumpul di bogor tgl 28 hingga pemesanan po rekor mpkmb store harganya 28rb, dan ultah gw tgl 28"
@CestLaReves,2024-07-17 16:18,"Sumpah gw excited banget (pra-mpkmb, pas mpkmb kayanya bakal misuh)"
@heyychannnie,2024-07-17 16:16,aku juga mau ikutan mpkmb ipb vokasi!!!! aku juga mau ikutan riweuh ngerjain tugas tugas nya!!!
@onawear2,2024-07-17 16:02,"iyah cuy, gw kesian sama kaka kaka panitia mpkmb yang udah bikin image branding kating yang baik dan ramah no salty eh malah ada oknum seperti itu

sangat amat disayangkan"
@sapwwann,2024-07-17 15:38,"katanya sebelum mpkmb, masa mpkmb ngga pake almet 😭"
@mpkmbsv_ipb,2024-07-17 15:22,"mimin tunggu di sv, yaa! jangan sedih, pasti akan dapat yang terbaik kok⭐️⭐️⭐️"
@shymfiony,2024-07-17 15:17,gmn rasanya ka mpkmb aja belum udh digibahin di base😭
@vidibermain,2024-07-17 15:02,"terima kasihhhh, semoga kita dilancarkan di MPKMB nanti yaaaaa"
@mihayyo,2024-07-17 14:56,Manifesting bisa jadi bagian dari mpkmb sv 61
@llyyytn,2024-07-17 14:46,"takut pas mpkmb gua nyeri haid sampe pingsan lagi wkwk, gua haid cuma dirumah aja dh tumbang begitu, apalagi berkegiatan ya"
@vidibermain,2024-07-17 14:46,"WOII THANK YOUUU RAF, sukses kita ye di mpkmb nanti 🖐"
@cookiiesdipped,2024-07-17 14:45,mengdufan sebelum di trabas mpkmb
@napatishappy,2024-07-17 14:39,akuu dari mpkmb store
@hnbecool,2024-07-17 14:33,"mpkmb itu diusahain bgt jaga kesehatan, karena ga enak banget sakit dihari H, keinget banget pas hari dimana ada mbak wawa tuh gue sakit parah bgt sampe ke posko ccr😔💔 bener² cuma tidur doang bareng² yg sakit lainnya"
@cipOlsit3,2024-07-17 14:08,BRIKAN AK KEKUATAN YAALLAH
@cipOlsit3,2024-07-17 14:08,COKKK AK BRU SLESAI BKIN PPT ANYINGGG
@han_vyyyy,2024-07-17 14:03,Aku buat ppt untuk tugas mpkmb 😞😞
@mpkmbsv_ipb,2024-07-17 13:06,"Malam, Narapati Bimantara! Logo armada resmi rilis di instagram MPKMB SV 61. Logo-logo ini tentunya memaknai elemen-elemen tertentu lohh!🥶

Niskala : 🪵
Dhinakara : ☀️
Mahitala : 🌏
Agniarsa : 🔥
Anahita : 💧
Nilawarsa : 🌪️

Nah, kalau logo armada kalian yang mana?🤩🫵🏼"
@grapestra,2024-07-17 12:38,eh yg dri mamih mpkmb apa bukan 😭
@frappvccinoz,2024-07-17 12:36,oalahh😭😭 kamu punya katalog catering apa aja btw?? aku baru ada yg dari mpkmb store😞😞
@frappvccinoz,2024-07-17 12:27,guys kalian catering buat mpkmb dimanaa??
@eveschew,2024-07-17 12:23,Kita sdh di jaman jangan mudah kegocek mana mpkmb dan mpkmbsv hhhh (gw yg sk kegocek)
@han_vyyyy,2024-07-17 12:13,"Pengen ngambarrr, tp tugas mpkmb menanti 💀💀"
@gogoiesh,2024-07-17 12:03,ini setelah check in asrama boleh pulang dulu ga sihh trus baliknya pas udah mau mpkmb 😭
@cimjayun,2024-07-17 11:57,day 1 menunggu sop mpkmb
@dumpiesua,2024-07-17 11:15,gais pas mpkmb boleh make totebag gasih🧍🏻‍♀️🙏🏻
@elricadian,2024-07-17 11:04,Baikkkk besok mpkmb tak liatinnn beneran mirip suaminya nanaz apaa engga 😭😭🙏🏻🙏🏻🙏🏻
@lynestudy,2024-07-17 10:57,gusyyy kaliann pda ngambil catering yg mnaa????? yg dari asrama atau dri mpkmb store atau dari catering sukses jaya
@roseatpe,2024-07-17 09:52,mpkmb kapan yh ak mau menghindar macetnya
@uchagiw,2024-07-17 09:06,"kicah cemesta edisi kangen mpkmb 60. minus brathasena darmawangsa

ni yel yel cek khodam kalo di gww pasti merinding banget 😭"
@SAASH1MI,2024-07-17 09:03,"eh offside tau nder... kalau ga lolos kan msh banyak kepanitiaan besar lain... ada tedx, genus, mpkmb, passion (kalau km masih pku), belum lagi mega proker fakultas... km kalau sakit hati gak lolos jangan koar2 jg di menfess nder minimal pake akun pribadi laaah :("
@sugaipb,2024-07-17 08:58,Kalau tgl pra mpkmb nya tgl berapa tahun lalu kak???
@mdriarty,2024-07-17 08:25,mpkmb tahun lalu sama skrng sama aja. gue sama2 jadi anak tiri 👎🏻
@tehmaniskrimer,2024-07-17 08:12,info beli sepatu dmn pls buat mpkmb doang
@cipOlsit3,2024-07-17 08:09,BOLEHH SEKALIII ig km apaaaaa
@cipOlsit3,2024-07-17 08:06,pls ayo mutualan ig agar bsa saling tag utk tugas😣
@cipOlsit3,2024-07-17 08:05,serasa jd pejuang subuh😣
@cipOlsit3,2024-07-17 08:04,kalo tau dari kemaren aku bawa seragam batik sma aja😣
@cipOlsit3,2024-07-17 07:55,jam 3 pagi di kampus itu ngapain…
@cipOlsit3,2024-07-17 07:46,stsyiifa
@pancarona7,2024-07-17 07:14,Mpkmb salah satu fakultas katanya gtu
@chasedeadg,2024-07-17 07:09,"aaa semangatt kmm! kalo kamu merasa ngga enak physically/mentally di mpkmb nanti segera hubungi kakak medis yaa, we're here forr uu <333"
@dumpiesua,2024-07-17 06:46,"teman temanku smua klo ada yg mau upload sdi atau apapun keperluan mpkmb feel free utk tag aku yaaa, nnti aku ksi username kuu yaa semangatt🤩🙆🏻‍♀️🤍💐💘💋"
@cipOlsit3,2024-07-17 05:03,siap menerjang tugas tugas hari inie🔥🔥🔥🔥🔥🔥🔥🔥😭
@cipOlsit3,2024-07-17 05:01,IYAKANNN😣😣😣
@cipOlsit3,2024-07-17 05:01,kayanyaa
@sugaipb,2024-07-17 04:57,"Kating, pas taun lalu, SOP mpkmb keluar mepet waktu gak?????
Kalau iya berapa hari sebelum MPKMB????"
@stucktistika,2024-07-17 04:17,buat mpkmb pada ikut catering gak guyss
@nnaaninuu,2024-07-17 04:01,sop kpn di bagiin yaa😞😞 mau beli pakaian mpkmb takut salahh tp klo belinya nnti² takut ga kebuuu
@bonfirekiss,2024-07-17 03:47,AKU BUKA PRIV HABIS MPKMB ^_^
@ipb_menfess,2024-07-17 03:43,"Ga cuman agsn, dulu juga mpkmb, genus, dsb. pasti kalo udah penguguman panitia, ada aja yg ngegoreng, 'ordal lah' anu lah itu lah. Semoga sendernya sadar buat evaluasi diri, bukan malah kaya orang iri hati gitu. Punten 

 (cont)"
@wolfiecindo,2024-07-17 03:32,terpantau udah 5 tugas dari SV padahal masih pra MPKMB
@shao_belajar,2024-07-17 03:26,"dance or ngerjain tugas mpkmb
gue: 🕺💃"
@chocrattes,2024-07-17 03:23,TAPI MPKMB GA SERUMIT ITU KAYAKNYA KOKKKKK
@chocrattes,2024-07-17 03:18,taun lalu mpkmb aku cuman project sinergi (KTI gitu) dan ini rata ke semuanya
@chocrattes,2024-07-17 03:15,"PKM lomba mah stress ya
baru tahun ini mpkmb ada pkm soalnya WKWKWK"
@CestLaReves,2024-07-17 02:54,"Pekan kreativitas mahasiswa kaa, emang kaya projek pasca mpkmb gituu😭"
@chocopies8,2024-07-17 02:34,"lucu bgt yaallah liat tmn2 kita yg pd jdi pjk mpkmb, kaya hah HAHHAAHA dia bisa begitu anjir pdhl aslinya HAHAHAH kocak😭😭😭"
@monggu611,2024-07-17 02:33,"blm keluar protes, pas keluar ngeluh. adlh SOP mpkmb"
@naj2ui,2024-07-17 02:17,"EH INI BUKAN SI PLIS BANTU

Kedisiplinan secara umum, SOP Chat, SOP Kampus, SOP Akademik, dan SOP MPKMB"
@adipnphys,2024-07-17 02:11,"bedanya hanya alur pelaksanaan 7 habits, bela negara, dst... kalo hari-h mpkmb nya serentak semua kok"
@chaerysi3,2024-07-17 01:21,KAAAKKKK U'RE SO FUN!!!! NANTI MAIN GIM LAGI DONG PAS MPKMB😆
@abdulrifkyy,2024-07-17 00:31,gacor skali tugas mpkmb enih☺️☺️☺️☺️
@lhcforkey,2024-07-17 00:17,menghadapi tugas tugas pra mpkmb dengan senyuman tulus dan ikhlas
@vannotegar25,2024-07-16 23:05,Topi mpkmb nanti di kasih ga si bareng almet
@sarcsmo_o,2024-07-16 20:50,"ya ampun demam ga turun-turun padahal tugas MPKMB masih banyak, ppt aja belum kelar, ini gimana 😭"
@KalZanAl,2024-07-16 20:22,"Kata gue sih lo jangan nunda2 tugas, soalnya ini padet banget ygy🙂🙏 BELOM LGI NYIAPIN BAJU SMA STATERPACK BUAT MPKMB, BELUM LAGI TAR TGL 29 HARUS DI BOGOR, mangats, katanya ini masi belum apa2, ntar lebih parah lgi🙂🙏"
@2172happiness,2024-07-16 17:19,"kemana aja nder baru nemu ginian di 61
please lah ini cman sekedar twibbon, masa identitas lu sebagai mahasiswa IPB cman ditentuin lewat twibbon mpkmb??"
@chocrattes,2024-07-16 16:39,SEMANGAT ANAKKU 🦸🏻‍♀️🦸🏻‍♀️🦸🏻‍♀️🦸🏻‍♀️
@vannotegar25,2024-07-16 16:13,Berarti tgl 1&2 pakek putih trus day 1 mpkmb juga pakek putih ya
@MINSUNGlST,2024-07-16 16:09,"pake pakaian yg buat day 1 mpkmb vann, sama bawa barang barang first meet"
@vannotegar25,2024-07-16 16:06,Eh nanti ini masi ada klmpok kecil lagi kah utk mpkmb??
@fiirm4n,2024-07-16 15:50,"-999999/100😭🥲
tampil h-1 flashmob anthem mpkmb 60 
LUCU BGT LATIHAN CUMAN SEMALEMAN DAN DIKABARIN TAMPIL JAM 7 PAGI (PLIS SUSAH JELASIN TAPI INI LUCU BGT)"
@gentad4rs,2024-07-16 15:47,udah kebal gue sama menfess2 tai anjing dari jaman mpkmb 59
@jfblooms,2024-07-16 15:35,"ini tugas mpkmb kalo dia orang, pasti udah bonyok sekarang"
@tehmaniskrimer,2024-07-16 15:18,apkh aku akan menyelesaikan semua tugas mpkmb ini atau aku yang selesai
@jaehyungitis,2024-07-16 15:09,mpkmb dimari liat yg abu jgn lari
@gojekindonesu,2024-07-16 14:52,Ini semua kampus atau cuma IPB doang si yg tugas MPKMB nya se mantap ini?
@skarezk,2024-07-16 14:51,fomo mau ikut mpkmb lagi tapi gamau ngerjain tugas tugasnya
@eveschew,2024-07-16 14:47,Mpkmb pake ciput boleh yg dua warna gasi???
@aneversez,2024-07-16 14:45,mungkin ini adalah gambaran gue ketika mpkmb nanti
@cipOlsit3,2024-07-16 14:43,tugas buat turun ke masyarakat ini gmna maksutnya anjir…
@niseyniss,2024-07-16 14:41,"gw pikir mpkmb ga boleh make up sedikitpun tp ternyata dibolehin pake bedak dan liptint, aww baik sekalii🥰🥰"
@crunoash,2024-07-16 14:41,"gila, gue uda mulai mengerti kenapa banyak kating yang bilang, ""kalian tuh bakal kangen masa-masa mpkmb."" 😭🫵🏻"
@ccensque,2024-07-16 14:06,bedanya di jadwal seven habits sama talent mapping gasii? yang tahap 1 awal kalau tahap 2 setelah mpkmb
@jenoskhb,2024-07-16 13:56,masyaallah saat mpkmb nanti apa betulan wajib pake ciput? kalo iya rip my face akan sebulat apa pulaaaa
@bemymegumi,2024-07-16 13:55,bel udah adakah list baju tuk hari h mpkmb??
@severuxsnapes,2024-07-16 13:46,"Rating things i did in MPKMB SV IPB 60
1. Menjadi mahasiswa teraktif di 7 habits (100/10) dapet merchant sv lucu bgt..
2. Jadi maskot armada (9/10) ADA MALUNYA..
3. Maju ke panggung, jawab pertanyaan dekan (20/10) bener tapi kurang lengkap, dapet hadiah lagi
Next"
@flr0wChi,2024-07-16 13:44,"baru inget, semangat temen temen 60 yg mpkmb lagi wkwkwk, jujur kasian waktu itu temen satu pmb ku tiba tiba dbd anjayyy, akhirnya day 2 dia ga ikut dan harus ngulang lagi tahun iniii huhu"
@dishayangkamuu,2024-07-16 13:43,demi apapun bntr lagi mpkmb tapi muka gue malah kena cipratan minyak panas😊 gagal mulus dah lah
@arlrawrrr,2024-07-16 13:15,Ini SOP mpkmb udah ada kahh?
@xartemn,2024-07-16 12:51,Mpkmb aja belum dah kena semprot😭😭
@senowmenn,2024-07-16 12:46,Klo ospek ya mpkmb
@tehmaniskrimer,2024-07-16 12:42,takut tugas mpkmb sv
@tbvjckacl,2024-07-16 12:41,plis tugas mpkmb sv ipb sebanyak dan seMUDAH itu😭😭😭😭 Ya Allah tolong aku dan teman²🥺🥺 aku pusing.... mudahkan ya Allah🥺🤲🤲🤲 aamiin ... allahumma yassir wa laa tu'assir
@inversmatrix,2024-07-16 12:35,semangatt!! semoga bisa have fun di mpkmb tanpa kendala yaa🫶
@bonfirekiss,2024-07-16 12:14,Ow syit pelan pelan tugas mpkmb
@sukabaksobgt,2024-07-16 12:12,"Halooo Narapati Bimantara, siapa yang tadi ketemu kakak-kakak ini? Bimantara Gajendra tadi ketemu akuu sama ka aca yaa. Jangan lupa jaga kesehatan yaa, kalau ada yang mau ditanyain tentang medis/mpkmb bisa dm aku ajaa💫"
@cikenti,2024-07-16 12:09,beli makan di bara aja pas malem sebelum mpkmb atau ikut catering bisa jugaa
@teroseng,2024-07-16 12:05,mau catering tapi itu tulisan di mpkmb storenya catering asrama ... untuk asrama aja kah? 😭😭
@iniiyols,2024-07-16 12:04,catering aja gak sihh? soalnya mpkmb kan acaranya pagii bangetttt
@aneversez,2024-07-16 12:04,"list hafalan persiapan mpkmb :
- hymne ipb
- kampus terbaik
- yel yel kelompok besar
- username moots x"
@teroseng,2024-07-16 12:00,jadi mikir buat bekel apaan ya pas mpkmb ... mana nanti ga bawa rc ke kos
@eunwooipb,2024-07-16 11:57,gue radang tenggorokan dan demam di saat diserbu tugas mpkmb....
@fbbyaz,2024-07-16 11:34,tugas tugas mpkmb sv yarabb ini baru awal yaallah astaghfirullah subhanallah allahuakbar lahaula kuat dan selesai tepat waktu dan gaada kesalahan teliti rajin harus !!! 😭😭😭😭
@cipOlsit3,2024-07-16 11:18,bner bgt😵‍💫😵‍💫
@rayiinaa,2024-07-16 11:12,gua butuh rest sebulan abis mpkmb
@urjiiinji,2024-07-16 11:11,"asal rapih gak sih kalo buat tugasnya, kalo pas mpkmb baru kuncir"
@dyandyss,2024-07-16 10:53,mff jbjb TAPI RILL DISERBU TUGAS MPKMB
@Cinnamon_023,2024-07-16 10:53,"GG TUGAS MPKMB IPB THE BEST GUA AMPE KAYANG💥💥💥

ILMU PADI BOS KUU"
@nightteaa,2024-07-16 10:53,Inii pas mpkmb nantii kah??
@flowiela,2024-07-16 10:47,buat tugas mpkmb 🥲
@saturwnusz,2024-07-16 10:45,Belum mpkmb udah diserbu tugas 😇 siapa lagi kalo bukan sv ipb 😄
@wonwoojinq,2024-07-16 10:43,"blom apa apa gweh udh pusink liat tugas"" mpkmb😭"
@rayiinaa,2024-07-16 10:39,demi Allah gua udh pede bet tuh minggu ini ngeiyain semua ajakan main pdhl blm packing samsek DITAMBAH tugas mpkmb seabrek anjgggggggggggg tipes dah gua
@mpkmbsv_ipb,2024-07-16 10:32,"Halo, Narapati Bimantara!
Hari ini siapa aja nih yang udah ikut SDI?☝️

Gimana persiapan SOP untuk kampus dan MPKMB? Coba dong ceritain keseruan hari ini ke mimin😆😆"
@rayiinaa,2024-07-16 10:30,ini rambut gua bakal tambah rontok dah fix karna stress tugas mpkmb
@Febrianiskanda4,2024-07-16 10:28,"Bimantara Mahagra sekalinya welcoming jadi biro jodoh anjayy
+ kiriman dari temen wkwkwkwk Spider-Man 
#bimantaramahagra #mpkmb"
@doriissrss,2024-07-16 10:20,dibantai tugas mpkmb
@wolfiecindo,2024-07-16 10:18,tugas mpkmb ipb banyak banget???
@cipOlsit3,2024-07-16 10:18,BARU SEHARI UDH ADA 4 TUGAS AJA?!
@niseyniss,2024-07-16 10:17,vid presentasi itu cuma tugas awal guyss🤗🤗 awal dari kita diserang tugas² mpkmb yg sebenarnya😭😭
@S0CIOLOGY,2024-07-16 10:17,tutor menjadi manusia super extrovert pas mpkmb & kuliah dong 🙏🏻🙏🏻🙏🏻
@g0dzSake,2024-07-16 10:15,kalo jualan cookies pas mpkmb kira’ bakal laku gk yh
@flowiela,2024-07-16 10:15,"tugas mpkmb sv banyak juga, pdhl masih pra ya ha ha ha 🥲🥲🥲"
@cipOlsit3,2024-07-16 09:57,kira kira km bakal beli bukunya ga??😦
@tehmaniskrimer,2024-07-16 09:53,mpkmb day 1 (?) gktau aku nemu di tl 🥲
@cipOlsit3,2024-07-16 09:42,ada yg beli buku sakti maba gk yh??? sedang bimbang😦
@polarrgommie,2024-07-16 09:13,"aku jugaa dirgantara, soalnyaa waktu itu belum follow yg store nya mpkmb😓"
@fiirm4n,2024-07-16 08:59,"ini untuk pasca mpkmb 61 yaa? akuu gatau nanti bakal kyk gimana kegiatannya, karena angkatanku dulu namanya proyek sinergi.

tapi kalau pkm itu km bkln bikin projek dari permasalahan yang kamu cari disekitar kamu, misal tentang pengelolaan sampah, kamu harus kreatif gmn cranya"
@kyudipienut,2024-07-16 08:57,"terus sekarang marahan lagi, gara gara gua si, gua ada tugas mpkmb suruh foto trs gua ngca di kmera zoom tapi cam nya masi off kayak di pengaturannya gituu, terus dia bilang ih parah banget ngaca nya disitu dll ihh genit ih tp tp trs aku jelasinn apasi ngga trs dia masi aj kyk gt"
@cikenti,2024-07-16 08:57,bejir baru sadar ada ka ficky wktu faculty day mpkmb
@lovesomely,2024-07-16 08:53,INI BUKU SAKTI SM LOGO MPKMB SAMA GAK? KEREN MASA ...
@vidibermain,2024-07-16 08:38,siap jadi grawira bimantara rasendra @MPKMB_IPB
@fleyura,2024-07-16 08:28,mpkmb ajaa
@blepnel,2024-07-16 08:26,buat kuliahnya kaah itu atau buat mpkmb?
@fleyura,2024-07-16 08:17,guys mpkmb jam 4 pagi eak ngook
@polarrgommie,2024-07-16 07:44,gusy kalian yg pesen jaslab itu di mpkmb store atau dirgantara yaa kemarin??
@dokcing,2024-07-16 07:27,menyenangkan bgt melihat pemaparan kakak kakak mpkmb store gw jd semangat 🔥🔥🔥🔥🔥 gw bakal borong mpkmb store kalo punya duid
@glorievs,2024-07-16 07:24,sprtinya hidupku nanti akan ketergantungan dgan mpkmb store……
@studyzell,2024-07-16 07:24,btw alurr mpkmb snbp snbt ipb itu beda yaaa sama yg mandiri??
@IPBbercanda,2024-07-16 07:08,Gezz infokan rekor apalagi yang akan dipecahkan di MPKMB 61
@CestLaReves,2024-07-16 07:06,"Klo merah katanya yang punya riwayat sakit gitu
Klo ungu yang sakit pas hari H pas mpkmb"
@29O999,2024-07-16 06:37,merch mpkmb kayak gimana yah nanti
@hisysfyy_,2024-07-16 06:23,buat mpkmb sayy
@nadoraraa,2024-07-16 06:23,"Band terkenal yang bakal Dateng  buat closing mpkmb, boleh rikwes day6 ga 😭🫵🏻"
@maunan14,2024-07-16 05:50,nonton hari rekor mpkmb 60 lewat zoom knp jd merinding gini
@rishafirang,2024-07-16 05:39,mpkmb ini terasa berat. apa gegara online ya?🤔
@wonyucil,2024-07-16 05:38,sebenernya mpkmb doang gak jd apa apa udah capek bgt mnrt aku WKWKWKWK tp balik ke km lagiii
@ninnamorolls,2024-07-16 05:35,mpkmb udah ada sop belum si...
@faisalmzhdtt,2024-07-16 04:37,"bangun pagi
cek grup mandhala taraka di wa review chat takut ketinggalan.
beres itu...
cek grup bimantara kastara di tele.
beres itu...
cek grup fmipa sm ilkom di line.
beres itu...
cek ig mpkmb barangkali ada penugasan.
#pensiundaripengangguran🤟🏻😝"
@dhafaraihandy,2024-07-16 03:57,"baca seliweran lewat twit skhb 61, gelo udah mpkmb lagi aja 😳"
@kamilmfeb_,2024-07-16 03:49,"keributan malam malam padahal twibbonnya 24 jam doang, apalagi nanti twibbon mpkmb"
@cipOlsit3,2024-07-16 02:47,perhatian skali🥺
@eunwooipb,2024-07-16 02:01,puji tuhan pakaian mpkmb sv cuma kemeja putih sama kemeja batik
@drrnmp,2024-07-16 01:42,Ya tuhannn segala pakai surat kesediaan mengikuti rangkaian MPKMB pulaaaaa😭😭😭😭🫂🫂🫂🫂
@dCinnamoroll,2024-07-16 01:13,"group fakultas prodi di line, group kelompok besar mpkmb di tele, group kelompok sedang mpkmb di wa 😔☝🏻"
@drrnmp,2024-07-16 01:13,Klo di MPKMB sv nya sih ada... Hehe
@palsaid20,2024-07-16 00:32,"ipb keknya demen bgtt bikin video resume, kmarin FALP dan skrang MPKMB juga"
@crumblesavour,2024-07-15 23:45,Feeds mpkmb ipb bagus bgt lg
@4notherrnei,2024-07-15 22:32,beli barang kos dan mpkmb another level reason bulan ini boros
@drrnmp,2024-07-15 21:08,P anak vokasi sehabis kita MPKMB di sv kesini yukkkk
@aurumpumpumpum,2024-07-15 20:12,"Huaa ada zayn, semangat mpkmb nya wkwkw"
@ascheries,2024-07-15 19:30,"2023 traumatis karena aku panitia mpkmb dan mami sakit, mami minta aku pulang tapi gabisa, akhirnya aku gasempet lihat mami bahkan untuk terakhir kalinya."
@bleuutterfly,2024-07-15 18:25,oh IYA MAKASIH IDENYA 🫰🏻🫰🏻 tp ga boleh dihapus smpe akhir mpkmb it gmn..
@kerlabu,2024-07-15 17:36,ALLHAMDULILLAHHHH. CONGRATSSS YAAA. See you di MPKMB 🥹🥹🥹💐💐
@anothersidejml,2024-07-15 16:53,"xaviera ke mpkmb sv, apa bener min? @mpkmbsv_ipb"
@scbxj,2024-07-15 16:02,mpkmb selesai langsung botak
@muztardketchup,2024-07-15 15:28,ayok abis mpkmb kita bikin gc nya gusy😈😈
@psycholgurl,2024-07-15 14:56,"Kaciwww menyala tugasss mpkmb 🙂‍↕️🔥😍 PPT , reels, dan first ACC 🫰🏻🔥🐺"
@ibubaubiskuit,2024-07-15 14:55,"Buat yg lagi2 scroll2, coba deh nonton aftermovienya mpkmb ipb. Atau enggak oskm itb
Okk ui ga usah"
@dishayangkamuu,2024-07-15 14:51,pgn jadi grawdya tapi kemungkinan besar 2 jam pertama mpkmb langsung lemes soalnya energi gw keserep abiss
@yanstudytwt,2024-07-15 14:47,"Ayok masih ada slot, sebelum dibantai MPKMB"
@grapestra,2024-07-15 14:26,apkh format yg kosong diisiiii yan? atau ikutin format mpkmb
@readaccg,2024-07-15 14:24,haloo gaiss '61... ada yang punya rundown acara/jadwal buat mpkmb nggak ya(?) dari mulai hari ini sampe nanti Agustus(?) punya aku hilang dan aku lupa harus nge cek dimana 😅 atau kasih tau cek infonya dimana gitu(?) aku bener-bener lupa. terimakasih banyak sebelumnya^^
@seungminbogor,2024-07-15 14:06,YA ALLAH AKU SAMPE LUPA ADA TEASER 2 SAKING HECTIC BUAT TUGAS MPKMB 😭😭😭😭😭😭
@CestLaReves,2024-07-15 14:00,Guys pas mpkmb klo liat gw sokapin aja .....gw pas rl beneran ciut nyalinya
@soursallylovu,2024-07-15 13:44,lucu banget temen-temen aku pada post sg mpkmb ipb
@arathechild,2024-07-15 13:40,"lucu2 bet dah liat serba serbi kickoff mpkmb lewat tl, semangat gusy 61"
@chocrattes,2024-07-15 13:31,aku gatau bzjir bukan panitia mpkmb
@frappvccinoz,2024-07-15 12:59,eh aku gaada foto lagi...itu niatnya buat twibbon mpkmb.. SDIH😿😿
@cipOlsit3,2024-07-15 12:28,hy ak dh di depok
@lovesomely,2024-07-15 12:16,Gue seneng klo ketemu temen se prodi di twt ataupun di grup mpkmb hehe
@yawnra,2024-07-15 11:53,dari grup mpkmb😭 kamu belum dapet kahh?
@findrawat,2024-07-15 11:48,"Engga, kata pjk kelompok besar dan sedangku, isi persis kaya yang ada ditutorial aja. Jadi yang diisi cuma nama sama ngetag akun ig mpkmb, bimantara gajendra, sama kaka pjknya"
@lovlbiya,2024-07-15 11:48,sebelum mpkmb kahh atau sesudahnya
@CestLaReves,2024-07-15 11:38,Projek pasca mpkmb katanya klo gw gasalah inget (kemungkinan salah)
@zuppasovp,2024-07-15 11:33,gila followers ig jadi naik banget gara-gara mpkmb...
@cipOlsit3,2024-07-15 11:15,eh emang ada quiznya yaa??
@cipOlsit3,2024-07-15 11:00,hy guys ak di bogor agi mam eskim
@eveschew,2024-07-15 10:18,Anjir dipikir pikir ekskul SMA gue semuanya tergabung sm cluster pasca mpkmb ini....
@symphonizes,2024-07-15 10:06,ngecek ulang mbti karna perlu buat pra survei mpkmb omb ipb. tau tau dapetnya infj langsung ngefeel tentang kepribadianku yang sebenarnya. emang gak bisa jauh jauh dari NFJ
@flawybiel,2024-07-15 09:32,BETUL PLS🥹🥹🥹🥹🥹🥹 jingle mpkmb pun.. apalagi mpkmb 56 angkatan kakak2 andamaru jayantara……🥹🥹💔💔💔
@rizkakrebs,2024-07-15 09:23,iyaa ktnya berpengaruh ke pasca mpkmb nnti
@OSCOCLIFFO,2024-07-15 08:53,saa pasca mpkmb milih apa? @weirdskiez
@architectuvre,2024-07-15 08:53,tahun lalu sih H-1 mpkmb
@getreadywithem,2024-07-15 08:28,ngga sabar pen beli merch mpkmb
@vannotegar25,2024-07-15 08:14,"Btw printilan perlengkapan mpkmb bakal di share kpn ya, mau nyiapin sekarang biar di bantu my moms😁"
@capricornettos,2024-07-15 08:04,"cobaa cek ig mpkmbipb jeng, jadi kita kayak perform sesuatu pas mpkmb nantii"
@akuraditt,2024-07-15 07:54,"Aku g ikut mpkmb tau, angkatan 60 soalnya hehe"
@akuraditt,2024-07-15 07:53,PO lanyard mpkmb?
@ha_saarea,2024-07-15 07:48,wiihh profilnya sgt mpkmb vibes WKWKWK
@eskrimsegentong,2024-07-15 07:38,Makasi kak sudah membuat feed ig mpkmb hehe
@anothersidejml,2024-07-15 07:14,"hai Narapati Bimantara. Music video hiburan yg kalian liat tadi, dari tim MDP MPKMB 61 SV IPB loh! 😋🫶🏻 #MPKMB61IPB #MPKMB61SVIPB #KickOffOMB61"
@Xia0juniee,2024-07-15 07:13,sebelum mpkmb gasi??
@kiongiy,2024-07-15 06:56,ril aku takut ketinggalan info” mpkmb pls
@grapestra,2024-07-15 06:52,pas mpkmb dehh biasanyaa
@pipiah_,2024-07-15 06:34,"eh malu bngtt masa bnyk yg kenal gue?!?!?! plss jangan tandain gue dulu, mau mpkmb dngn tenangg🤲🏻"
@xz_dira,2024-07-15 06:25,sorry ya gua sokapp🙇‍♀️soalnye lagi nyari temen buat nanti mpkmb gada yg maw temenan sama kucing imyut miaw miaw ini kah???
@yuwrirawr,2024-07-15 06:15,catering mpkmb buat non asrama udah ada belum ya guys
@tirlalaland,2024-07-15 06:04,Dian pargoy mpkmb nih kronologi gimana ya
@OweeSan,2024-07-15 05:53,"NISS KEREN BANGETT?! 
Aku tungguuu kamuu buat menggemparkan MPKMB pake yel-yel Mahagraaa yaaa🐺🩶🛡"
@boooakutakut,2024-07-15 05:49,"Plis yang jalur mandiri,pin,ketos sama BUD blm di bagiin takut bngt pas MPKMB ntar gmn yah?"
@cipOlsit3,2024-07-15 05:19,yaallah cm ak sndiri anak kim di kelompoknya😣 brikan ak kekuatan yaallah
@cipOlsit3,2024-07-15 05:19,KETIDURAN😣
@nisnoot,2024-07-15 04:59,ternyata mpkmb ngundang zayn
@elricadian,2024-07-15 04:42,Awskabaxbzbsnxx masih berharap SIL bisa convert sks pake dokum mpkmb ini😔
@sugaipb,2024-07-15 04:30,"Serba-serbi komen ytb kick off mpkmb IPB

👇👇"
@yppiegurllll,2024-07-15 04:27,"happy bgt liat adik” maba yg excited untuk mpkmb😻 
welkam to Agniarsa loveyy mari kita sama” nyalakan Api Membara untuk Narapati Bimantara❤️‍🔥❤️‍🔥"
@lynestudy,2024-07-15 04:15,gaisss bsk klo mpkmb lihat muka ini ajakin tmnann plssss😆😆😆😆😆😆
@eunwooipb,2024-07-15 04:10,"enggak itu udh digabung sama pra mpkmb 1-3, mpkmb nya 5-6"
@notdinz,2024-07-15 04:05,kalian ada list istilah2 di kelompok mpkmb nggak guys?karena bingung banget istilahnya banyak banget😅
@yuwrirawr,2024-07-15 04:04,aku mimpi bang windah jdi guest mpkmb 😭😭 pls wujudkan
@cocominul,2024-07-15 04:00,pra mpkmb itu gmnn? daring kah?
@lynestudy,2024-07-15 04:00,kataanyaa si gituu buat jaga2 aja tkutnya ntar pas mpkmb ditanyain
@urjiiinji,2024-07-15 03:59,"mpkmbnya ttp 5-6, tanggal 1-3 nya pra mpkmb 😁"
@gsukapdez,2024-07-15 03:52,"ada lagiii tauu, coba buka sg mpkmb storee"
@juleyskz,2024-07-15 03:41,unjuk bakat🤔🤔 mungkin nanti pas closing mpkmb disuru tampil🤔
@Junjunie889,2024-07-15 03:40,gs mpkmb tuh apa?
@cipOlsit3,2024-07-15 03:39,ihhh kaya di smanda sumpah nie
@eunwooipb,2024-07-15 03:37,acara puncak tetep 2 hari gasi? 1-3 pra mpkmb nya
@eunwooipb,2024-07-15 03:36,"sepertinya yg 1-3 itu pra, acara puncak mpkmb nya baru 5-6"
@cipOlsit3,2024-07-15 03:35,pake ini buat ke kampus too much ga yah?
@blepnel,2024-07-15 03:33,disatuin sama pra mpkmb raa ituu
@cipOlsit3,2024-07-15 03:33,NGANTUK BGT YAALLAH
@cipOlsit3,2024-07-15 03:31,bm sushi dri kmrn😣
@Imiijinno,2024-07-15 03:29,Kalau diliat dari linimasa berarti iyaa abis mpkmb
@tehmaniskrimer,2024-07-15 03:15,itu termasuk pra mpkmb juga gaksiii
@urjiiinji,2024-07-15 03:15,ooooo kirainn 6 hari full mpkmb 😭😭
@bonfirekiss,2024-07-15 03:14,Digabung sama pra mpkmb itu 😔
@urjiiinji,2024-07-15 03:13,ini mpkmb jadinya 6 hari kah??
@haec1an,2024-07-15 03:12,HAH MPKMB 6 HARI
@bbylu0,2024-07-15 03:11,lah mpkmb vokasi 5 hari? Demi apa 🥹🥹
@maicuuuuu_,2024-07-15 02:40,catering mpkmb non asrama yg oke yg mana ya
@ivyalyaa,2024-07-15 02:15,"inget banget dlu pernah itikaf di masjid malem sblm pengumuman snbp nangisin ipb, nangis bgt mohon-mohon mau dapet ikk biar bisa bantu orang dan skrg udh kick off mpkmb. walaupun dapetnya bukan di snbp but i’m very grateful, emg rencana Allah tuh yg terbaik🥹💙"
@Kris_Lockey,2024-07-15 02:13,guest star mpkmb ipb tahun ini secret number pls
@biologyloml,2024-07-15 02:11,YT MPKMB
@flownyl,2024-07-15 01:54,ya Allah semoga abis mpkmb hpku gk jebol 😭 ini notif dari grup kel besar yg membernya byk bgt itu bikin ketar ketir pls
@swidyam,2024-07-15 01:32,soalnya tengah malem tu mpkmb store bikin story udah sold out eh ternyata prank😭😭
@DjikaBeruntung,2024-07-15 01:25,baru kmren kelar mpkmb ajir
@xnxyllzr,2024-07-15 01:17,NAI SUMPA CEK DAHH DI STORY MPKMB STORENYA ITU SG SOLD OUT NYA DIAPUS DAN GFORMNYA MASIH BUKA
@xnxyllzr,2024-07-15 01:14,ehh tp kok postingan udh sold outnya diapus yaa di story mpkmb storenya?
@esaenato,2024-07-15 00:03,GUYSS YEL YEL UDAH KELUAR DI YOUTUBE MPKMB
@findrawat,2024-07-14 21:13,Dari jaman snbp sampe udah mau mpkmb nggak pernah sama sekali🥲
@Noved23_,2024-07-14 18:44,Mpkmb
@NANNAAOOO,2024-07-14 17:32,gua takut ga ngerti apa apa tentang mpkmb
@seaisoceaning,2024-07-14 17:00,yaa Allah ku dagdigdug (with a bit of anxiety) mikirin mpkmb setelah melihat komdis gang yang kece parah itu 🫠🫠
@onawear2,2024-07-14 16:33,pas mpkmb kalau gw diem aja percaya lah itu gw lagi nahan boker
@starcentry,2024-07-14 16:11,aku download tele setelah sekian lamanya demi mpkmb
@dokcing,2024-07-14 15:38,eh nugas mpkmb bleh di second acc ga yah.....
@symphonizes,2024-07-14 15:27,gabisa tidur nyenyak dan feel enjoy sebelum kelar mpkmb
@palsaid20,2024-07-14 15:27,malam final euro tapi pagi kick off mpkmb
@y0urthugmate,2024-07-14 15:26,"kan inimah beneran harus apus2in galeri, ready for documenting mpkmb narapatiku🐺🩶"
@cjehyvn,2024-07-14 15:21,"bjir 61 udah mpkmb aja, gue masi ngestuck dgn memori slma pmb 😀😀"
@kylanira,2024-07-14 15:13,"untuk mpkmb aku rela profpic wa, line, tele sama semua biar aman☝🏻"
@pharmakailogist,2024-07-14 15:11,pls buat join grup mpkmb kan y (same here)
@ershaake,2024-07-14 15:08,ada di ig mpkmb store araa
@lynestudy,2024-07-14 14:56,"akuu udhh joinn grupnyaaa, td aku pc cpnya mpkmb si"
@lildrmctchr,2024-07-14 14:52,"wait, besok mpkmb kh?"
@zenniemie,2024-07-14 14:45,"di satu sisi gua ngerasa excited untuk mpkmb, tpi di sisi lain gua masih mau rebahan sembari marathon anime bjir😔"
@ketumbar_bubuk,2024-07-14 14:41,Rrrrr SEMANGAT MPKMB Angakatan 61 😴😍🎉🤚❗️❗️❗️❗️❗️❗️🤩🌻🌻🌻
@lvcsncm,2024-07-14 14:32,"sama, demi mpkmb aja ini"
@nisnoot,2024-07-14 14:20,"ril, hp sy didedikasikan ntuk mpkmb!!"
@zuppasovp,2024-07-14 14:16,eh ini grup mpkmb banyak banget
@thughlk,2024-07-14 14:16,dii ig mpkmb storee
@ninnamorolls,2024-07-14 14:08,"coba liat ig mpkmb raa, ntar ada link gform"
@bucinnyatuku,2024-07-14 14:03,tanggal2 segini pas taun lalu lagi sibuk2nya ngerjain tugas pra mpkmb😓aslii gamau ngulang lagi masa2 itu hahahaha
@bleu3marin3,2024-07-14 14:01,"holaaaa, let’s be mutualsss pleasee sy takut clingak clinguk pas mpkmb 🥺🥺🫵🏼🫵🏼"
@chocrattes,2024-07-14 13:43,"IYAA SPONSOR NYA KEREN BANGET SAMPE BISA NGASIH SUNSCREEN KE MPKMB 
GATAU YA TAHUN INI"
@chocrattes,2024-07-14 13:38,kalo tahun lalu mah dikasih sunscreen gratis pas mpkmb 😋😋😋😋😋😋😋😋 gatau tahun ini
@4thocyeanic,2024-07-14 13:33,Temen temen Pas MPKMB butuh lanyard kah ?
@drrnmp,2024-07-14 13:20,Sumpah mpkmb juga sama cuyy🤭🫂✨
@bilqistazaleas,2024-07-14 13:16,siap membantai mpkmb 61
@oceanometri,2024-07-14 13:14,Oalaaa oke kamu berarti pesan di MPKMB store ya ilaa ?
@partaer,2024-07-14 12:48,literally aku mantengin twt wa line tele buat nyari info mpkmb.....
@itscorbryn,2024-07-14 12:45,Mpkmb store adain catering buat non asrama dong😓😓😓
@oceanometri,2024-07-14 12:45,"Hahaha, kecap bukan yang enak banget, tapi jadi enak kalau match sama makanan tertentu nauraaa.
Oh yaa, btw nauu kamu kmrin PO jaslab lewat MPKMB store ya ? Ada masuk grup gitu gak sih setelah payment ?"
@jsmtchu,2024-07-14 12:40,mpkmb cepet lah berlalu agar aku bisa memasang kembali foto cowokuu😭😭🙏🙏🙏
@oceanometri,2024-07-14 12:39,"Guys, kalian yang udah PO jaslab di MPKMB STORE, nanti jaslabnya ambil dimana ??"
@s5olitude,2024-07-14 12:31,eh terharu bgt liat foto panit mpkmb 61 huheushueheue kangen banget lg @ komdis 60 kiw
@sapwwann,2024-07-14 12:16,"jedag jedug tiktok muka pasca mpkmb gapapa dah, yg ini ngga dulu"
@sugaipb,2024-07-14 12:10,Worth it buat mpkmb naff
@muztardketchup,2024-07-14 11:46,bekel mpkmb ditentuin lauknya apa bebas siihh
@adisadise,2024-07-14 11:34,Ini mpkmb yang ke brp bang?
@bbylu0,2024-07-14 11:30,Fak gua pengen bgt ikut mpkmb dramaga ancirt
@boojaymey,2024-07-14 11:24,wiii haii aidaa!! see u di mpkmb sv ipb satu kelompok 🤩
@flownyl,2024-07-14 10:48,hmcc minta gantinya nanti sekalian po perlengkapan mpkmb aja sptnya
@llyyytn,2024-07-14 10:42,Mpkmb store
@haoipebe,2024-07-14 10:40,mpkmb store rennn
@cipOlsit3,2024-07-14 09:51,OWWW YEYYYY HAI TEMAN SEKELOMPOK
@cattoino,2024-07-14 09:48,kangen mpkmb kocakkk sangat memorable apalagi hari pas pake baju brathasena
@ewinism,2024-07-14 09:23,mau dong mutualan sama maba ipb 61 😔😔😔😔😔 biar pas mpkmb aku ga planga plongo
@gongbucap,2024-07-14 09:13,Guys info pre order media rekor mpkmb udah bisa pesen belumm
@fratlouv,2024-07-14 08:59,tp kita ga satu kelompokk wrwrwrw nnti kl ktmu ak sksd pas mpkmb aj hwhehwhwhw
@d1radeera,2024-07-14 08:55,"FR! buaat anak 61 jangan takut gapunya temennn, asal kalian mau berbaurr pasti dapet yang klop dan bisa jadi pengganti keluarga di perantauan! percaya deh mpkmb se seruu ituu, malah pas ppku ngerasa pengen ospek ajaa!!! no tegang-tegang dan banyak gs yang kerennn!🥹💗🫵🏻"
@maumakanpawon,2024-07-14 08:46,"Ehh anak 61 baru ketemu yaa sama temen klp kecilnya??? Aaaaa jdi inget masa2 mpkmb hehe. Gw juga dlu se clueless itu nyari temen awal2 tp look at this! Kami baru kenal 2 mingguan tp akrabnya smpe sekrang wkwkwkw. 

Semoga tmn klp kalian asik2 yaaaa"
@onawear2,2024-07-14 08:22,"mau off x dulu selama mpkmb, karena gw yakin pasti medsos gw adalah incaran empuk"
@arzhitect,2024-07-14 07:45,iya ini mkst nya apa yh ada omb ada mpkmb
@ygmuliaparis,2024-07-14 07:31,mpkmb nitter.net/i/spaces/1eaKbabNlvZxX
@defnotfbyy,2024-07-14 06:52,barang yg wajib ada pas mpkmb selain pakaian apa plis😭
@kamilmfeb_,2024-07-14 06:31,zoom kayak penjelasan buat nanti rangkaian mpkmb
@rutoipb,2024-07-14 05:54,"eh ak blm mempersiapkan apapun buat mpkmb bejir, kecuali mental dan jiwa yang sehat 😪✋🏻"
@boojaymey,2024-07-14 05:42,EH KAMU JGA? WOKEEHH SEE U DI MPKMB SV IPB GUYS 🤩🤩🤩
@itadoowri,2024-07-14 05:28,"Po rekor udahh, di ig nya mpkmb deh"
@1OM0NTHSLOVE,2024-07-14 04:53,bersemangat buat mpkmb TAPI GAMAU CEPET CEPET KARENA BENTAR LAGI PINDAH KE BOGORR??
@eveschew,2024-07-14 04:49,Mpkmb store bakal open po buat kebutuhan ospek kan kayak tahun kemarin...???? Aku mau beli di sana aja gmw cari lagi... 😭😭😭😭
@cinamownroll,2024-07-14 04:44,flashback mpkmb ginii jdiee nya
@KimMeinjeong,2024-07-14 04:41,"sailendra udah dari pagi tadii, kk nya juga sekalian lagi ada acara persiapan mpkmb"
@tooyies,2024-07-14 04:04,haloow aku jmp jugaa dannkita sekelompok mpkmb 🙌🏻
@nanabitna,2024-07-14 03:54,"Ooh gt ya, btw semangat mpkmb nya ya sobat nara🐺"
@nanabitna,2024-07-14 03:41,"Ohh kamu dr sv, salam kenal ya👋🏻👋🏻 eh tp tahun ini mpkmb day 1 ke dramaga gk? Soalnya kalo gk salah tahun kemarin day 1 nya ikut di dramaga"
@grazzzeeeee,2024-07-14 03:37,"di ig mpkmb tuu, ada linknyaa"
@hifaloof,2024-07-14 02:55,BUSET INI BUAT MPKMB BLEH KLI YA NNTI WKWKWK
@xz_dira,2024-07-14 02:02,hai jia kita 1 kelompok🤩
@iheartnoya,2024-07-14 01:52,CAKEP BANGET ANJREEEETTTSBSJWKEHEHENDVDHEK MANTEP POLL MEMBUAT AK MENGIKUTI MPKMB INI DENGAN SEMANGAT KUAT SEHAT DAMI HUFT HAH LEEHAN RIWOO MAJU MAJU MAJU!!!!!!$$$ 👟👟⭐️⭐️⭐️😘😘😘🔥🔥😅😅❤️❤️💕🤍🐠🪼🪼🤍😩😱👟😊
@hanillyy,2024-07-14 01:34,ni pra + mpkmb harus bangun jam 3 kah🤡🤡
@mpkmbsv_ipb,2024-07-14 01:26,Absen dulu kalian kelompok mana aja🫣☝️
@probablysul,2024-07-14 01:22,perasaan baru mpkmb gua
@xx44nr,2024-07-13 23:42,"yahh beda, aku niskala.. but issoke, sampai jumpa di mpkmb livv!!"
@jenoskhb,2024-07-13 23:32,"lumayan banyakk, kenalan sm kakak pj skhb, penyampaian buat bikin makrab sblm mpkmb, time management antara akademik dan ukm/organisasi, trs ada qna sama games juga, trs foto brg deh"
@ershaake,2024-07-13 22:50,"gamau haji t, maunya windut"
@Lippaaa02_,2024-07-13 22:26,"bingunggg, mpkmb nya pagi banget nau:("
@cipOlsit3,2024-07-13 18:17,draining banget kalo udah gini
@ygmuliaparis,2024-07-13 17:40,ini bkn nama kelompok sedang mpkmb kan
@keliskae,2024-07-13 17:09,absen yang dapet gajendra sapaaaa?????
@gudpwipel,2024-07-13 17:00,Ini pas mpkmb kalo kenalan pake username aja kali ya
@onawear2,2024-07-13 16:54,otak ku sedsng menyusun fake skenario saat mpkmb
@onawear2,2024-07-13 16:53,"buat kamal di masa depan (saat mpkmb)

kamu kalau gada yang ngajak fotbar yah gapapa, langsung aja ke danau terus teriak 

“myeah”"
@onawear2,2024-07-13 16:51,gw takut gada temen pas mpkmb dah
@retothecell,2024-07-13 16:51,BUAKAKAKA mang mpkmb bole dri?
@onawear2,2024-07-13 16:48,"demi pisang yg tumbuh, selama mpkmb gw mau menikmati masa itu sebagai seorang calon mahasiswa muda yg pasif dan kampung serta banyak diem"
@levanaon,2024-07-13 16:37,tmn2 yg kukenal gada yg sekelompok mpkmb ☹️💔
@ygmuliaparis,2024-07-13 16:35,"gw mikir kl nama klompok mpkmb cocok kli ya dijadiin referensi nama anak, punya anak 5 namanya adikara, gajendra, rasendra, kastara, mahagra"
@fairrymoon,2024-07-13 16:22,jir hap beneran mpkmb lg siah
@vonsvaroli,2024-07-13 16:18,see u mpkmb caya lets get along yaa 😍
@wirangga22,2024-07-13 16:17,"weekly mode (mpkmb sarjana & mpkmb sarjana terapan)

sehat-sehat tulang punggung."
@kal0psie,2024-07-13 16:15,mpkmb pun tau aku greenflag makanya di taro di kastara😋🏹💚
@OweeSan,2024-07-13 16:12,"SUKAK NIHH SEMANGATNYAA

See you di hari H MPKMB yaaa🐺🫶🏻🩶 
#serigalaituabuabu"
@architectuvre,2024-07-13 16:07,pas mpkmb ak mau bawa es batu
@ygmuliaparis,2024-07-13 16:06,kak sharing pas mpkmb dlu dong
@thejourneyofsha,2024-07-13 15:54,"ngga pulang😓bener” mereka disana buat siapin kalian, nih btw kostmate aku jd pjk mpkmb"
@mypolcaone,2024-07-13 15:47,oalah td rame pd pke baju item putih panitia mpkmb toh
@dlacorfiles,2024-07-13 15:35,"kelompok sedang untuk mpkmb ipb nas, sebelumnya ada kelompok besar yg dibagi lagi jadi beberapa kelompok sedang dan ini sub-name dari kelompok sedang itu ☝🏻☝🏻"
@fleyura,2024-07-13 15:16,eh tb” bgt sih kepikiran pargoy pas mpkmb anjir tolil
@infctee,2024-07-13 15:13,ASIK NAF 😆😆 nanti kita have fun brg pas mpkmb ya!
@xchiggarates,2024-07-13 15:12,gloomy ngeliat kampus ipebe itu sdh bagi kelompok mpkmb
@senamseribu,2024-07-13 15:09,"HAAAIIII shilhy salam kenal aku Grace!!!! aku liat"" dari ikk yah..... SEMOGA KT AKRAB YAAHHH NANTI waktu mpkmb 🥹🥹🥹"
@syluuss,2024-07-13 15:09,🙂‍↔️🙂‍↔️🙂‍↔️ aku siap mpkmb kk pls
@wuggienism,2024-07-13 15:03,anw mutualan ig yuk??????? biar bisa nge hype bareng pas mpkmb nanti😋💗 drop usn kalian yaaa nanti ak followwww
@KAZOUCARANOMIYA,2024-07-13 14:54,ya allah ini knp logo mpkmb kek logo coc anjrit😭😭😭
@palsaid20,2024-07-13 14:52,"nih kaka"" panitia mpkmb dapet referensinya darimana sihh, kok bisa aja bikin nama grup yang estetik"" semuaa"
@cipOlsit3,2024-07-13 14:43,flop bgt X ak skrg mentang mentang dh lma gk join X
@ndreyyaea,2024-07-13 14:41,ADIKARA KECE ABIS🔥📢
@ipbamkaming,2024-07-13 14:40,Selamat datang di Keluarga Mahagra yaa 🐺😍 Mari kita hebohkan Mpkmb itu🫵
@dishayangkamuu,2024-07-13 14:39,pengen catering malem pas mpkmb tapi kureng suka makanannya😞 lebih suka yg pagi tapi ak mw nyiapin roti + susu
@jiseokbogor,2024-07-13 14:33,AYOOOO WKWKWKWK PLIS HARUS BGT SAPA SAPAAN NANTI PAS MPKMB INI MAH 🫵🫵🫵
@qiissuutt,2024-07-13 14:25,"IHIYYY, kelompok kecilnya juga sama kah?, btw dari fakultas apaaaa🤩"
@cipOlsit3,2024-07-13 14:17,"logo besar x mna yh, mw pamer nieh😣✌🏻"
@OweeSan,2024-07-13 14:16,"SEE YOU DI HARI H YAAA, KITA GETARKAN MPKMB OKAAYYY🐺🩶"
@vannotegar25,2024-07-13 14:16,Kalo ada yg sama kelompok mpkmb nya sini kumpul dah!!!
@pyoouw,2024-07-13 14:14,puas puasin nonton drakor before digempur mpkmb😦🫵🏻
@cipOlsit3,2024-07-13 14:09,IYAAA SAMAAA HHIIHIH
@cipOlsit3,2024-07-13 14:09,AAAA MRI MUTUALAAANNNNN
@cipOlsit3,2024-07-13 14:02,"KLO ADA YANG SAMA PLS ANGKUT AK😣☝🏻
besar : bimantara agniarsa
sedang : agniarsa danadipta"
@hnbecool,2024-07-13 13:58,"tl penuh dengan maba😀 
semangatt mpkmb🙌🏻"
@cipOlsit3,2024-07-13 13:55,cung yang dapet agniarsa danadipta☝🏻☝🏻
@cipOlsit3,2024-07-13 13:47,HELP HELP gd yg ak knal di klompok ak gmn domk😣😣
@cipOlsit3,2024-07-13 13:45,OKEI OKEI!!
@cipOlsit3,2024-07-13 13:45,oalahhh okkeii makasihh infonyaa!!
@findrawat,2024-07-13 13:30,Di ig mpkmb yaa
@fleyura,2024-07-13 13:29,guys ak dah masuk kelompok sedang mpkmb ow yeahhh gak iri lg ahahahayyyy
@ataa134,2024-07-13 13:28,SALAM KENAL JUGA ARIINNN!! kapan kapan kalo ada tugas mpkmb kita ngerjain bareng yaaa!! 😆😆
@grscpk,2024-07-13 13:24,sorry ui ak jdinya ikut mpkmb
@jenoskhb,2024-07-13 13:19,kelompok besar buat mpkmb ipb kakk
@llyyytn,2024-07-13 13:15,SIAP MENYALA NYALA DI MPKMB 😋☝🏻
@0nlychao,2024-07-13 13:13,seru bgt liat anak 61 excited mpkmb ((sambil stress osfak osjur))
@only4bre3,2024-07-13 13:13,"iniii buatt kelompok mpkmb nanti, adaa 3 bagian (besar, sedang, dan kecil) tapii yang sudah di info baru besar dan sedang"
@tyalitha,2024-07-13 13:11,"kelompok mpkmb, pasti kamu belum cek punyamu yaaa"
@maicuuuuu_,2024-07-13 13:09,eh takut mpkmb
@findrawat,2024-07-13 13:03,Itu nama kelompok besar buat mpkmb ipb yaa
@yuwrirawr,2024-07-13 13:00,OMG HARI HARI MENUJU MPKMB 😆😆🥺🥺🥹🥹
@woopyfloopy,2024-07-13 12:59,MAHAGRAAAA!!!!
@cipOlsit3,2024-07-13 12:55,OHH OKEII tapi tar yang sv juga bakal ada kan pengumumannya??
@175piwwww,2024-07-13 12:54,MAHAGRAAA🐺🐺🐺
@jeliitAAAAA,2024-07-13 12:53,KOK IG MPKMB SV BLOM ADAA
@partaer,2024-07-13 12:52,"ini kelompok buat mpkmb nanti, ada kelompok besar, sedang, kecil. sv nanti ada juga ko kelompoknya tp beda kelompok sama yg di dramaga"
@qiissuutt,2024-07-13 12:41,siapa yang dapet kelompok sedangnyanya mandhala kinabalu kelompok besarnya bimantara mahagra😁☝🏻
@sapwwann,2024-07-13 12:39,kocak ketemu temen SMP di mpkmb ✨
@MPKMB_IPB,2024-07-13 12:38,"haaloo sobat nara!👋🏻
siapa yg udah cek pembagian kelompok besarrr?? ⁉️🙋🏻‍♀️🙋🏻‍♀️ kalian masuk kelompok besar apaa nii??🫣 komen dibawah yaa!!! 

Yang belum, jangan lupa buat check di sinii yaa

instagram.com/p/C9XGrJlvl_Q/…

Sampai bertemu di MPKMB IPB 61 ‼️🙌🏻

#miminsyngnarapatibimantara"
@rektoripb,2024-07-13 12:36,PANITIA MPKMB TOLONG UNDANG KAK GEM DONG BIAR DIKASI 🔥PAHAM🔥
@lsfhtpgg,2024-07-13 12:36,"dekoran mpkmb, nnti byk dan keren 
janlup foto ya"
@ktaerev,2024-07-13 12:34,TAKUTTT BGTTT UDH SEMAKIN DEKAT MPKMB...
@etdahwkwk,2024-07-13 12:27,AAAA aku anurakti 😭 OKLAH SEE YOU PAS MPKMB YAHhhh
@cipOlsit3,2024-07-13 12:21,PLSSS bsa tlong jelasin gakk maksut grup besar nya tu apaa?? emg buat anak s1 ajaa kahh??😣😣😣 agak panik tadi pas nyari nim kok gadaa😣😣
@bleuutterfly,2024-07-13 11:58,kalo ga masuk kelompok mpkmb besar boleh muncul jg gk 🥺
@wirangga22,2024-07-13 11:57,garda adhikarya kak (mpkmb 53)🙏
@bleuutterfly,2024-07-13 11:57,yuk kt gabung mpkmb dramaga
@bleuutterfly,2024-07-13 11:56,absen anak sv yg sdih mlihat tl isinya kelompok mpkmb 💔
@lerclee,2024-07-13 11:53,sudahhh ada di ig mpkmb
@ipbamkaming,2024-07-13 11:52,"Jangan lupa check namamu di Kelompok Besar ya Narapati Bimantara batch 1! Ayo check di Instagram MPKMB ya!

Selamat datang kepada Kesatria Mahagra Batch 1! Selamat menjadi bagian dari keluarga Mahagra!😍🐺"
@krasavioy,2024-07-13 11:51,kelompok mpkmb
@amabver,2024-07-13 11:48,PLS INI ADA YANG KELOMPOK SEDANG MPKMB MANDHALA KHAKANDA TIDAK????
@cipOlsit3,2024-07-13 11:42,msih gk pham sm 6 besar nama kelompok sv…
@aneversez,2024-07-13 11:42,wdyt tentang pembagian kelompok mpkmb? ☺☺ @grapestra
@llyyytn,2024-07-13 11:36,SIAPA YANG KELOMPOK SEDANG MPKMB NYA RAGNALA DAN KELOMPOK BESAR NYA GAJENDRA??? AYOOO BERTEMAN
@sugaipb,2024-07-13 11:32,Cek buruan ig mpkmb gess
@grazzzeeeee,2024-07-13 11:28,CEK IG MPKMB CEPETAN
@inversmatrix,2024-07-13 11:28,"dapetnya si biru ini!!!
check ig mpkmb guyss!!"
@eveschew,2024-07-13 11:27,IG MPKMB
@akuraditt,2024-07-13 11:25,Selamat menikmati mpkmb
@frosstymint,2024-07-13 11:07,gw setelah melihat sop mpkmb 2023 bilek:
@gogoiesh,2024-07-13 10:53,bntr lagi mpkmb pls gatau udah siap apa belum
@tthelovelybeast,2024-07-13 10:35,"duh sebenernya deg deg an banget sama mpkmb nanti, but i'll do my best 😉"
@imjoychaa,2024-07-13 09:28,"dlem hati gw: enih mpkmb aj blm mulai nih, belom lagi ntar kkn skripsian sidang dan kawan kawanya itu bjirrlahh"
@coupernicium,2024-07-13 09:27,IYA YA masalah aj gk mikirin kita ngapain kita mikirin dia😔😔😔😔 TP MPKMB WIWJSJSYSJAAYAJ GABISA
@drrnmp,2024-07-13 09:24,"Blm cuy, apalagi seputar mpkmb nya huhuhuh"
@riveeryoon,2024-07-13 09:04,"kalo udah banyak pikiran aku bakalan bilang ke diriku ""ngapain aku mikirin masalah, masalah aja ga mikirin aku"". TAPI KARENA MPKMB AKU GA BISA TERAPIN PRINSIP INI 😓☝️"
@shigatsuww,2024-07-13 08:55,egk tau... tadi ada yg lewat anak fateta lagi nonton live ohc nya katanya perlengkapan mpkmb tgl 21 nangis dikit🥲😞
@phxitae,2024-07-13 08:48,ADIKARAAA😗
@gsukapdez,2024-07-13 08:32,jujur ini keren bgt gatau kenapa omaygat lov u mpkmb ipb 61😘
@shigatsuww,2024-07-13 08:30,hah emang iya gusy perlengkapan mpkmb baru dikasih tau tgl 21???? pls tgl 21 aku pindahan ke kost🥲🥲😭 kukira tanggal 15 plis.... kenapa sih...
@inversmatrix,2024-07-13 07:53,"interaktif banget OHC-nya. panik dikit karena perlengkapan mpkmb baru dikasih tau tanggal 21, padahal gue pindahan tanggal 20...
semoga gak aneh aneh plssss"
@tehmaniskrimer,2024-07-13 07:05,eh pls bolehin mpkmb pake sepatu tdk bertali
@alotofjahe,2024-07-13 06:55,"Real😭🫵 ditaro di tiktok, karena cakep langsung viral. Ntar pas mpkmb orang-orang pada senggol-senggol, ""Eh itu kan yang like tiktoknya 1M."" 😭😭😭"
@chalkszone,2024-07-13 06:14,masih berharap mpkmb tb tb boleh makeup asal gak over 😞💔
@shao_belajar,2024-07-13 06:08,"- Kelompok besar untuk vokasi dan sarjana itu berbeda ya, tadi dispill satu yaitu Bimantara mahitala
- Untuk tema teman vokasi sukabumi kegiatan mpkmb diadakan 5&6 namun di tanggal 7 masih ada kegiatan ormawa expo yang diharapkan teman teman vokasi sukabumi bisa bergabung"
@shao_belajar,2024-07-13 06:05,"beberapa poin penting yang didapatkan dari live mpkmbsv_ipb dan sekolahvokasiipb
- Ketentuan mpkmb dalam berpakaian belum diberitahu namun bisa menyesuaikan dengan SOP SV IPB
- Kick off merupakan pembukaan pra-mpkmb dan kuliah umum gabungan progam sarjana dan sarjana terapan"
@roseshaze,2024-07-13 06:03,guys nama kelompok mpkmb sv tadi di spill satuuu 🫢
@manggowish,2024-07-13 05:56,MPKMB SV ADA KELOMPOK BESAR JUGA OMG😭
@krasavioy,2024-07-13 05:49,2 hari menuju kick off mpkmb
@shof1ald,2024-07-13 05:19,cie cie bentar lagi MPKMB cieee
@rutoipb,2024-07-13 04:39,"all i need is KELOMPOK YG BAGEURRR YG SOLIDD SELAMA MPKMB, alias kasbainw gua tkt bgt bjrottt 😭😭😭"
@ljnpey,2024-07-13 04:28,panduan mpkmb yang sarjana sama vokasi sama ga si
@saysikenow05,2024-07-13 04:13,Mpkmb boleh pake boots ga ya....
@Sutankahsutan,2024-07-13 04:09,Tugas terakhir MPKMB nyelesain dungeon diiringi lagu kampus terbaik 😎
@dokcing,2024-07-13 03:47,mpkmb undang enhypen
@rubydochi,2024-07-13 03:27,alasan w dulu pengen banget lolos IPB soalnya lucu banget anjir kegiatan mpkmb nya😭😭😭
@ciggaretesnt_,2024-07-13 02:38,"seru bgt jujur liburan kali ini as panit mpkmb, gak kerasa homesick sama sekaliii"
@crowuds,2024-07-13 02:24,nama kelompok besar mpkmb kalau jadi orang udah gua pacarin
@geobukigonuk,2024-07-13 02:19,"Deg deg an bgt, g sbar mpkmb"
@nvllrs,2024-07-13 02:03,mpkmb ipb nama namanya bagus bgt jirr
@ygmuliaparis,2024-07-13 01:59,"Ges mau tanya gw kan beli docmart tp trnyata gaboleh buat mpkmb, jd sepatu item gw sisa ini sepatu basket, kira2 aman ga ya ada merah2nya gini"
@shigatsuww,2024-07-13 01:43,kalian masi suka bangun siang ga si ges😔😔 smoga mpkmb ga kesiangan pls😔
@kamilmfeb_,2024-07-13 00:52,"Halo narapati bimantara, ayo kita mutualan biar nanti kita punya banyak temen buat nanti MPKMB huhu"
@sehatselaludir,2024-07-13 00:47,tebak²an rasendra bakal jadi anak bungsu lagi ga di mpkmb 61 sama kayak pramudya 😃😃😃😃😃😃😃
@naylastudy_,2024-07-13 00:45,"kalau melihat makhluk ini saat mpkmb tlong disapa ges, di sksd in aja gpp, mmf org nya mmang butuh dipancing dlu baru mw ngomong😭"
@sukabaksobgt,2024-07-13 00:32,GAJENDRA❤️🔥
@jenoskhb,2024-07-13 00:32,siappp kakk
@uchagiw,2024-07-13 00:00,"klo niki gs mpkmb, gw akan cosplay jdi pak arif"
@brumerbloom,2024-07-12 23:57,KASTARA CANTIK BANGEET🫵🤯
@cemumsky,2024-07-12 22:58,"cerita dikit, audit fem beneran  semembekas itu. Agen rahasia belajar banyak di audit fem pas MPKMB 58. Naik tingkat 2, aku erland rapip masuk fase pulang ke rumah. Belajar bnyk lagi di OF. Saksi lah dl gimana kita sama2 saling support buat jd versi terbaik dari diri kita."
@w00tch44,2024-07-12 22:20,"apa bgt tl gue isinya mpkmb ipb61, kan gue di tolak ipb hngggg"
@yujimib,2024-07-12 20:31,Huhuhuu mau bgt ke adikara
@only4bre3,2024-07-12 19:50,"mana aja dah min, yg penting ok🤗😉"
@jjjiyaa,2024-07-12 18:30,ralat (mpkmb)
@g0dzSake,2024-07-12 18:07,dadah ipb dadah narapati bimantara dadah mpkmb
@jen0bekasi,2024-07-12 18:06,"1000/10 keterima mpkmb as my first experiences di ipb (keluar de zona nyaman), setelah ditolak sekali sama ukm 🤡🤡🤡 love u mpkmb, love u lapang, love u medis, love u psdm, love u oll"
@simallun,2024-07-12 17:50,plis 61' yang mutualan ama gw atau lewat tl kalian apakah aku boleh menginap bareng takut bangun kesiangan pas mpkmb d😔🙏🏻 (cowo only & pas mpkmd doang) #ipb #mpkmb #NarapatiBimantara
@jen0bekasi,2024-07-12 17:50,"-986418281818/10 diputusin pas rekor mpkmb, bangsat wkaksjamjsnqka tolol fase yggk mau gue ulangin cukup sekali seumur hidup"
@jen0bekasi,2024-07-12 17:47,"8/10 mpkmb seru, cape soalnya gue lg sakit"
@asavorynight,2024-07-12 17:46,hehe tukeran ye bang gua yang mpkmb skrg😄✌️
@jen0bekasi,2024-07-12 17:45,"-9836282/10, jajan sembarangan ps baru di bogor jadinya sakit, home sick, stress tugas mpkmb, excited sendirian sm hubungan ldr ppk"
@jjaldne,2024-07-12 17:38,adikara kereen parah!
@dumpiebuby,2024-07-12 17:20,narapati bimantara udah sampe mana persiapannya jadi maba? siapa yang siap join armada keren? 😋🌎💚 ikutin terus keseruan mpkmb sv 61 yesss
@DavyLava,2024-07-12 17:18,kacauuu inii kadiv pendanaan mpkmb 53
@shof1ald,2024-07-12 17:16,DITUNGGU YA!!!
@chocrattes,2024-07-12 16:54,"KANGEN BANGET INI KELOMPOK PERTAMAKU YG SUPPORT AKU JADI KETUA KELOMPOK BESAR MPKMB PLEASE 🥺🫰🏻
i lov wijaksana"
@breezingbloom,2024-07-12 16:52,semoga mpkmb guest star nya anolami brando
@palsaid20,2024-07-12 16:52,pls semoga mpkmb sv wlaupun cmn 2 hari tapi tetep bisa seru bgt nantinya🤲🏼
@jiseokbogor,2024-07-12 16:30,puncak mpkmb: diabsen bang windah
@mnyhyst,2024-07-12 16:25,"Pembagian kelompok mpkmb random gitu kahh sistemnyaaa
Ya Allah semoga aku satu kelompok sama temen SMP akuuu atau SMA juga gpp yg penting ada yg aku kenal dulu"
@jenoskhb,2024-07-12 16:16,"ituu logo dari kelompok besar mpkmb nantii rai, nanti kita bakal dimasukin ke salah satu kelompok besar ituu"
@abeleeya,2024-07-12 16:15,wahh panduan mpkmb udh adaa kah???
@retothecell,2024-07-12 16:13,Mau gw posting diary mpkmb gw di sini gk? Heheheheee
@urjiiinji,2024-07-12 16:13,"itu comday kayanya, tp gatau sama atau engga kaya mpkmb"
@picaleeo,2024-07-12 16:06,gajendraa pls trima akk
@picaleeo,2024-07-12 16:06,GAJENDRAAA
@vannotegar25,2024-07-12 16:05,aku tunggu di panggung mpkmb kak sasa🙌😆
@naruhiiko,2024-07-12 15:47,"😭😭😭 MISAL AJ ITUUU, kyk kmrn pas jadwal keluar dramaga mpkmb 5 hari sv 2 hari gt loch"
@crunoash,2024-07-12 15:46,"beberapa bulan lalu aku buat mama angkatan utk osm angkatan bawah, namanya nawasena ADIKARA dan tanpa sengaja salah satu nama kelompok besar di mpkmb ini ternyata bimantara ADIKARA.. aku pas ngeh kaya.. JIR KEBETULAN MACAM APA INI 😭"
@Strawberry29__,2024-07-12 15:42,MAHAGRA GAGAH PARAH
@kopibiang,2024-07-12 15:38,EH YANG MERAH GAGAH ABIS COK
@rayiinaa,2024-07-12 15:35,guys buat mpkmb rok nya kaya gmn ya.. udh ada yg punya blm..
@onawear2,2024-07-12 15:30,"demi sepotong sayur, gw semakin takut mpkmb dan sangat tidak sabar untuk hari itu"
@gularein,2024-07-12 15:26,sleep sched gue ancur selamaa libur ini gimanaa ya mpkmb pagi pagi buta😭😭😭😭😭😭
@rickyuph,2024-07-12 15:22,RASENDRA AILAFFF BIYUUU
@studieetime,2024-07-12 15:20,KANGEN MPKMB😭😭😭😭😭❤️❤️❤️❤️
@onawear2,2024-07-12 15:14,WAW TAKUT
@blossomshiinee,2024-07-12 15:12,Adikara ganteng bgt plis
@cakwesz,2024-07-12 15:10,MAHAGRAAKUU PALING GANTENG
@shigatsuww,2024-07-12 15:07,rasendra minnn😆
@jenoskhb,2024-07-12 15:07,bismillah headshot bimantara adikara 🔫
@shevakamila,2024-07-12 15:05,mpkmb sv sama s1 beda jauh apa ngga ya...
@MPKMB_IPB,2024-07-12 15:02,"MALAM SOBAT NARAAA UDAH PADA LIAT LOGO KELOMPOK BESAR BELUMMM???!? gagah” banget yaa mimin sampe jatuh cinta liatnya🗣️🤸🏻‍♀️🫨🫰🏻, btw sobat nara mau pada masuk kelompok besar yg mana nii??⚖️💎🔥🌳🤝🏼
#miminsyngnarapatibimantara"
@boomaryok,2024-07-12 15:00,"seyuyur-yuyurnya, gue lagi nyiapin mental + energi untuk mpkmb 😭😭😭"
@cevayen,2024-07-12 14:58,mpkmb sv kapann update ya
@kopibiang,2024-07-12 14:50,"mpkmb sebelum nya tuh tema nya burung dan sekarang tema nya kesatria, mana pada gagah gagah betul semuanya"
@shestarst,2024-07-12 14:34,"eh aku punya sop mpkmb sv yang tahun kemarin, siapa mau??"
@napatishappy,2024-07-12 14:32,"kelompok besar mpkmb namanya pada keren"" semua cuyy gimana nanti kelompok sedang sama kelompok kecilnya yaa 😦🤩"
@abonsopiw,2024-07-12 14:31,mpkmb 61 dengan ke he/him an-nya
@bbylu0,2024-07-12 14:13,Emg udh dibagi kah kel mpkmb??
@jitweetss,2024-07-12 14:12,klo sv ipb tuh cmn 2 hari ya mpkmb nya??
@zakien6,2024-07-12 14:09,Nyesel upload twibbon sekarang engagement nya kureng bgt ketutup MPKMB 😭😭😭😭😭😭😭😭😭😭😭😭😭😭😭😭😭😭😭
@sweetyrecord,2024-07-12 14:06,udah ada di ig mpkmb
@dCinnamoroll,2024-07-12 14:04,wowowowow keren bangettt logo dan nama kelompok besar mpkmb ⁉️💢
@Raersaaa,2024-07-12 14:01,ketakutan terbesar saat ini: takut ketinggalan info mpkmb..
@____sue_,2024-07-12 13:52,GACORRR TUKANG FEEDS IG MPKMB 🔥🔥🔥🔥 @djunpiew
@harutobeats,2024-07-12 13:52,"hai temen temen adikara, see you mpkmb nanti yaa!!!😽🤎👊🏻✨🫶🏻"
@Sutankahsutan,2024-07-12 13:50,Liat logo kelompok besar Bimantara gw jadi curiga last day MPKMB nanti battle royal di gladiator
@nisnoot,2024-07-12 13:50,adaaa di ignya mpkmb bebb
@gongbucap,2024-07-12 13:46,Kelompok besar mpkmb gaada yang mage kah? Aku gabisa marksman sm fighter😔
@dreamscapessal,2024-07-12 13:45,"WOWW INI LOGO SAMA FILOSOFI BUAT KELOMPOK BESAR MPKMB KERENN KEREN BANGET DEHHH, CAN'T WAITT!!!!!!"
@meijimeiu,2024-07-12 13:41,siapa yg uda liat reveal logo dan nama kelompok besar di ig mpkmb? 😋 OMG SANGATT MENYALAA GAK SABAR!!! 🔥🔥🔥🔥
@terebiologi,2024-07-12 13:38,"mpkmb ipb kren dah setiap kelompok dibikinin logo + nama yang keren abis, dan ga asal asal an juga karena ada makna yang ga kalah keren🤩"
@temansekelasaja,2024-07-12 13:36,Semoga ga ada diskriminasi lagi buat kelompok besar di mpkmb offline. (Masih gedeg sama Pramudya dari gw yg ganes)
@partaer,2024-07-12 13:36,kelompok mpkmb dibagi sesuai role masing masing di ml
@jiseokbogor,2024-07-12 13:31,gue baru sembuh sakit langsung disuguhin reveal logo sama nama kelompok besar mpkmb 😁😁😁
@stucktistika,2024-07-12 13:31,batik mpkmb ada syarat warna gak guyss
@preciousrrr,2024-07-12 13:30,KELOMPOK BESAR MPKMB UDAH ADA WOWOWOWO
@sugaipb,2024-07-12 13:28,Mpkmb udh dekat huebueheuh
@basyaasyah,2024-07-12 13:27,"emang gajelas, beruntunglah kalian yg gaada cmiwiw di mpkmb"
@jiseokbogor,2024-07-12 13:24,GOKIL REVEAL NAMA SAMA LOGO KELOMPOK BESAR MPKMB
@clairobogor,2024-07-12 13:23,KEREEEN BANGET LOGO KELOMPOK BESAR MPKMB 🥹🥹🥹
@macamtuulah,2024-07-12 13:23,GA SABAR MPKMB😭😭😭 BISMILLAH SERU BANGET BGT
@swarkasa,2024-07-12 13:22,eh takut... bentar lagi yh kita hhhhhhh blm siap menerjang kehidupan mpkmb dan pku itu
@361001fa,2024-07-12 13:18,ig mpkmb ☝🏻
@l0velyroese,2024-07-12 13:17,IG MPKMB
@knowhoos,2024-07-12 13:17,menerima semua penugasan pas MPKMB kecuali gambar ((mmohon))
@overbolden,2024-07-12 13:15,HAHHH NAMA KELOMPOKKK MPKMB
@hifaloof,2024-07-12 13:09,AAAAAAAA LOGO KELOMPOK BESAR SUDAH KELUAR AAAAAAAA KEREN BANGET AAAAAAA MPKMB AAAAAAAA
@H3YDEE_,2024-07-12 13:06,guis takut mpkmb (tp penasaran)
@zwvorz,2024-07-12 13:02,pls smg kelompok mpkmb ak seru pls takut bgt 😔😔😔
@grtppol,2024-07-12 12:45,Knp smwa orang di mpkmb punya cimimiw tapi ga jelas gituuuu??
@KimMeinjeong,2024-07-12 12:28,"kalo pas mpkmb nemu modelan gini berarti itu gue ya, panggil aja ICEL!"
@pipiah_,2024-07-12 12:27,"klo tugas mpkmb disuruh bikin video kegiatan di rmh, kegiatan ku dirmh kasih makan kucing, kasih makan ikan, dan nyiram tanaman
sudah sangat ipb sekalii rmhku inii, hewan ada tumbuhan ada🐈🐟🪴"
@saysikenow05,2024-07-12 12:10,Emang paling bener entar pas mpkmb aku fotocopy akte lahir untuk membuktikan kebenaran dari nama ku🥲
@rottenpeanutt,2024-07-12 12:03,"aneh njir, 

komdis dipost>viral>study twt 61 liatin>distalk twtnya> (""ih typingnya jamet & sok iye, sok2an galak pas mpkmb"") 😌😌"
@clairobogor,2024-07-12 11:59,coba tanya cermin mirror mirror on the wall siapakah yang cinlok sebelum mpkmb 😱😱
@asloveseems,2024-07-12 10:03,dia cuma butuh buat mpkmb huhu 😔😔 SUSAH SIH EMG MINGGUAN TUH YA ALLAH
@dinlouvre,2024-07-12 09:02,wish me luck hp ini kuat dengan segala dokumentasi mpkmb ipb itu.........
@shymfiony,2024-07-12 08:48,bolehkah mpkmb cewe duduk dikursi😔😔😔 my back pain will cry hysterically...😭😔💔
@shigatsuww,2024-07-12 08:22,iyaa kayaknya nanti beli lagi sih di online sambil nunggu grup kelompok mpkmb
@arzhitect,2024-07-12 08:11,jgn' alomani itu jd gs mpkmb ia fay
@arlrawrrr,2024-07-12 08:00,Bng windut g live sebulan ap gegara ikut mpkmb ia gusy
@ygmuliaparis,2024-07-12 07:55,"Gw yg org bogor(kabupaten) 18km ke ipb dgn motor, ospek numpang kos tmn smpe kelar mpkmb sisanya pp biar cuma kluar uang bensin"
@xx44nr,2024-07-12 07:50,"thankssss indriii, cu di mpkmb 💙"
@qariala,2024-07-12 07:32,tiba tiba takut mpkmb
@SAASH1MI,2024-07-12 07:01,tiba tiba twitterny rame sebelum mpkmb (7/10) ya ada minus plusnya lah ya
@zoupslurp,2024-07-12 05:39,"coba dicek kalendernya ini H- berapa MPKMB 61.

hindarin berurusan sama kita ya, narapati bimantara."
@get2know_wawa,2024-07-12 05:33,"7 habits, talent mapping, pra mpkmb, mpkmb, pasca mpkmb, proyeksi, ppku, please be nice to us maba '61 ya 🙏☺️"
@meteorhologi,2024-07-12 05:30,MPKMB nanti ada senam ngga? kalo ada sy mw maju paling depan 😇☝🏻
@O7JAE_,2024-07-12 04:45,"tapi kamuu harus tetep jaga kesehatan, soalnya kalau ada izin atau sakit waktu mpkmb ituu agak sulit (( ada tugas tersendiri dan harus nyertain surat izin atau sakitnya ))"
@sapimewing,2024-07-12 04:36,gue harus bersih-bersih memo sblm mpkmb
@barabarambis,2024-07-12 03:17,"Mpkmb tuh dari subuh iyaa, kalau ga salah jam 3-4an, nanti solat subuh di kampus. Keknya day 1/2 yang ada vokasi bakal macet (banget), kalau angkot pasti redi, gojekpun harusnya ada tpi perginya harus awaaaaal banget karna itu beribu mahasiswa rebutan 🥲"
@CestLaReves,2024-07-12 03:09,Ntar pas mpkmb tiati loh eek
@zenniemie,2024-07-12 02:43,smoga social anxiety ku tiba2 ilang pas mulai mpkmb
@mourfogenesis,2024-07-12 02:37,"HUHU takut salah soalnya kak, buat pra mpkmb 😩 oke kalo gitu kak terima kasih banyaaak, btw aku izin qrt yaaa soalnya ada beberapa temenku nanyain hal sama 🙆🏻‍♀️💗"
@elricadian,2024-07-12 02:29,pas mpkmb gw harus bangun jam berapa yah klo jam 3 aja katanya dah macet😖
@stabiloveu,2024-07-12 02:20,kaget dkit mpkmb mulainya jam 4 pagi.. kayanya dripda tkut kesiangan mnding gausah tdur deh😭😭
@findrawat,2024-07-12 02:16,Ini salah satu tugas pas mpkmb kah?
@dokcing,2024-07-12 02:11,apa beneran kita print profil twt kita biar pas mpkmb bisa jbjb muts
@jonguipb,2024-07-12 02:03,Kangen nyanyi jingle MPKMB di gww
@pangeranmimpin,2024-07-12 01:58,Iyaa betul daringg untuk info lebih jelas nanti kita bakalan ada zoom kick off mpkmb kann
@m1Om4O,2024-07-12 01:27,jir ternyata mpkmb online super enak
@Maul_f1,2024-07-11 23:31,Baru tau MPKMB bisa 2 sks. Realkah
@grazzzeeeee,2024-07-11 23:26,"mw naroh semua moment ((dari pindahan-mpkmb-pku-dept-sampe wisuda)) di yt, biar ga nyesel, soalnya selama SMA dokumentasinya ilang semua bejirr, padahal seseru ituu😭💔"
@kerlabu,2024-07-11 22:20,"Habis MPKMB udah dapet SKS dong, Kak? 🤭"
@IMANS20752,2024-07-11 21:54,"Menurutku mending cari yg bisa dipertanggungjawabkan sih, maybe Mpkmb store"
@strawberliyy,2024-07-11 19:46,"belajar bungkus pesanan, belajar ngedata pesanan olshop di sps, selesaiin convert mpkmb sama 7 habits, terus abis itu mikirin konsep video challenge buat beasiswa, apply 2 beasiswa ARGEHDHDHEJEJ APALAGI YA, SAKING BANYAKNYA GUE LUPAAA"
@mourfogenesis,2024-07-11 19:32,"KAAAK maaf mau nanya, pertanyaan receh sih. kan waktu pra mpkmb disuruh pakai celana training ya, itu celana trainingnya harus yang loose gitu ya kak? kalo kayak jogger atau sweatpants gitu boleh gak sih kak? huhu timaaci sebelumnyaaa <3"
@barabarambis,2024-07-11 17:57,"Gaboleh bawa motor/mobil ato kendaraan apapun pas mpkmb yaww, jd mostly naik angkot, jalan kaki, ojek, gocar, dst. Bahkan kalo bawa kendaraan paling nitip di kos temen yg deket trus lanjut jalan. Saran ak, di day awal, pergi awal/jalan aja karna MACET POLLL padahal masih jam 3 an"
@barabarambis,2024-07-11 17:51,"INI REYAL GAISSS ‼️ 61 Tiap nugas save lah hasil tugas kalian di folder yg bayk dn bnar jan ampe ilank buat bukti dokum. Mpkmb bisa di convert jdi 2 sks, 7 habits bsa di convert jdi 2 sks jgak. Lumayan itu 4 sks 😁☝️"
@adelawokaowk,2024-07-11 17:45,lah gaboleh tah kalau mpkmb? gen ask
@shymfiony,2024-07-11 17:34,ga bisa bayangin mpkmb tanpa liptint.....
@stabiloveu,2024-07-11 17:23,"halo izin bertanya, mpkmb tidak membawa kendaraan itu beneran gaboleh bawa kendaraan ya?"
@tehmaniskrimer,2024-07-11 17:22,mpkmb boleh bawa digicam gak (pls)
@cipOlsit3,2024-07-11 16:49,ow syit hiwigo egen
@lunaterraa_,2024-07-11 16:49,"otw smt satu mpkmb, otw smt tiga mpf mpd, otw smt lima jadi panitianya, otw smt tujuh kkn, never ending sampe lulus ipb wkwkkw😅"
@namjunnni,2024-07-11 16:35,cepet bgt deh udah mau mpkmb lagi aku kangen kelompok kecilku yang konyol itu
@onmyprogress,2024-07-11 16:19,"Pasca MPKMB 
merupakan rangkaian kegiatan yang bertujuan menguatkan materi dan muatan yang muatan yang telah didapat melalui pendalaman pada setiap cluster yang ada.
Agustus-Oktober"
@onmyprogress,2024-07-11 16:19,"Rangkaian Masa Perkenalan Kampus Mahasiswa Baru (MPKMB) IPB 
merupakan rangkaian perkenalan kampus yang terdiri dari berbagai macam muatan materi melalui serangkaian hari yang ada. MPKMB dilaksanakan secara ""daring"" bagi Mahasiswa Baru IPB.
5, 6, 7, 9, 10 Agustus 2024"
@onmyprogress,2024-07-11 16:19,"- Pra-MPKMB 
merupakan Rangkaian hari sebelum Masa Perkenalan Kampus Mahasiwa Baru (MPKMB) yang ditujukan sebagai simulasi dan persiapan mejelang Hari H MPKMB.
Sarjana: 2-3 Agustus"
@ygmuliaparis,2024-07-11 16:09,"sumpah na gw tktnya dimaz kebaperan dalem bgt, gw sayang tmn2 gw jd gamau mereka ke distract gini2an sblm mpkmb"
@dokcing,2024-07-11 16:05,eh pas mpkmb ajakin gw ngobrol yaaa....... anak sesocial anxiety ini berkelahi dgn ospek....
@niseyniss,2024-07-11 15:57,selama mpkmb bakal ngepost twibbon berapa kali yaa? satu kali aja pliss😔😔 ga punya foto
@nattenotflaw,2024-07-11 15:43,Sdih banget aku hani nanti gak ada yg nemenin masa2 mpkmb klo windut gak live 😔
@kylanira,2024-07-11 15:38,eh ini nasibku gimana....kalo pra mpkmb tanggal 2-3 tapi kosnya baru bisa di isi tanggal 4😭😭
@cutiespizza,2024-07-11 15:37,kangen.. juga.. aku kangen kalian.. kangen mpkmb.. kangen main... 🥹😔😭
@onawear2,2024-07-11 14:57,duit aku sisa gocap sedangkan harus bertahan sampai mpkmb.. atuh mending pulang
@milktearaa,2024-07-11 14:52,"kalo tas dan binder masih ada bs dipake dulu, mending beli perlengkapan mpkmb. BTW RA KM BELI BINDERNYA A5 ATAU B5 aku lg survey"
@tehmaniskrimer,2024-07-11 14:51,ini kalo mpkmb sepatunya bnrn wajib tali gua beneran gila
@knowhoos,2024-07-11 14:49,gais mending beli binder + tas dulu atau nunggu SOP MPKMB dulu buat beli perlengkapannya yh
@unsurkejhu,2024-07-11 14:49,"Siapa sangka akhirnya datang hari dimana gue ga ke trigger denger “mpkmb”🤭🤭🤭 iya soalnya keganti sama trauma yang lebih besar

- art commission 
- faperta
- jepitan bintang
- rambut pirang
- jaket kuning
- arl arl arl arl arl
- 🔥🦅🔥🦅🔥🦅"
@rayiinaa,2024-07-11 14:40,smoga mpkmb sekelompok sama yg udh gw kenal nanti at least satu aja gpp☺️
@hecseungg,2024-07-11 14:38,Alo! Mangat mpkmb nyaa😍
@clairobogor,2024-07-11 14:31,sebelum mpkmb aku harus bersihin storage dulu
@ygmuliaparis,2024-07-11 14:23,"gw malah beli docmart anjj(ga baca sop dl), bismillah ga jd masalah pas mpkmb"
@milktearaa,2024-07-11 14:19,OY SAHABAT 👭🫂 jadwal kita habis mpkmb adalah nonton windut streaming ia
@rektoripb,2024-07-11 14:06,"ngetawain ini, ngebayangin kalo mpkmb kayak gini gmn yh😭😭😭😭😭😭😭😭😭😭😭😭"
@cipOlsit3,2024-07-11 13:43,kira kira sertif ukbi bakal cepet gk yh dapetnya😣
@nainailand,2024-07-11 13:42,ga sabar mpkmb tapi takut tugasnya juga AaAaaaaaAA
@cipOlsit3,2024-07-11 13:41,ADA APA NIH
@vannotegar25,2024-07-11 13:39,"ready mpkmb, tp ga ready tgs nya min😁"
@findrawat,2024-07-11 13:36,"Mau nanya dong, kalau pas mpkmb pake sabuk ini boleh ga ya?"
@gumohwo,2024-07-11 13:25,eh kalo pas mpkmb ada cewe kacamata sokab jangan illfeel ya 🥲🥲🥲🥲
@mpkmbsv_ipb,2024-07-11 13:19,Kamu mau diabsen kah?
@gumohwo,2024-07-11 13:09,AYO BGT bismillah mpkmb ngundangnya rc 🤲🏻🤲🏻🤲🏻
@actboii,2024-07-11 13:08,katanya niki gs mpkmb??
@chaviivaa,2024-07-11 13:01,ygg punya recommend sepatu hitamm buat mpkmb tp yg bisa dipake gym sama larii spill pelis
@chaviivaa,2024-07-11 12:55,tampung gue ya ca kalo sampe mpkmb belom dapet😊
@fleyura,2024-07-11 12:48,jir 2 minggu lg mpkmb tp ak nungguin kapan ambil almet oi oi
@adipnphys,2024-07-11 12:47,paling banyak tuh buat sg setiap rundown mpkmb di first sampe spam trus buat highlight
@vannotegar25,2024-07-11 12:37,"BENER BNGT😭😭😭, sumpah di twit akrab bangt tp nanti pas mpkmb ga kenal orangnya😭"
@rickyuph,2024-07-11 12:19,"hHhhhh gw akan sokap nanti pas mpkmb, pls sokapin gw nanti pls🥺🥺🥺 apalah introvert ntuh gw akan TROBOSSSSSSS HAHAYYY SOKAP NI BOS ((aslinya takut)) sokapin gw juga biar gw ga malu pls😭🤤😭🤤😭🤤"
@mpkmbsv_ipb,2024-07-11 12:09,"Selamat malam Narapati Bimantara, mimin mau tes ombak dulu🌊👀"
@Maul_f1,2024-07-11 12:05,Dah ada emang panduan penugasan mpkmb nya?
@anannd1ta,2024-07-11 12:01,"aku harus menghilangkan jiwa introvert ini pas mpkmb, biar punya temen🙂‍↕️"
@Imiijinno,2024-07-11 11:51,"Yang harus disiapin buat mpkmb ipb apa plis🥲 kek masih shock banget 

Nyari kost an belum, nyiapin barang belum, panikkk😭😭😭"
@iheartnoya,2024-07-11 11:38,kalo ini soal mpkmb i got your back hawa buat mengamuk
@milktearaa,2024-07-11 11:17,1-6 agt itu udah pra mpkmb + mpkmb nya hwhejehwh
@cumlaaude,2024-07-11 11:15,KM MPKMB TGL BRPP JE
@scbxj,2024-07-11 11:09,mpkmb ipb nanti post twibbon brp kali ya?
@meijimeiu,2024-07-11 11:07,sp yg uda mulai nyicil buat mpkmb nnti???
@mourfogenesis,2024-07-11 10:52,iyah sepertinya buat pra mpkmb
@overbolden,2024-07-11 10:41,jadi nya pra mpkmb tanggal brp sih gais
@palsaid20,2024-07-11 10:25,"sdikit iri dngan yg di dramaga dapet mpkmb nya 5 hari, tp seneng jg si ga lama"" di ospeknya"
@commstood,2024-07-11 10:16,pra mpkmb itu online apa offline
@mourfogenesis,2024-07-11 10:13,celana training buat mpkmb tuh yang loose gitu kah? kalo kayak sweatpants boleh gak sih
@niseyniss,2024-07-11 10:01,iyaa😔😔 tp kegiatan utama mpkmb mulai di bulan Agustus
@grscpk,2024-07-11 09:49,aahhh udah mau mpkmb saja
@jenoskhb,2024-07-11 09:32,ini kode mpkmb bakal undang taylor kah 🤫
@sapimewing,2024-07-11 09:20,gais ada yang punya sop mpkmb tahun lalu gakk?
@urjiiinji,2024-07-11 09:05,"temen2 ipb mau nanya pra mpkmb, 7 habits, talent mapping itu offline atau online yaaa??"
@juicetomt,2024-07-11 08:37,"jeng jeng 😇, tanggal 27 juga harus ada di IPB karena katanya ada kegiatan-kegiatan menuju mpkmb"
@flownyl,2024-07-11 08:32,sampai kpn aku hrs menunggu pengumuman kelompok mpkmb 😔
@Partofdym,2024-07-11 08:11,ada gebrakan apa yaa dari Acara MPKMB 61 🤩🫶🏻🐺
@adelawokaowk,2024-07-11 07:57,tugas ap ini.. mpkmb?
@vannotegar25,2024-07-11 07:47,Halu halu buah mangis mpkmb sv bakal ada gs nadine hamizah sama paper mob😄
@barabarambis,2024-07-11 07:14,"Seblummmm, nanti pas mpkmb ada sop pake almet anjay 😎"
@onawear2,2024-07-11 06:16,ini sisa 50k kira kira bisa ga ya bertahan sampe mpkmb
@onayshere,2024-07-11 06:05,nnti mpkmb boleh bedakan kh.... atau samsek bareface even no moist no ss spt kampus kakakku....... 😀
@sapwwann,2024-07-11 05:46,buat para dan mpkmb saran aku beli yang pagi aja sih
@shircoleee,2024-07-11 05:05,beri aku niat convert mpkmb sama 7habits
@BichinStore,2024-07-11 04:51,"sbg alumni (bertahun tahun lalu heheh) jd saksi kl teman temanku byk yg tadinya cadangan akhirnya keterima trs kalo di ipb ini dulu ada sistem matrikulasi kan buat yg undangan, asliii deh ga semua mahasiswa matriks itu akan lanjut di ipb sampe mpkmb (ospek) 🥲"
@rraaarr__,2024-07-11 01:47,gusy... aku jadi maba ipb... ikut mpkmb... nangis dikit😩☝🏻
@levanaon,2024-07-11 01:46,aku blm siap klo ke kating 💔 kecuali udah mpkmb 😇🙏🏻
@O7JAE_,2024-07-10 16:52,info pakaian mpkmb kapan yaa? aku mauu beli belii juga raguu 😭
@arrietty555,2024-07-10 16:18,gusy jangan kaget yah tar pas mpkmb mukaku seamburadul apa😞
@milktearaa,2024-07-10 16:17,IYA…. 😭😭 gpp lah dikit lg mpkmb
@zwvorz,2024-07-10 16:11,jam segini tbtb mood ngejahit baju batik buat mpkmb
@milktearaa,2024-07-10 16:09,GAK TAU MAKANYA 😭😭😭 jgnkan ketemuan… info mpkmb pun BELOM 😭😭
@polarrgommie,2024-07-10 16:01,gimana ya besok muka ku pas mpkmb klo gak pake apa-apa ((ak egk pede gusy))
@florchids,2024-07-10 15:52,ada yang punya list keperluan buat mpkmb gak yaaaa
@theornado_,2024-07-10 15:30,"gapapa riss, nanti pas mpkmb sokapin gua ajaa 
, biar gua ada temen"
@levanaon,2024-07-10 15:21,disuruh follow kating2 panit mpkmb tp aku agak gaenak deh 😔igku soalnya cukup bucin sm cowoku ya meskipun dia angkatan 59 sih :3
@adelawokaowk,2024-07-10 15:17,"aku kepikirannya bntr lagi mpkmb, terus kayak??? habis itu kuliah... mennnn gak siap. mentalku masih di MPLS SMP"
@kiongiy,2024-07-10 15:09,eh woi ini sop mpkmb ipb kapan y
@ralcyons,2024-07-10 15:00,dan yg jd panit mpkmb <3
@thughlk,2024-07-10 14:58,siapa sdh nyiapin mpkmb!!???
@dokcing,2024-07-10 14:57,ipbnesian plis mutualan sm aku akj ogn punya kawan banyak sblm mpkmb plis MOOTS #moots #dont #let #it #flop #pls
@biologyloml,2024-07-10 14:45,Tapi ntar mpkmb jam 4 subuh gimana jir lu..
@biologyloml,2024-07-10 14:42,"Selama tingkat 1 ak ngekost, NGGA KUAT JIR PP PAS MPKMB"
@chocrattes,2024-07-10 14:33,"AHAHAHAHAHAH PLS TAPI AKU DULU GINI 
PAS PRA MPKMB BARU PINDAHAN KOST"
@kazuhaindomie,2024-07-10 14:14,mpkmb 2x dong
@mollimouli,2024-07-10 13:56,ga sabar mpkmb tpi packing aja msih 0% 😞😞
@skrtr,2024-07-10 13:53,"maba ipb 61 adkh yg lg nyari sepatu item buat mpkmb? ak mw jual pvnku yg full item krn kekecilan cuy, dipake pas mpkmb doank msih muluz"
@seulgiipb,2024-07-10 13:43,EH IYA EXCITED DIKIT SAMA MPKMB!!!
@crunoash,2024-07-10 13:41,"ipb 61, cung sp mw moots instagram!!! kita saling ramaikan postingan mpkmb ituuu 😋🫵🏻"
@MPKMB_IPB,2024-07-10 13:37,"absennn dulu dong sobat nara dari jalur jaketos, PIN dan mandiri🙋🏻🙋🏻‍♀️

selamat datangg yaaa! mimin ada video spesiall ni buat kaliaann🥳🫣

Check this outt yaaa sobat naraa‼️
🔗vt.tiktok.com/ZSYqawd8j/🔗

#miminsyangnarapatibimantara 
#smipb #jaketos #jalurPIN"
@cyancza,2024-07-10 13:28,"Yuhuu 61 udah lengkap, Congrats Narapati Bimantara !! kalo lewat tl kalian ayo mutualan guys nanti kita sharing tentang univ, terutama serba-serbi MPKMB yang semakin dekat 🙌"
@akuasaaa,2024-07-10 13:28,"semoga nanti pas mpkmb ada yg sokab ama aku plis, bakal kutanggepin kok 😭"
@polarrgommie,2024-07-10 13:27,"akuu gatauu tapii sprtinya karena masi mpkmb makanya tidak diperbolehkan, pdhl ak udah berharap membawa motor🧏🏻‍♀️🚵‍♀️🌲"
@baraexplorerr,2024-07-10 13:26,sumpah mpkmb gaboleh bawa motor sendiri???😭😭😭 NANGIS AJA DEH SP YANG ANTERIN AK
@frappvccinoz,2024-07-10 13:15,males packing😞😞😞 aku nunggu sop mpkmb biar sekalian😞😞
@shasaa117,2024-07-10 13:07,"samaa, aku juga utk mpkmb 😭"
@tehmaniskrimer,2024-07-10 12:55,kalo gabisa bangun subuh pas mpkmb gmn yah
@bantaljuling,2024-07-10 12:40,katanya kalo lagi mpkmb tu ada dan buanyakk soalnya gakleh bawa kendaraan kan 🧍🏻‍♀️
@mollimouli,2024-07-10 12:35,semoga tugas mpkmb ipb tahun ini ga banyak buat video plis😣🙏
@bantaljuling,2024-07-10 12:34,"hoi maba yg kosnya di balio dan sekitarnya, mari kita berangkat mpkmb naik angkot 🧍🏻‍♀️"
@tiwiinya2,2024-07-10 12:30,H-1 pra mpkmb alias tgl 1 tapi kelamaan gak ya klo liat yg lain kek cepet²😭
@astronotcentil,2024-07-10 12:04,"kalo GS mpkmb Gibran, gua kayang depan gerbang"
@grazzzeeeee,2024-07-10 11:30,sop mpkmb cepet dong.... mak gue gasabaran ini ngajak hunting ke pasar😔😔😔😔😔😔😔😔😔
@zkyaaz,2024-07-10 11:19,plis kalian udah beli apa aja buat mpkmb?🫠
@akuraditt,2024-07-10 10:59,Masih betah di rumah apa g sabar mpkmb?
@flownyl,2024-07-10 10:59,kita tuh ntar mpkmb disuruh bawa bekel cmn buat sarapan kan ya?? maksinya dpt dari panit?
@bantaljuling,2024-07-10 10:58,enaknya sarapan apa ya sbelum berangkat mpkmb?? ak tipe yg hrus makan nasi kalo pagi 😵‍💫
@bumikudonat,2024-07-10 10:55,gue dlu mpkmb full gratis wkwk dpt mam pulak
@jirlaan,2024-07-10 10:22,"halo fiah salam kenal ya, kalau kamu ada list kebutuhan di mpkmb nanti aku boleh minta ga ya? terimakasih☺️"
@grazzzeeeee,2024-07-10 10:16,"gue abis belanja, mauuu nangis anjirrr banyak banget abisnyaa padahal beli itu itu doang, DAN BELUM BELI BAJU BAJU BUAT MPKMB JUGAAA😭😭💔💔"
@llyyytn,2024-07-10 10:08,kalo Gs mpkmb nadin amizah gua bikin TikTok di koin
@elricadian,2024-07-10 09:54,Cung yg kepoh guest mpkmb😔☝🏻
@anothershaa_,2024-07-10 09:18,GKKKSBAR BGT MPKMB
@polarrgommie,2024-07-10 08:38,mpkmb bleh bawa motor gk ya besok
@CestLaReves,2024-07-10 08:16,Ko ampe mpkmb doang
@meteorhologi,2024-07-10 07:55,omg ikut deg-degan soalnya di jam 4 ini bner² pengumuman jalur terakhir.. abis itu kick-off OMB.. abis itu 7 habits.. abis itu pra-MPKMB.. ABIS ITU MPKMB AAAAA
@juicetomt,2024-07-10 07:38,"nanti kan Agustus hampir full kegiatan mpkmb ya, nah itu bisa ga sih klo tiap hari minggu pulang ke rumah?"
@stucktistika,2024-07-10 06:52,sop berpakaian mpkmb cepet keluar pls biar bisa di siapin dari sekarang......
@cipOlsit3,2024-07-10 06:16,ini kenapa website ukbi lelet bgt sih kalo lagi simulasi😣
@arrietty555,2024-07-10 06:06,"aku dilema jjur, mpkmb nnti pake krudung apa ga, ak abis potong poni sendiri dan jelek bgt😭😭😭"
@dishayangkamuu,2024-07-10 05:50,yang nyapa aku pas mpkmb bakal aku kasih oat choco + alpenliebe isi coklat😋🙏
@cinderelifemy,2024-07-10 05:12,pake pantofel paski gitu boleh ga si pas mpkmb???
@serephalite,2024-07-10 04:53,ADUH KUKIRA MPKMB 😭😭😭 sorry ya... 😭😭
@ratuestteao,2024-07-10 04:50,btw itu H-15 aku ke bogor yaa bukan H-15 MPKMB nya 😭
@draysss___,2024-07-10 02:50,Mpkmb dulu aja yang bener
@pangeranmimpin,2024-07-10 02:37,"KANGEN OSIS BGT sumpah co tahun lalu gua masih jadi panit mpls dan diserbu adik adik buat game cari dan minta ttd ketos, sekarang dah jadi peserta mpkmb aja"
@muztardketchup,2024-07-10 02:36,lohh kok di td coy yg ngepost tanggal-tanggal mpkmb
@uchagiw,2024-07-10 02:33,"pas mpkmb gak bole berwarna rambutnya 😊
#AlumniCatRambutMPKMB 😊"
@onyourn__n,2024-07-10 02:13,"mepet mpkmb ga sii, ipb kan suka yang mepet mepet👀👀"
@ai_pathyyy,2024-07-10 01:27,???? Mpkmb aja belom mulai????
@nanaaipb,2024-07-10 00:12,"Ktemuu doong nnti MPKMB, kita planga-plongo bareng 🥺🥺"
@shevakamila,2024-07-09 23:23,mpkmb tu antara excited dan blm siap tp excited tp blm siapppp
@teroseng,2024-07-09 17:37,uwiiww halo halooo anak vokasi!! huhu kita nanti mpkmb bakal kepisah yaa
@maunan14,2024-07-09 17:09,buat mpkmb kah?
@mourfogenesis,2024-07-09 16:47,YIPPIEEEE semoga survive mpkmb 😵‍💫
@grapestra,2024-07-09 16:42,"KITA SEMUA KEREN, jujur gasiap aaaaakk bisa gasi nantian mpkmb nya 😭🤧 takutttt"
@baraexplorerr,2024-07-09 16:40,sokapin w smpe mpkmb dong
@teroseng,2024-07-09 16:40,"OHHH WADAW KEREN AMAY SISS 👊👊👊👊, sudah siap berkumpul dengan serigala lain saat mpkmb?"
@lovelyt11ny,2024-07-09 16:27,uda pada prepare baju” buat mpkmb kah? gua blm ada persiapan apa” 😭😭
@teroseng,2024-07-09 16:17,"OKEEE, semoga kita bertemu di mpkmb! btw keren bangett jadi anak fkh, good luck yaa untuk kedepannya"
@cinderelifemy,2024-07-09 16:15,huhuuuu belum tapi aku akan follow dia kok🤩☝🏻☝🏻NANTI MPKMB KALO LIAT AKU PANGGIL AJA YA ZI🥰🫶🏻
@shaaturns,2024-07-09 16:10,hii salken ajengg see u di mpkmb 😍💥
@songgee_,2024-07-09 15:54,Kangen mpkmb
@wirausahaa,2024-07-09 15:33,"Kata gua langsung outbond arung jeram, pulangnya subuh dateng mpkmb kaga mandi"
@mnrutmu,2024-07-09 15:30,kpm 61 ni gwe liat² uda pada dket bgt curiga day 1 mpkmb pulangnya makrab ke curug
@Aida_rhma,2024-07-09 15:11,"Yashh bener² safety bgt jaslab yg tangannya karet giniii, kopma sama mpkmb store coba bikin desain jaslab yg kaya gini juga donkk"
@ershaake,2024-07-09 15:05,"ga sbr mpkmb, sp yh guest starnya 🤯🤯"
@mingyuipb,2024-07-09 15:04,iya deh kayaknya meet sebelum mpkmb gasiiih
@mingyuipb,2024-07-09 15:01,hi ningning pls jadi guest star di mpkmb
@chalkszone,2024-07-09 14:40,kebutuhan mpkmb ini tidak selesai-selesai yhh 😞😞
@raudyca,2024-07-09 14:32,omg selamat narapati bimantara! semangat mempersiapkan mpkmb yg tugasnya ga sedikit itu😅💪
@nightteaa,2024-07-09 14:31,Nanti Mpkmb gabisaa kenalan sm sarjana yaa
@terebiologi,2024-07-09 14:05,nanti pas mpkmb gua mau buat ah nnti gua buat nametag gua taro di tas😁😁😁😁😁😁
@alyyspacee,2024-07-09 13:51,mpkmb g pake pantofel?????
@chalkszone,2024-07-09 13:23,aku mencari teman ipb'61.. takut planga plongo pas mpkmb..
@napatishappy,2024-07-09 13:17,batik buat mpkmb kerahnya harus banget yang bisa dilipet gitu kan yaa?
@yaiaiaaaaaa,2024-07-09 13:14,"oiya banyak anak mpkmb, mpf, mpd"
@lvcsncm,2024-07-09 13:01,ntar pas mpkmb pasang profil mu di baju biar ak tau😭😭
@llyyytn,2024-07-09 12:45,saat nya ganti pfp ke yang lebih islami biar pas mpkmb pada kenal👊
@4thocyeanic,2024-07-09 12:36,"Takut hilang pas MPKMB,aku aslinya mini banget 😭"
@kyokenai_,2024-07-09 12:31,Huhuuuu asik banget mpkmb gituin dong kk
@Studyzzz6969,2024-07-09 12:23,Nanti mpkmb katanya buka PO lagi tanggal 10. Batch 3 tapi
@blepnel,2024-07-09 11:57,takut bgt pas mpkmb nanti malah purging 🚶🏻‍♀️‍➡️🚶🏻‍♀️‍➡️🚶🏻‍♀️‍➡️
@nanaaipb,2024-07-09 11:56,"Naa, nanti MPKMB barenggg 🤝"
@Xia0juniee,2024-07-09 11:54,yapi lebih gasiap pku daripada mpkmb bjierrrr
@Xia0juniee,2024-07-09 11:46,"SAMAAA, na kalo kita sekelompok mpkmb sokapin aku plizz 🥲🥲"
@nanaaipb,2024-07-09 11:44,Nanti MPKMB temenin aku yaaa... 🥺🥺
@Xia0juniee,2024-07-09 11:39,DEMI APA BNTR LAGI MPKMB!?!?!??!
@gajihbulanan,2024-07-09 10:55,"gw seneng bgt sm temen"" yg ud lolos seleksi mandiri hri ini TP LGSG LEMES pas tau pra mpkmb ud dimulai mingdep anjir"
@DimasFirdaus_s,2024-07-09 10:07,Bro lupa liburan ini liburan sebelum mpkmb
@cimolbelajar,2024-07-09 09:54,"btw pertemuan hari ini lucu bangett, belum mpkmb tapi udah kerasa banget punya deting 😭😭💗💗

dua-duanya anak 61 pula paling heboh wkwkwkw"
@Syafiq_asyaddid,2024-07-09 09:46,"Merinding liat tugas mpkmb taun lalu, disuruh bikin essay+perkenalan diri di tiktok 💀💀"
@firaxryu,2024-07-09 09:02,IYAAAA HUHUHU KIRAIN INFO MPKMB /kecewa dikit
@crunoash,2024-07-09 08:46,itu semacam pembekalan buat maba utk MPKMB nantiiii
@juicetomt,2024-07-09 08:34,kayaknya klo kuliah (setelah mpkmb) itu boleh tapi klo buat mpkmb kyknya ga boleh
@grapestra,2024-07-09 08:32,udh seneng2 kira bakal dikasih jadwal/sop mpkmb gara2 grup rane ternyata....
@aannacha,2024-07-09 08:00,loh iya ya yg tahap 2 abis mpkmb😅
@shasaa117,2024-07-09 07:46,"@ mpkmb ipb, kak request tulus"
@esaenato,2024-07-09 06:57,pls sokapin aku pas nanti mpkmb😔☝🏻
@CestLaReves,2024-07-09 06:54,Sokap bat gw (latihan sokap pas mpkmb) MAAF MIN WAKAMAMAMA
@syesyuuuuu,2024-07-09 06:43,disuruh buat pas mpkmb
@PACARJAEMlN,2024-07-09 06:21,"Hai kaak mau mutualan gak yaa hehe aku juga akt 61 nihh, untuk mpkmb aku belum beli apa apa sihh, tp udah punya krmeja puth rok a line kerudung dll, sisanya niat beli nantii"
@ipb_menfess,2024-07-09 06:16,punten ada yg udah ditanggapi penyetaraan mpkmb? gw blom ditanggapi huhu udh dari hari jumat😔 mohon bantuannya
@mithchiwws,2024-07-09 05:31,anjir aku kangen mpkmb cok:(
@aminamow,2024-07-09 05:26,Anak 57 blh ga ikut mpkmb? Pengen ikut soalnya dulu cuma bisa menatap layar ajh
@haoipebe,2024-07-09 05:00,"gusy aku kayanya ketinggalan info deh, kalian ada yg ikut po jas lab dr mpkmb store batch 1 egk ya?"
@cipOlsit3,2024-07-09 04:48,samaaa sihhh
@arrietty555,2024-07-09 04:45,"narapati bimantara, spill dong kemeja putih dll, persiapan buat mpkmb yg uda kalian beli...."
@arrietty555,2024-07-09 04:44,"adakah yg ngekos daerah babakan lebak, nyari temen buat brngkt mpkmb"
@cipOlsit3,2024-07-09 04:42,semoga beneran sepatu item aja dehhhh😣😣
@lynestudy,2024-07-09 04:32,di mpkmb store ad jasa cari kost deh setauku
@bantaljuling,2024-07-09 04:31,gusy apkh penugasan mpkmb tu banyak pake laptopnya?? kalo hp doang bisa ga ..
@cipOlsit3,2024-07-09 04:28,TAR PAS OSPEK SEPATUNYA TTP PAKE PANTOFEL KAH😵‍💫😵‍💫😵‍💫
@cipOlsit3,2024-07-09 04:24,di grup likistaa
@pipiah_,2024-07-09 04:11,"aku iri banyak😭😔 pdhl udh ngebayangin mpkmb kayak tahun lalu, bbrp hari di gedung gww, ada bintang tamunya"
@pipiah_,2024-07-09 04:09,"tahun lalu mpkmb 60, anak sv ikut serta buat human puzzle ini ga yaa??"
@napatishappy,2024-07-09 04:04,"mau nanyaa, kemeja putih mpkmb aman gak yaa kalo pakenya kemeja seragam sekolah? 😔🙏"
@ygmuliaparis,2024-07-09 03:53,"Koreksi : 27 Juli baru disuru ngumpul di bogor, mpkmb nya hr seninnya"
@anakrektoripb,2024-07-09 03:48,eh skrg mpkmb duluan ya baru 7 habits
@esaenato,2024-07-09 03:37,bro ak gk siap untuk pra mpkmb
@bbylu0,2024-07-09 03:32,BOLEH GABUNG MPKMB YG DI DRAMAGA GX
@napatishappy,2024-07-09 03:30,udah mau mulai pra mpkmb ...
@pipiah_,2024-07-09 03:29,"aku sv tpi kok sedih yaa😭 nnti liat temen""ku msh pada mpkmb seru""an bersama teman""nya sdngkn aku udh ngga😔"
@tasmoniaa,2024-07-09 03:27,eh kok liburan ini dramaga ky ttp rame ya?? asa taun lalu jaman persiapan mpkmb dramaga sepiiiii bgt
@glorievs,2024-07-09 03:20,kayanya kelar mpkmb bara bakal penuh banget gasih😖
@akuraditt,2024-07-09 03:10,Cie dikit lagi mpkmb
@monggu611,2024-07-09 02:15,anjirr sarjana lama amat mpkmb nya
@bantaljuling,2024-07-09 01:41,ap y tbtb deg degan abis liat jadwal mpkmb
@naj2ui,2024-07-09 01:33,Kalo ga salah tuh 27 nya pra mpkmb deh
@bbylu0,2024-07-09 00:18,"Eh aku taunya 12 Agustus itu yg vokasi, karena mpkmb cm 2 hari. Cm gatau deh"
@fxtriyv,2024-07-08 23:48,ga kuat liat mpkmb dan aku bukan pesertanyaaaaa
@khaaalishh,2024-07-08 23:13,hiks h-19 ldr 🙁 hati-hati yaa ty di sana nanti review juga dong mpkmb kayak apa
@faisalmzhdtt,2024-07-08 22:59,"semoga dinotice @MPKMB_IPB 

sumpah excited bgt liat highlight mpkmb tahun lalu karna ternyata ada idfitaf as a guest star. pls semoga performer yg diundang ke mpkmb tahun ini lebih gacor. i was thinking about hivi or tulus sih. hehee"
@faisalmzhdtt,2024-07-08 22:34,karna skrg masih h-27 mpkmb jadi masih ada banyak waktu buat mikirin yel yel (sudah saatnya bikin yelyel fmipa jd ganas)
@faisalmzhdtt,2024-07-08 22:32,"anjjj stelah nonton preview mpkmb tahun lalu gua jadialdbdlshdlsjsmxbdmdbzlzbxnxnxkxksbd
gua excited gitu ajg special guest performancenya idgitaf fakk"
@faisalmzhdtt,2024-07-08 22:22,"ini sriusan mpkmb 5 agustus?
lama amat ya🙂
eh tapi jd pas seminggu doang sih ya siapa juga yg mau ospek lama lama"
@cipOlsit3,2024-07-08 18:50,KENAPA
@swarkasa,2024-07-08 17:46,COY??? AKU UDH BELI TIKET SOSCHIC JUGA... EMANG KITA MPKMB TANGGAL BRP...........
@sapwwann,2024-07-08 16:33,"IPB baca ya ini twt, nanti pas mpkmb Adain konser ""Tulus"" biar Maba nya pada semangat. Makasih"
@bumikudonat,2024-07-08 15:55,sapwah udah isi mpkmb blm
@asteriasazaaa,2024-07-08 15:38,"ni mpkmb ipb uda h-28 aja, bisa ga mundur lgi tanggalnya, ak gasiap merantau😓"
@chasedeadg,2024-07-08 15:34,"harii inii full simulasi sampe soree capeek bangett tp ak luvv banget sama semuaa anak medis yang sangat supportive, ak gapernah nyesel jd staff medis mpkmb 🫶"
@dinlouvre,2024-07-08 15:03,"pelisss angkatan 61 di mpkmb ipb nanti, akuu tipe yang mau disokabin asal gak disturbing meeh"
@ivyalyaa,2024-07-08 14:33,tpi aku liat seru juga vlog mpkmb
@kasurbengkok,2024-07-08 14:10,semakin dekat dengan mpkmb tapi tadi w kena panas matahari jam 3 sore di paslam langsung bersin-bersin dan keringetan brutal.
@astronotcentil,2024-07-08 14:06,infokan catering mpkmb yang menunya bukan ayam terus pls 😭
@sobagoreng,2024-07-08 14:01,Ipb tanggal 2 udah pra mpkmb jir
@bbylu0,2024-07-08 13:55,eh mpkmb Agustus kan ?
@milktearaa,2024-07-08 12:49,janlup yah biar nanti pas mpkmb kita lgsg ngobrol WKEKWK
@jiseokbogor,2024-07-08 12:32,HOI H-28 MPKMB????? 😱😱😱😱💥💥💥💥💥💥💥
@temansekelasaja,2024-07-08 11:54,Pas mpkmb doang... Berlanjut harus ikut sodung solong apel dll 🤣🤣
@sunsetdayone_,2024-07-08 11:53,bukan kipk wkwk katanya biar ga ribet pas mpkmb
@esaenato,2024-07-08 11:33,ini nanti pas mpkmb muka gue sebuluk apa ya
@arrietty555,2024-07-08 11:31,"narapati bimantara ayo dong mutual sm ak pliz, ak takut planga plongo pas mpkmb...."
@Dhitstudy,2024-07-08 11:04,Pls nnt pas mpkmb sokapin aku ya pls😭😭😭
@nanaaipb,2024-07-08 10:42,WOIII TAKUT BANGETT MPKMB 😬😬
@cipOlsit3,2024-07-08 10:35,AKHIRNYA KELAR ESAI SATU KALI DUDUK
@sassyysasyaa,2024-07-08 10:12,Ehh mpkmb gaboleh bawa motor ya??
@pidiary_,2024-07-08 10:02,"Tengah berusaha mengumpulkan dokum MPKMB, nyesel nggak dibuat dari dulu:)"
@ratuestteao,2024-07-08 09:52,sampe sekarang ak takut besok pas mpkmb bangun telat... PLSSS JANGAN SAMPEE
@jijellipebe,2024-07-08 09:12,gapapa mpkmb 5 agustus trus 12 agustus udh masuk kuliah 😃
@grandparey,2024-07-08 08:43,njir akun yang awalnya terkhusus untuk tugas mpkmb ini merayakan hari jadinya #MyXAnniversary
@chocodonutss,2024-07-08 07:01,Mpkmb 😔💗
@yourlullabies_,2024-07-08 07:01,"plis jangan catering mpkmb store aku tahun lalu bener-bener ngerasain pengalaman buruk banget karena porsinya yang bener-bener ga layak makan, pokoknya bikin speechless, sampe yang lain pun pada komplain di grup cateringnya (aku juga ikut wkwk)"
@ygmuliaparis,2024-07-08 06:52,"Kating mpkmb : ""ngapain aja kalian selama libur setelah pengumuman"""
@capricornettos,2024-07-08 06:34,"ini kalo pas mpkmb udh pada punya sirkel, gimana ya nasib gue 😁🥹"
@dishayangkamuu,2024-07-08 05:13,gimana ya kalau pas mpkmb malah jadwalnya datang bulan:( bulan ini aja tdi subuh😞
@cipOlsit3,2024-07-08 04:39,ada gk yh study cafe di daerah depok🤔
@dCinnamoroll,2024-07-08 04:29,mpkmb sepagi itu ya..... aku kalau sarapan pagi sakit perut..... tapi kalau ngga sarapan takut pingsan.....
@themariast,2024-07-08 04:16,Guest star mpkmb nanti siapa ia.......
@amourinsh,2024-07-08 03:52,sudah lengkap sbnrny tp mpkmb blum masuk 😔
@amourinsh,2024-07-08 03:47,"kapan di-acc bang, mamahku nanyain mulu isi transkripku huft @ nilai mutu mpkmb"
@mthrismotherin9,2024-07-08 03:46,"setau aku bebas deh, wkt mpkmb aku sih bebas ya yang penting batik dan polosan gada logo instansi lain. wkt itu aku pake batik sekolah malah"
@astronotcentil,2024-07-08 03:33,ini nyiapin muka buat mpkmb ya
@cipOlsit3,2024-07-08 03:18,yaallah ig gue masi limit
@jijellipebe,2024-07-08 03:08,"ini nanti mpkmb ada upload"" twibbon gitu ya? aku blm nyiapin foto lagi😃"
@ipb_menfess,2024-07-08 02:09,"Punten sender akt 61, beneran kan mpkmb tanggal 27 harus sudah d bogor? rumah sender jauh bgt mau milih buat kos harian aja. nanti kalo ngampus tetep pp sih. kalian mau dari tgl brp guys? btw sender sv"
@astronotcentil,2024-07-08 01:49,"IYA JG ANJIR, SATU SATUNYA HIBURAN DI DRAMAGA CM MPKMB"
@sptrosaliaa_,2024-07-08 01:16,"wkwkwk bercanda ajahhh

semangat mpkmb dan kuliahnya yahhh❤️❤️
see u kapan2"
@farhannugr06,2024-07-08 00:25,waktu mpkmb bisa bawa snack ga? selain bawa roti buat sarapan?
@rektoripb,2024-07-07 23:13,motor dibawain kemungkinan habis mpkmb haduh
@tasmoniaa,2024-07-07 21:25,serunyo ak hbis flashback mpkmb sm fadil n rahma wowowow
@chaviivaa,2024-07-07 19:42,abis liat list tugas mpkmb tahun lalu SEBANYAK ITU GUSY.. ok saatnya gue menyiapkan mental
@auliandnrlb,2024-07-07 19:06,Mpkmb gamau ngundang day6? Nnti ak sujud sukur di ahn
@rizkyyaambis,2024-07-07 17:57,"alat kebersihan blm... (nunggu roommate) 
pakaian mpkmb blm...
catering...
mana pgn tas & sepatu jg...
keperluan lainnya...
gmn y"
@shevakamila,2024-07-07 17:36,kl ada yang mau pesen catering buat mpkmb ikut dongg
@muztardketchup,2024-07-07 16:13,cuy sdang bingung transport dri kos ke ipb pas mpkmb gmn yah😀 adakah abang gojek yg avail jam segitu
@miyeooww,2024-07-07 15:30,"haloo fiah, mjb yaa. aku jg maba ipb lg cari list utk mpkmb. klo kamu ada, aku boleh minta ga yaa? thankyou sebelumnya 🎀"
@melankoram,2024-07-07 15:18,eh ini emng sop mpkmb kaya barang dan baju dan lain lain blm dikasih tau kah yg ang 61?
@ygmuliaparis,2024-07-07 15:06,anjeng mpkmb gaboleh docmart
@bilanabeelaf,2024-07-07 14:23,"Cathering mpkmb store kayaknya oke, kalo aku dulu ga catering krn ga biasa makan berat pagi jadinya bawa roti, siang dikasih makan, sorenya beli di bara"
@kalalipe,2024-07-07 14:06,tiap hari nonton earth arcade sampe lupa sebulan lg mpkmb. CEPET BAT YE MPKMB NY
@jenoskhb,2024-07-07 14:05,"kak boleh bgt… tp aku takut ga kebagian aja,, btw kak risol panit mpkmb nggakk??"
@jenoskhb,2024-07-07 14:02,"haiii kakkk,,, boleh sekalii kalo nanti bisa ketemuu ya kak, anyway kaka panit mpkmb kah?"
@cumlaaude,2024-07-07 13:56,smangat mpkmb dan tugas tugasnya itu yh dik
@rizkyyaambis,2024-07-07 13:35,😔😔😔 samaa tinggal perlengkapan mpkmb
@RADIANT3CCLIPSE,2024-07-07 13:11,dulu mpkmb bekel gue cnt setiap hari
@RyFermi,2024-07-07 12:59,Bakal bisa makan dulu ga ya kalo pas mpkmb itu???
@ipb_menfess,2024-07-07 12:57,punten SEMANGATT jadi DIVISI ACARA MPKMB nya E3’60-006. NARAPATI BIMANTARA siap menunggu mu!!
@ipb_menfess,2024-07-07 12:48,"punten maba 61 esp yg ngekos nanti selama mpkmb mau pada cathering atau ngga? kalo cathering mending dimana yaa yg trusted, tia :)"
@chasedeadg,2024-07-07 12:47,"angkataan akuu tahun laluu ada beberapa tugas video, tapii tahun ini tugas mpkmb nyaa sudah direvisi jadi ""much easier"" i guess, doakann sajaa ndak adaa yaww"
@Adohiraa,2024-07-07 12:27,Yg panit mpkmb gasi
@euphoricsyaa,2024-07-07 11:34,apakah ada yg tau baju batik buat mpkmb kerahnya harus kaya kemeja atau boleh kerah shanghai???
@yawnra,2024-07-07 11:21,eh ada yg udah mesen catering buat mpkmb nanti gk sih🫠
@jjh4ze,2024-07-07 10:57,udahh yg catering mpkmb
@juicetomt,2024-07-07 10:48,"klo vokasi aku gatauu, klo pirang kayaknya bolehh tapi pas mpkmb harus warna gelap rambutnya. ini kata kating yang satu omda sama aku sihh"
@hourlybiru,2024-07-07 10:47,dlu gua pas mpkmb sokab tiap hari jd temennya tiap hari ganti2
@cumlaaude,2024-07-07 10:45,adakah yg punya logbook mpkmb
@juicetomt,2024-07-07 10:40,"bolehhh, pokoknya pas mpkmb doang yang ga bolehh. pas udh masuk masa pku udh bolehhh ko"
@vannotegar25,2024-07-07 10:15,Slalu on fire menyambut mpkmb ini kak🙌
@ipb_menfess,2024-07-07 10:03,"punten kakak-kakak, info guidebook mpkmb biasanya dibagiin h- berapa yaa, mau persiapan takut mepet & udah pindah ke bogorr, thankyouuu!!! <3"
@carlosipb,2024-07-07 09:02,atau ga di mpkmb store 😉
@cipOlsit3,2024-07-07 08:20,NGAPAIN
@cipOlsit3,2024-07-07 07:23,beasiswaaa
@sehatselaludir,2024-07-07 07:05,demi apapun @kurensiatwt mpkmb mpd mpf BARENG TERUS APASIH?
@akuraditt,2024-07-07 06:43,"Kateringnya, mpkmb mulai jam 5"
@shyeeeya,2024-07-07 06:25,ku ingin mengisi h-30 mpkmb ini dengan netflix an sampe mampuzzz
@cilokaciyeh,2024-07-07 06:22,sedih gabisa ikt mpkmb thn ini
@saysikenow05,2024-07-07 05:25,"Now that i got into asrama (finally), haruskah ku ikut PO catering MPKMB dari grup fakultas itu???? Kalian ada yg mesen ga?"
@361001fa,2024-07-07 05:22,guys kemeja buat mpkmb ni bahannya bebas kah? mau pake bahan rayon twill boleh ga ya
@eunwooipb,2024-07-07 04:47,abis ngeliat video mpkmb sv 60 yg cowo rambutnya pada botak 🫠
@n4zwayy,2024-07-07 04:45,hah iyakah? ini catering mpkmb ya?
@mourfogenesis,2024-07-07 04:41,"gapapaaa, puas puasin waktu liburnya sebelum dibantai tugas mpkmb 😀"
@bilanabeelaf,2024-07-07 04:31,Aku pas mpkmb tiap pagi minum promag dl
@fishcatmeo,2024-07-07 02:04,"cara biar immo tanpa begadang gimana yaa kantong mataku udah asdfghjkl bgt, malu kalau mpkmb 😔"
@dorijinko,2024-07-07 01:15,wih nanti kita jalan bareng mpkmb yaa
@biologyloml,2024-07-07 00:41,Iyaa kan ada pra mpkmb
@carlosipb,2024-07-07 00:34,paling aman nungguin sop mpkmb deh 😔👍🏻
@CestLaReves,2024-07-06 23:35,Kita lihat pas mpkmb apakah gw bakal aktif juga☺️☺️
@dCinnamoroll,2024-07-06 19:09,INI MOSTLY KEPERLUAN KOST DAN MPKMB KOKKK
@cipOlsit3,2024-07-06 18:06,"iyaa aku daftarr, adaa kok di buku panduannyaa tema buat essay bu taun inii"
@cipOlsit3,2024-07-06 17:18,cafe yang enak buat belajar di daerah depok apa yah
@lattemerahdaun,2024-07-06 16:59,wkwk ini jg bikin kaget pas mpkmb
@gegesukacilor,2024-07-06 16:40,"akusih 4400 ngikut temen, tp mba nana pas mpkmb nyebutnya 4700, tp ga akan diperhatiin juga ga sih"
@aissyyyaipibi,2024-07-06 16:18,"SETUJUUU, apalgi enhypen ada konser di indo bln agustus kan, nah sebelum dia konser ada baiknya mampir ke mpkmb dulu gasiee"
@kamilmfeb_,2024-07-06 16:05,Nanti abis mpkmb mau beli kacamata ah biar keliatan kayak orang pinter🤩🤩🤩
@CestLaReves,2024-07-06 15:59,Takut Aslam gw kambuh pas mpkmb deh
@fleyura,2024-07-06 15:58,okidokiii!! but sadly tahun ini mpkmb nyaa dipisaah 🙁🙁
@jenoskhb,2024-07-06 15:49,GPP KAN KITA MUTUALAN semoga nnti bisa ketemuuu!! eh tp mpkmb vokasi digabung ga siih
@dokcing,2024-07-06 15:44,mpkmb undang enhypen siapa setuju
@aurpages,2024-07-06 15:39,Harus lebih effort ngubek² dokum jaman mpkmb... gwenchanayo 💪🏻
@uchagiw,2024-07-06 15:39,"iya tgl 5 day 1
soalnya kuliah start tgl 12
biasanya mpkmb h-7 sblum kuliah"
@vannotegar25,2024-07-06 15:27,"H-30 mpkmb, berarti kisaran tgl 5 agustus ya mpkmbny🤔"
@barabarambis,2024-07-06 15:25,Bayk.... trma kasih... smoga mpkmb mu lncar sjahtera...... 😔
@zimzaIabiim,2024-07-06 15:02,"pak anies ke mpkmb, renovasi gww tiba2 dipercepat dari september jadi h+1 setelah belio tampil"
@dCinnamoroll,2024-07-06 14:51,suda saatnya aku memperbanyak foto untuk twibbon mpkmb
@cipOlsit3,2024-07-06 14:07,wml bikin essay malam ini
@cipOlsit3,2024-07-06 14:06,daftar bu modal nekat ya gini
@architectuvre,2024-07-06 13:57,stuju gk MPKMB ngundang @aniesbaswedan buat nyanyi
@hanu_ikk,2024-07-06 13:42,mpkmb skrg boleh bawa motor ga ya??? soalnya (kata kakak kelasku) tahun kemaren gaboleh...
@frsepii,2024-07-06 13:33,shik shak shok mpkmb jam 3 pagi????? 😃😃
@shestarst,2024-07-06 13:19,"boleh min, bw ke voks jg yh"
@gegesukacilor,2024-07-06 13:09,panduan yg apa ya? yg ebook panduan convert itu atau yg panduan tugas mpkmb? aku soalnya ngikutin temen aku sih kalo jam jamnya
@limitfungsii,2024-07-06 13:05,"kayanya lebih ke dokum selama mpkmb dehh, itu pasti haruuss"
@yanstudytwt,2024-07-06 12:59,Yanto ngapalin anthem mpkmb era
@coupernicium,2024-07-06 12:51,min lirik ini min
@llyyytn,2024-07-06 12:20,"duh aku takut banget, pas mpkmb nanti tu tanggal nya aku haid dan aku klo haid tu suka sakitt gtu perutnya sering ampe yang sakit banget juga (sampe pernah pingsan krna nyeri haid)"
@urcentauri,2024-07-06 11:32,"Jangan kak admin, mending ngundang DAY6 🗣️🗣️🗣️🗣️🗣️🗣️🗣️🗣️🗣️"
@cipOlsit3,2024-07-06 11:15,mjb katanya sih engga ya.. tp gatau..
@cipOlsit3,2024-07-06 11:09,agak sdikit urgent😓
@cipOlsit3,2024-07-06 11:09,ada yg udh di fb base ipb gk yh..
@cipOlsit3,2024-07-06 11:00,INI KENAPA YH ANJIMS???😓😓
@cipOlsit3,2024-07-06 10:58,16/17 kayanyaa
@cipOlsit3,2024-07-06 10:58,ADA YG BISA NITIP MFS DI IPBMENFESS GA YAH😔
@cipOlsit3,2024-07-06 10:27,DONE MIN LIRIK AK PLS
@cipOlsit3,2024-07-06 10:26,tar pas mpkmb nya ada di kampus dramaga gk yh
@cipOlsit3,2024-07-06 10:05,masukk
@laziyfa,2024-07-06 09:59,ga nyangka entar akhir juli udah mulai mpkmb
@jenoskhb,2024-07-06 09:33,"kayanya aku mau bagiin bracelet (by me ofc) pas nanti mpkmb deh, tp boleh ga yaa sama kaka panitnya? and ofc buat mutual di akunku ajaa sama mungkin beberapa temen-temen skhb!!"
@aissyyyaipibi,2024-07-06 09:33,"ga gituu, tadinya mikir kak sarah sama kak ficky aja, tp kan mereka dah anak ipb🙇🏻‍♀️🙇🏻‍♀️, tp maaf ya itu twtnya jg bercanda kok"
@cipOlsit3,2024-07-06 09:28,GAJADI KETEMU NADIN💔💔
@aameliarizani,2024-07-06 09:27,"aku 10k uda aku apus apusin skrng aii, semangatt menuju mpkmb😉😉🫰🏻🫰🏻"
@cipOlsit3,2024-07-06 09:17,AYO NDERRRRR
@barabarambis,2024-07-06 08:27,"Dulu ak bikin ginian wkwkwkk, buat dibagiin pas mpkmb + ke temen kos. Awalnya kenalin diri aja kalo ketemuan, ""ak xx dari ipb'60 dept xx. Kalu kaka/kmu dri manaa??"". Kalo maba bisa bahas soal mpkmb ""eh katanya nanti gini ya? Gitu ya?"" Dst."
@hnbecool,2024-07-06 08:14,"betull setuju banget, dianjurin juga bawa obat²an pribadi pas mpkmb"
@greensnie,2024-07-06 07:31,nanti mpkmb di kasih mam siang ga ya?
@bbylu0,2024-07-06 06:24,TUGAS MPKMB IPB GAADA SURUH BUAT VIDEO KAN?? IYAKAN??
@balsemkayang,2024-07-06 05:34,Iya pls rela ikut mpkmb lg gua
@saysofs,2024-07-06 04:40,Eh mpkmb tu berarti butuh bgt apk tiktk kah???
@owenbrung,2024-07-06 04:40,minn undangg jeketi woiii
@sugaipb,2024-07-06 04:29,"Noted bang, btw pra mpkmb pulang nya jamber bang??!"
@hnbecool,2024-07-06 03:39,"gaiss anak 61 pls kalian pas pra mpkmb jaga kesehatan ya, tahun kemarin aku pas pra panas²an berujung sakit di hari H mpkmb😔 tetap jaga kesehatan ya biar bisa ikut euphoria mpkmb yang kerenn ituu🙌🏻🤩"
@muztardketchup,2024-07-06 02:34,ada yg punya info catering mpkmb itu gaakk
@shao_belajar,2024-07-06 02:27,request untuk mpkmb digabung boleh min?? 😭🙏
@cearariani,2024-07-06 01:50,"KENAPA giliran H-bentar lagi MPKMB MUKA JADI BREAKOUT ATULAH EUYY 😭😭😭😭 CAPEK BANGET GW SETIAP MAU ADA ACARA PENTING YG ""BESAR"" YANG TIDAK BISA PAKE BEDAXXX, dahlah gini aja terus bahkan stiap mau ada acara kondangan kek apa kek hadeuh capek gw teh😭"
@jijellipebe,2024-07-06 01:22,mimin request jeketi boleh gk
@inversmatrix,2024-07-06 01:15,hujan mulu. plis banget mpkmb jangan hujan dong...
@beausyfly,2024-07-05 23:20,sekalian aja min sekeluarga gledek
@yeellowpretzel,2024-07-05 22:19,WOI YG BENER AJEEE LU
@dyjnnie,2024-07-05 20:21,Takut ga punya temen pas mpkmb
@nipnif,2024-07-05 18:29,"yes, aku siap pake baju nabrak min"
@mnrutmu,2024-07-05 18:10,iy tp linkedin-ku cv-nya msih dr jaman mpkmb lom ku update agak mmalukan
@anothersidejml,2024-07-05 18:07,@mpkmbsv_ipb nanti mpkmb ngundang siapa min? 😞
@keliskae,2024-07-05 17:46,udh bner min undang bang windows habatusauda aja😊🙏🏻
@raurafily,2024-07-05 16:35,ini mpkmb store gamau adain kost finder lagi kah gw udh mau mampus nyari kosan
@llyyytn,2024-07-05 16:27,gua tiba tiba ngebayangin mpkmb ngundang praz teguh ☺️☺️
@llyyytn,2024-07-05 16:27,MIN UNDANG JEKETI ☺️
@lenzzzuw,2024-07-05 16:19,arash buana sabi kali min
@ijeyitp,2024-07-05 16:04,"Reality club minn, sal priadi juga oke tuhh"
@indrazakyy,2024-07-05 15:45,"undang prabowo ga sih mint, aku mau sprei gratis🥺"
@aissyyyaipibi,2024-07-05 15:40,owh ga sekalian undang taylor swift sama niki jg min?
@chasedeadg,2024-07-05 15:38,"mana 7 habits & mpkmb ku blm di acc, nilai jelek, berasa sia sia deh"
@dumpiebuby,2024-07-05 15:37,mpkmb
@anaquisss,2024-07-05 15:33,Undang blekping bolee 😍
@inversmatrix,2024-07-05 15:31,undang pak anies minn🙏🙏🙏
@geesyas,2024-07-05 15:24,undang niki min plsss
@eunwooipb,2024-07-05 15:20,siapa yang setuju mpkmb guest star nya blackpink
@architectuvre,2024-07-05 15:10,SETUJU BGT
@rickyuph,2024-07-05 15:09,rikues syp yh pnyanyi tulus
@0nlychao,2024-07-05 14:48,mpkmb sengg
@bluesstudy,2024-07-05 14:37,tar isi materinya tutorial haji diumur 2 bulan yah
@juicetomt,2024-07-05 14:35,takut beneran ngundang keluarga gledek ke mpkmb....... 😭😭😭
@dandeliyoung,2024-07-05 14:35,@maicuuuuu_ yeay ketemu pak haji
@metodologig,2024-07-05 14:33,BETOLL
@juicetomt,2024-07-05 14:30,pake jilbab dimodif juga ga min biar kayak bu geni 🫢
@teroseng,2024-07-05 14:29,setujuh
@MPKMB_IPB,2024-07-05 14:29,"bolehh, tapi nanti SOP MPKMB IPB jadi sepatu merah celana biru yaa"
@kazuhaipb,2024-07-05 14:29,stock krupuk buat bekal mpkmb ya
@mnyhyst,2024-07-05 14:28,"Windah aj min
Gpp dripada haji tetot"
@themariast,2024-07-05 14:26,Setuju min
@xartemn,2024-07-05 14:23,Min ini plis banget
@grazzzeeeee,2024-07-05 14:23,kalo request ka xaviera ngelunjak ga ya?
@bbylu0,2024-07-05 14:21,Request vokasi diajak juga dong min
@kamilmfeb_,2024-07-05 14:20,"Buat kakak 60 yang asrama, apakah ada rekomendasi catering selama mpkmb yang enak, pliss help me"
@timsdumpp,2024-07-05 14:17,yang ini boleh min🙏🏼
@Hanaeriis,2024-07-05 14:17,undang niki mint😁
@juicetomt,2024-07-05 14:13,undang satu keluarga gledek aja min
@maunyaip4,2024-07-05 14:09,setuju min
@MPKMB_IPB,2024-07-05 14:07,"netnot, padahal mimin sempet kepikirannya ngundang inisial haji t yg haji 2 bulan ituh😁☝🏻"
@shunkzma,2024-07-05 14:03,akhirnya w bersih2 galeri buat persiapan mpkmb nanti
@shao_belajar,2024-07-05 13:24,"kalau dipisahkan juga berarti benar benar kesenjangan sosial sih, masa uda mpkmb dipisahkan untuk ukm juga dipisahkan 😭🙏"
@vannotegar25,2024-07-05 13:16,Anak vokasi ipb kalo mpkmb butuh pesen ketring ga ya??
@llyyytn,2024-07-05 12:51,"ini memo gua penih bgt:(
nanti bikin vlog mpkmb gimanaaa arghhsvsb"
@lynestudy,2024-07-05 12:25,gaiss rok model bgni bolehh ga buat mpkmb????
@KimMeinjeong,2024-07-05 12:07,ini serius mpkmb harus gelapin rambut...
@juicetomt,2024-07-05 11:49,"saran ciput yang ga bikin pusing pls buat mpkmb.... 

(aku alumni madrasah tapi ga pernah pake ciput karena pusing) 😭😭"
@hardfortt,2024-07-05 10:35,Hari ini kerjain 2 logbook mpkmb dan 7habits dan mengerjakan esai buset apa itu TGIF lol i love productive in Friday
@roseshaze,2024-07-05 10:30,sepatu buat mpkmb kl ky converse gt trs tali nya diganti item boleh gasih.... kocak bgt masa gw harus beli sepatu lagi..... 😢
@menisyong,2024-07-05 09:36,tahun kemarin nangisin tugas mpkmb sekarang bales dendam jadi panitianya TERNYATA SAMA SAMA PUSING #gppakukuat #janjiganangis #benicesvipb
@clairobogor,2024-07-05 09:28,infokan catering mpkmb yang dimasakin sama nicholas saputra
@060411wa,2024-07-05 09:12,sop mpkmb keluar hari Senin y/n?
@ipb_menfess,2024-07-05 09:11,"punten, gais ada yang punya tutorial convert mpkmb?"
@abonsopiw,2024-07-05 07:50,"kek panduan penyetaraan mpkmb aja baru terbit tgl 3 di akun issuu ditmawa, h-3 sebelum dedlain submit"
@aissyyyaipibi,2024-07-05 07:33,"hah mpls sekolah DAH SECEPAT ITU KAH, sekolah sma ku kok mplsnya tanggal 13 juli, CEPET BANGETT NANGISS😭😭, untung ini mpkmb masi lama.."
@lovsjw,2024-07-05 07:15,"Ah gtu, makasiii bgt ya kaa!!! See u di mpkmb 61"
@partaer,2024-07-05 07:12,ada yg punya file sop berpakaian di sv nggak? bukan pas mpkmb tapi yg buat ngampus sehari hari
@arzhitect,2024-07-05 07:00,"ga siap mpkmb, maunya nonton bg windah tiap hari"
@saysofs,2024-07-05 06:46,tpi itu gatau yaa sesuai sop buat mpkmb ngga😭 tpi aku tujuan beli mah buat daily outfit kuliah juga si soalnya
@j4sminesites,2024-07-05 04:53,ini mpkmb store bakal jual digicam kah
@nedisheepa,2024-07-05 04:52,"taun lalu iyaa, SOP MPKMB keluar stlh pengumuman jalur mandirii. Km kl mauiat sop taun lalu, cht sjah"
@muztardketchup,2024-07-05 03:34,semoga sop pakaian mpkmb ga berubah banget pls udh beli lewat online ni😭
@limitfungsii,2024-07-05 03:10,apa sop mpkmb kluar pas yg jalur mandiri dah kelar regis dan byar ukt yh (feeling)
@sassyysasyaa,2024-07-05 01:46,"Siapa yg siap buat mpkmb tapi tidak siap dengan tugas2 nya??

Akuu🙋‍♀️😭😔"
@ygmuliaparis,2024-07-05 01:24,"Semua harus di bogor tgl 27 juli, pra mpkmb 2 agustus brti estimasi ambil almet dr 27 juli smpe 1 agustus dibagi perfakultas"
@naj2ui,2024-07-05 01:23,BLUM SIAP TUGAS MPKMB PLIS 😩
@naj2ui,2024-07-04 23:33,Eh beratti mpkmb nya 2 minggu ya??
@naj2ui,2024-07-04 23:17,Emang mpkmb tuh sampe malem kahh??
@CestLaReves,2024-07-04 22:36,"Ok katanya harus banyak dokum pas mpkmb, smoga hati introvertku bisa berkooperasi dengan baik"
@RADIANT3CCLIPSE,2024-07-04 21:20,"total sks yang akan gue miliki :
hls 1 sks (WKWK DOAIN ISTIQOMAH NGERJAINNYA)
ormawa 2 sks
mpkmb 2 sks
7 habits 2 sks (duh tp pgn convert smt ini cuma gada harapan, dosen 7 habits gue lg di pelosok)
kepanitiaan 🤔 1-2 sks (i guess)
smt 3 mending nuker EC diatas atau ambil SC ya?"
@arathechild,2024-07-04 16:34,WOI LAI SPILL MPKMB DONG
@seafishyyy,2024-07-04 15:47,tgl mpkmb udh kespill lewat cateringg yh wkekwkw ditunggu yach temen²
@fleyura,2024-07-04 15:36,"oe akan identity reveal, kalo udah mpkmb cixinwndisjskos yahahahhahahah"
@rizkakrebs,2024-07-04 14:42,mpkmb ipb jngn mau kalah donggg😭😭😭
@chipwaa,2024-07-04 14:39,bner tu banh. yg penting lulus mpkmb aj
@ccxswtlvie,2024-07-04 14:37,belum fad klo mpkmb baru 7h ajaa
@bluendzer,2024-07-04 14:26,ini udh mau mpkmb 61 dan gua blom convert 7h
@raurafily,2024-07-04 14:23,hari hari mantengin ig mpkmb
@bbirusky,2024-07-04 14:16,caa kamu udah convert yang mpkmb belumm?
@060411wa,2024-07-04 14:14,"kalo bener pra mkpmb tgl 2, ini sop mpkmb kpn keluar yah lama bgt"
@barabarambis,2024-07-04 14:12,"WKWKWKWK NGGAKKK MPKMB full aman dateng, materi, yelyel jargon, pulank. Yang ga aman.... tugasnya... ga abis abis....."
@ratuestteao,2024-07-04 13:50,"sepatu item buat mpkmb tu boleh ada putihnya ga si walaupun cuma dikit?? plss sepatu itemku sudah jebol dikit dan sobekk. ak disaranin mama buat beli lagi tapi eman"" banget takut cuma kepake pas mpkmb doang"
@nisnoot,2024-07-04 13:49,soalnya pra mpkmb mulai tanggal seginii
@bluesstudy,2024-07-04 13:41,mpkmb tuh tanggal brp sih yg bener
@060411wa,2024-07-04 13:38,kpn ambil almet? kpn sop mpkmb keluar?
@kerlabu,2024-07-04 13:16,"@.MPKMB_IPB ayo, Min 🤭"
@meteorhologi,2024-07-04 13:10,"tahun lalu, SOP berpakaian diumumin berapa lama sebelum MPKMB ya?"
@kerlabu,2024-07-04 12:59,MPKMB ayo undang Anies Baswedan 😁🫰🏻
@cikenti,2024-07-04 12:43,"isinya mostly foto foto sihh sm video buat penugasan a day in my lifee, jgn lupa ambil dokumentasi nnti pas mpkmb syp tau ada tugas a day in my life jg tahun ini😵"
@studydxn,2024-07-04 12:32,hahahaha semangat mpkmb!! jangan lupa healing
@sehatselaludir,2024-07-04 12:14,"pas mpkmb sih pergi nya, CUMA MPD NYA KAPAN NYA ITU LOHSISBWIWHAMSGSK"
@dishayangkamuu,2024-07-04 12:05,bismillah mpkmb ada mahalini
@Raersaaa,2024-07-04 12:04,ges kebutuhan mpkmb persis sama kaya angkatan 60 kah.. takut ketinggalan info bjir
@kamilmfeb_,2024-07-04 11:57,Sumpah ngakak banget tanggal pra mpkmb sama mpkmb ke spill di myCo edisi juli
@nanaaipb,2024-07-04 11:56,"Aku yang paket full pra+mpkmb, takut keteter jadi telat makan ☝️😔"
@boojaymey,2024-07-04 11:37,imagine mpkmb ipb ngundang twice
@adipnphys,2024-07-04 11:11,"p me yg diawal mpkmb pengen ipk 4, sekarang kayanya ganti prinsip yg penting kumlot😹😹"
@dreamscapessal,2024-07-04 10:40,kok gua jadi takutt mpkmb nanti yaah setelah liat semua sop dan penugasannyaa
@chwangtip,2024-07-04 10:33,"Alhamdulillah gda dan semua keperluan mpkmb mudah di dptin, bukan yg bkin pusing nyari barang"
@mauNgambis2419,2024-07-04 10:16,"liat temen2 yg pada sibuk beli barang2 buat mpkmb (baju2) gitu
w mau beli skrng tapi sop terbaru nya belum keluar,, takut ada yg beda?"
@rajijiji_,2024-07-04 10:16,"ga ada aman ajahhh, mpkmb kan ospek modern anjayy"
@xartemn,2024-07-04 09:52,EH KALIAN KOK DAH PADA SIAP2 MPKMB?!?!?! UDAH DI SHARE KAH KEPERLUANNYA?
@_ceriboy,2024-07-04 09:43,j.... kmu kating aku kah nnti di mpkmb...? demi apa aku seneng bgt
@senamseribu,2024-07-04 09:10,wkt mpkmb katanya taun lalu mah disuruh bikin da
@unwrittuen,2024-07-04 09:03,eh semoga mpkmb nanti guest starnya windah basudara pelis
@cikenti,2024-07-04 08:56,ciee officially mahasiswi ipb😋semangat yaa mpkmb dan pkunya
@sugaipb,2024-07-04 08:51,"Mutz aku yg kating
Kalo mpkmb ipb ada tebak"" makanan yg nama nya aneh"" itu ga????"
@muztardketchup,2024-07-04 08:46,mpkmb ntar disuruh bawa teka teki snack yg namanya aneh2 itu gasih?
@nnaaninuu,2024-07-04 08:35,eh kita mpkmb harus bawa bekel kahh?? ada yg buat non asrama gaaa
@mieladyy,2024-07-04 08:34,Tl aku penuh sm yg nanyain ttg mpkmb.... Ges tunggu ak pls.... 6 hari lagi 😞😞😞😞😞😞😞😞😞😞😞😞😞😞😞😞 ak mw ikutan jawab jugaaakkk
@anyinn1,2024-07-04 08:10,gais info dong baju apa aja ya yang di pake pas mpkmb 🥲🫠 hellppp mee plzzz🫵🏻😖‼️
@4thocyeanic,2024-07-04 08:02,Guys baju batik buat MPKMB kalian warna apa?
@flownyl,2024-07-04 07:59,sdh memasuki bogor yg ujan siang2.. semoga ntr pas mpkmb gk ujan pls 🥹
@jajeetl,2024-07-04 07:54,ini sop mpkmb kapan keluar sih?🥲
@intakipb,2024-07-04 07:37,ada yg punya file sop mpkmb tahun lalu kh
@tasmoniaa,2024-07-04 07:07,gue abis liat arsip ig dan ternyata gue memulai semua gila² kerja ini dari juni tahun lalu jaman mpkmb sg gue bnr² 2 hari pulang tbtb di dramaga tbtb di jkt tbtb di bekasi tp seruuu
@themariast,2024-07-04 06:43,Eh sumpah setuju
@gajihbulanan,2024-07-04 06:42,min jgn mw kalah min @MPKMB_IPB
@jaemincikini,2024-07-04 06:37,"haii fiahh mjb yaa, kamu punya list perlengkapan mpkmb kahh? boleh kah aku memintaa 🙇🏻‍♀️"
@tqksi,2024-07-04 05:59,"sama deh kayanyaaa, btw blm ada info mpkmb nya kapan ya?"
@franklinoceanoo,2024-07-04 05:56,@MPKMB_IPB undang windah basudara juga dong min😆
@babiesyoda,2024-07-04 05:48,"gys kan pra mpkmb tu tanggal 2 agustus, tapi aku masuk asrama tanggal 28 july, menurut kalian dari tanggal 28 tu mending aku stay di bogor apa balik ke jakarta lagi?"
@sagitarinuns,2024-07-04 05:33,TENANGGGGG aku akan temani mu selama mpkmb call me if you need me AKU SIAP DATANG SEGERA
@hnbecool,2024-07-04 05:17,mpkmb nya na ada ga
@gawkulator,2024-07-04 05:16,yg bru dinilai yg mpkmb
@chasedeadg,2024-07-04 05:05,dosenku pls acc mpkmb dan 7 habits ku
@hnbecool,2024-07-04 05:03,isokey belajar habis mpkmb aja
@cloxerene,2024-07-04 05:00,"mjb, jadinya buat bukti stupor mpkmb km gimanaa sheaa?"
@onyourn__n,2024-07-04 04:48,ini mpkmb belum ada announced apa-apa kah? kok aku clueless yhh
@kleforlie,2024-07-04 04:45,pra mpkmb itu offline atau online sih? barengan sm skd 😣
@ygmuliaparis,2024-07-04 04:44,Mirip sm taun lalu tp ud ad tu di repostan aku yg spill sop mpkmb
@_ceriboy,2024-07-04 04:07,klo gw gd tmn pas mpkmb gmn ya kn gw anakny introvert abis
@dCinnamoroll,2024-07-04 04:01,batik mpkmb ku warna tosca biar fema abizzz 🤙🏻
@milktearaa,2024-07-04 03:45,maunya gt dar… masalahnya kita maba kmn dilarang ketemu sebelum mpkmb 😢😢 mending lu aja dar bikin gebrakan meet up kicil di lapangan upnvj ☝🏻
@CestLaReves,2024-07-04 03:43,Pas mpkmb gw bakal sokap parah
@hourlybiru,2024-07-04 03:29,"bangun pagi dg menyadari bentar lg mpkmb 61, and gatamala agrinawa officially punya adek 2😭. Dlu waktu masuk ipb gue melihat 57 itu udh tua bgt, and now iam 'that 57'😭😭😭😭😭😭"
@eunwooipb,2024-07-04 03:22,oi mapa ipb mutualan ig yuk biar ngehype mpkmb bareng (yg lain juga boleh)
@gostoods,2024-07-04 03:16,spill an tanggal mpkmb terjelas wkwk
@repssbewwy,2024-07-04 03:09,akhirnyaa doneee 7h & mpkmb itu
@iamkimdahyun,2024-07-04 02:43,"misi mau tanya, ini mpkmb cuma buat sarjana aja apa pascasarjana juga ya? makasih"
@wholeluve,2024-07-04 02:36,mw ikut mpkmb 61:((
@gorjesgurll,2024-07-04 02:02,"“sapi tau ppko ini darimana?”
“itu bu dari kakak pjk aku pas mpkmb dulu itu…”
“terus naksir?”
😀😀😀😀😀😀😀😀😀😀😀
“maksudnya naksir infonya 🤭”
IYA DEH BUUU 😊"
@llyyytn,2024-07-04 01:30,"di majuin setau ku, kan mulai kuliah tgl 12, dah emang keknya tiap tahun tu Pra (Jumat-Sabtu) trus mpkmb Senen nya"
@eveschew,2024-07-04 01:13,"Kurang tau ya kalau di mpkmb gini... tapi di mpls SMA-ku ada pra juga, acaranya kayak ngumpul sekelompok terus dibriefing buat mpls nantinya, sekaligus tugas tugas juga gt deh"
@eveschew,2024-07-04 01:11,"Enggaa, itu biar orang punya sarapan tanpa harus nyari dulu. Kan nanti pas mpkmb bakal sibuk tuh, jadi kita gak perlu nyari makanan sendiri kalau ikut catering gitu"
@hourlymel,2024-07-03 18:41,Persiapan buat mpkmb masih nol 😔😔😔😔😔😔😔
@piymoo,2024-07-03 18:37,bismillah mpkmb di acc sblm tgl 6
@mathematyc,2024-07-03 18:28,"pls sama, mau bebersih buat menyambut mpkmb"
@cipOlsit3,2024-07-03 17:07,YAALLAHHHHHHH besok harus ke depok pagi tp sekarang gue masi main x aja
@cipOlsit3,2024-07-03 16:55,tapi sumpah emg tadi abis ujan gede MACET BGT GILAAAAAA
@pangeranmimpin,2024-07-03 16:50,OH IYA? WKWKKW SEE YOU DI MPKMB
@jenoskhb,2024-07-03 16:27,"disclaimer : ini infoo buat batik aja, untuk sop yg lain ditunggu dari mpkmb ajaa yh gurls dan jangan dijadiin patokan juga karena bisa jadi beda sama sop tahun ini"
@hnbecool,2024-07-03 16:03,"61 banyak follow akun ini😭 yall semangat for mpkmb nya🫶🏻

anw aku mau review makanan sekitar dramaga yg wajib kalian coba selama di dramaga..🙂‍↕️"
@urfuturvet,2024-07-03 15:52,"dijamin kalian bakal tepar abis mpkmb, aku kmrn sempet bbrp kali ga makan gegara saking capeknya (jangan ditiru ygy, aku ga ada gerd jd aman)"
@urfuturvet,2024-07-03 15:51,"keinget dikit, anak 61 yang liat twt ini aku mau nyaranin kalian ikut cathering selama mpkmb ya, kalo bs yang dianter sampe kosan soalnya itu ngebantu banget NGET NGETTT"
@muztardketchup,2024-07-03 15:48,GA LUCU NIH KALO PAS MPKMB STORAGE HP ABIS PAS MAU VIDEO
@saturwnusz,2024-07-03 15:16,"Ga sabar buat mpkmb, tapi takut nanti ga ada temen 😭"
@dCinnamoroll,2024-07-03 15:13,aku jadi kepikiran batikku buat mpkmb uda bener belum ya.......
@nipnif,2024-07-03 15:07,"Ya Allah mpkmb gausah ad bkin video video pls, storage aku penuh Ya Allah.....
klo emg ada, hp baru gpp ya Allah"
@kilshley,2024-07-03 14:41,anjay tempat merenung
@aissyyyaipibi,2024-07-03 14:37,"ITUU DI TELAGA INSPIRASI ga sieh kalo ga salah, kalo salah maafin ya min soalnya udh bulan juli🙏🏻🙏🏻"
@aissyyyaipibi,2024-07-03 14:36,"IYAA WKWKWKW, EH JGN DIINGET DENG KI ITU AKU MASI SAMA SI ITU YA ALLAH😭😭"
@kilshley,2024-07-03 14:35,KITA KESINI HUJANAN WAKTU ITU AHAY @studyassya
@cearariani,2024-07-03 14:23,Iyaaah sayyy😭 aku banyak liat vidio mpkmb 60' sama liat ketentuan di yg buku panduan taun lalu
@MPKMB_IPB,2024-07-03 14:15,"halo sobat nara, tadi sore mimin lagi mencoba strolling around wilayah ipb🏃🏻‍♀️. ada yang tauu gakk ini ipb bagian manaa??🫣

#HiddenGemnyaIPB
#SebentarLagiMPKMBIPB61
#miminsyngnarapatibimantara"
@onyourn__n,2024-07-03 13:57,TAKUTTTT dapet temen ga ya nanti pas mpkmb T____T
@vannotegar25,2024-07-03 13:40,Makin ga sabar mpkmb kak 🙌
@eunwooipb,2024-07-03 13:35,foto buat twibbon mpkmb harus make almet kah? (ngeliat postingan mpkmb 60)
@eveschew,2024-07-03 13:16,"mpkmb yg tahun lalu ada itu buat pakaian, cuma berguna jg buat kuliah ke depannya gtt"
@iluffygf,2024-07-03 13:15,mpkmb???
@jenoskhb,2024-07-03 13:15,"buat nanti mpkmb nya raa, info dari sop mpkmb taun sebelumnya"
@branbrebro,2024-07-03 13:14,"bjir gua mindahin line trus pake backup chat keluar zaman MPKMB bjir ""JAM MALAM"""
@clairobogor,2024-07-03 13:14,katanya buat mpkmb……
@eveschew,2024-07-03 13:05,"Pra mpkmb dari tgl 2 gusy, kespill di e-catalog asrama"
@duadevice,2024-07-03 11:51,mpkmb bisa diconvert? baru tauu
@repssbewwy,2024-07-03 11:43,plis cara convert mpkmb gimanaaa
@flowerrpuffs,2024-07-03 11:31,mpkmb kapaann
@fleyura,2024-07-03 11:25,teaser mpkmb udah kluar yhahahay
@abonsopiw,2024-07-03 11:20,"bisa ke ig-nya langsung yaa di solusi.danus, di bio ada no. wa-nyaa, nanti tanya aja catering buat mpkmb tahun ini avail atau ngga"
@sunsetdayone_,2024-07-03 10:53,"eh mpkmb berapa sks deh, terus dokumnya masukkin apa aja"
@temansekelasaja,2024-07-03 10:32,Mpkmb gw cuma dinilai 83.... Bisa dapet A gak ya???
@madforknowingu,2024-07-03 10:06,aturan mpkmb taun ini emang udah keluar ya?
@cearariani,2024-07-03 09:31,"Hi moots NARAPATI PLIS I'm very confused very very confused huhu ""berkerah"" buat cwek tuh yg gimana sih bingung, klu yg kiri kyk lanang bgt😭 udah mana mpkmb dikeluarin bajunya, klu kanan itu aku ke banyak toko disaranin itu kemeja formal berkerah cwk, btw itu kancingnya di dalam"
@wwifiku,2024-07-03 09:06,MPKMB.
@carlosipb,2024-07-03 08:44,moots mau tanya aku bingung liat sop mpkmb taun kemarin kan ada sepatu hitam bertali ya itu maksudnya sepatu olahraga kah? apa sepatu warrior sekolah gitu? atau bener bener harus full item jdi kek model sepatu skena? 😭
@llyyytn,2024-07-03 08:15,"klo dri per kiraan ku si tanggal 5
soalnya Pra mpkmb dri tgl 2"
@bildelrey,2024-07-03 07:45,Mootsss ziapa aja yg masih di bogor selain anak fem dan mpkmb??
@lynestudy,2024-07-03 07:36,gaiss kliann pda main locket gasii?? mutualan lockett yuuu esp anak skhb biar kita bisa share keseruan pas mpkmb nnti
@4thocyeanic,2024-07-03 07:31,MPKMB sepatunya wajib yang bertali kah?
@lovingfreyaa,2024-07-03 07:14,"Bener juga, waktunya stream mpkmb anthem, kampus terbaik, dan jingle mpkmb instead of buka ipbm😋😋"
@coconatir,2024-07-03 06:47,zhirr kan kita udah temenan 🫂 plis temenin gue biar ga plenga plengo selama mpkmb nanti 😔
@aneversez,2024-07-03 05:42,udah hari ketiga di bulan juli tapi belum ada info apa apa tentang mpkmb. gue cuma takut keperluan buat mpkmb ada yang kurang pas deket deket hari h jir😥😥😥😥😥
@fysmhh,2024-07-03 04:23,MPKMB 👊🏻
@juicetomt,2024-07-03 03:24,eh udh ada info butuh apa aja kah buay mpkmb?
@metodologig,2024-07-03 02:50,mpkmb ngundang day6 gk ya
@clairobogor,2024-07-03 02:08,ehh batik mpkmb kahhh
@cipOlsit3,2024-07-03 01:57,"gk, km cingkuh"
@cipOlsit3,2024-07-03 01:55,knp gk telponan sm aq
@cipOlsit3,2024-07-03 01:54,telponan lg yah
@etdahwkwk,2024-07-03 00:55,Gumoynings adakah yg tau tempat jual kemeja polos (buat mpkmb) di oren yang bahannya bagus
@shymfiony,2024-07-02 22:26,sumpah melihat anak poltekkes ospek jd takut sendiri😭 mpkmb pls be nice🙏🏻
@inversmatrix,2024-07-02 17:23,"gue jadi ovt, ini gue mpkmb dapet temen ga ya😭😭😭
muka sejutek ini berkelahi dengan sksd"
@letyouintome,2024-07-02 16:13,"Abis MPKMB sepi ? di Satuhu tidak begitu.
Makasih banyak ke Alvin sama Yuan (ketua kelompok Arutala satuhu (maaf lupa sebutannya)) udah inisitif bikin ""Gugah Satuhu"". Kita main bareng di SDGS, Kehujanan bareng, cerita banyak dah pokoknya.

*Tukeran kado gw dapet uang coy"
@goomaaddict,2024-07-02 16:07,mpkmb ada nadin amizah dong pls aku memohon
@letyouintome,2024-07-02 16:07,"Parah men cofasil ngga boleh ikutan pas MPKMB,
yaudah deh gw ikut summer course ke Belitung sembari ngeliatan foto-foto MPKMB mereka.
Makasih Abdu (PJK Satuhu) udah nemenin mereka selama MPKMB, mantaplah mereka menang yel-yel terbaik."
@booksfire_,2024-07-02 15:09,"beli digicam... aaaaa nyesel dikit salah beli kamera🥲, semoga sblm mpkmb dah ada digicamnya"
@nedisheepa,2024-07-02 15:09,weh ini lu convert kepanitiaan atau mpkmb bro
@llyyytn,2024-07-02 14:24,kalo liat orang jomok ini pas mpkmb sapa aja ges
@onawear2,2024-07-02 14:23,"Jiko MPKMB

""niat hati kuliah di ui, tapi dipeluk ipb universty. halo semua aku kamal, disangka tinggi gamau rugi”

Mana jiko kalian🫵
@dm_arby @kamilmfb_ @ygmuliaparis @pangeranmimpin @gostoods"
@ygmuliaparis,2024-07-02 14:15,"Rambut baru mode ""siap menyambut MPKMB""

Btw mirip artis yg kalah tinju sm anaknya ahmad dhani itu gasi"
@babukily,2024-07-02 14:14,"haloo, aku bole nanya terkait logbook mpkmb gaa yaa?"
@aissyyyaipibi,2024-07-02 14:07,"wow aku penasaran sama notes grupnya karna salfok ""tips mpkmb"" 😭😭😭"
@CestLaReves,2024-07-02 12:52,RILLL DITUNGGU AJA TAUN DEPAN NTAR GW YG MC MPKMB
@pangeranmimpin,2024-07-02 12:45,"Jiko MPKMB
""Senang diterima di IPB, Melalui SNBP, saya
Muhammad Fernanda Athallah Ar-Rafii, dari Kota Bekasi"" salam kenal semuanya 🤟🏽

Mana jiko kalian @dm_arby @niesynna @nnadbtra @fwzthecounselor @simallun @dCinnamoroll @psychology @kamilmfeb_ @Gakgitushil @ygmuliaparis"
@wajarfema,2024-07-02 11:49,jd keinget pas mpkmb gue selalu mandi jam 11 malem biar gaperlu mandi subuh subuh... terus abistu bangun jam 3 karena mobilisasi asrama jam 4 😁
@repssbewwy,2024-07-02 11:37,mpkmb juga jir tpi gua ga ada panduannya
@ygmuliaparis,2024-07-02 11:13,"Jiko MPKMB 
""Kanan dicap fasis, kiri disangka komunis, perkenalkan aku altafaris, si mata minimalis hidup ekonomis""

Mana jiko kalian @pangeranmimpin
@dm_arby @niesynna @nnadbtrq @fwzthecounselor @simallun @dCinnamoroll @psycholoegy @kamilmfeb_ @Gakgitushil"
@lovlbiya,2024-07-02 10:42,akuu gitu kayanya cuma 5-6 hari di mpkmb resmi nya aja
@chalkszone,2024-07-02 10:33,mpkmb gak boleh make up kah... 💔
@hazukarai,2024-07-02 10:30,waktu itu siapa ya mootsku yg punya list barang yg dibutuhin untuk mpkmb taun lalu 😞 dmku ilang semua
@ulatkecil_,2024-07-02 10:28,ni dri cerita2 admin ini sbg maba ya gue sgt beruntung udh punya barengan klo ke gedung malem2 krn YA ALLAH SIAPA YG MAU DIHABTUIN SUBUH2 MAU MPKMB
@theladsuniverse,2024-07-02 10:23,mpkmb nahdahhh
@sprinxlee,2024-07-02 10:13,SOP pakaian MPKMB 61 kapan rilis sih
@themevs11,2024-07-02 09:30,"klo ga salah Masa Pengenalan Kampus Mahasiswa Baru (MPKMB), Pelatihan 7 Habits,Talent Mapping, Pembinaan Kesadaran Bela Negara, Kreasi dan Kelas Peminatan"
@eveschew,2024-07-02 09:18,Mpkmb tuh selesai jam berapa siiii aaaaa bingung mau nyuci sendiri apa londri plis
@fitriarizkyka,2024-07-02 08:26,"wah, seru deh~

semoga lancar mpkmb, dll nya"
@ralcyons,2024-07-02 08:02,7 habits sm mpkmb convert kapan ya BINGUNGG bgttt
@rickyuph,2024-07-02 07:32,ak rncnanyaaa mw ikut pas pra mpkmb sm mpkmb soalnya pagi bget kan...trus katanya better catering kalo mpkmb
@rickyuph,2024-07-02 07:17,btulll🖐🖐 etapi KMUUU NANTI PAS PRA MPKMB SM MPKMB bkal ikut catering asrama gak yah...? soalnya katanya mpkmb pagi bget
@nightteaa,2024-07-02 06:06,Gais kemeja putih buat mpkmb yg off white atau BW yaa?
@j4sminesites,2024-07-02 05:57,gatauuu deh tp katanya gaakan mepet mpkmb
@jimolkeju,2024-07-02 05:12,frens mau tanya!!! yang udah convert mpkmb kalian masukin dospemnya fatu****man atau dospem kelompok yang ada di sertif?
@rickyuph,2024-07-02 04:54,oiii klenn yang di asrama pada pake catering asrama kh nanti ap bli sndiri ((pas bkan mpkmb))
@n4zwayy,2024-07-02 03:38,"kapan kira"" kelompok mpkmb bakal dibagi?"
@avoduice,2024-07-01 23:54,smg SKD gua ga bentrok mpkmb yg offline pls :(
@pangeranmimpin,2024-07-01 19:13,"next ya agendain lagi firstmeet snbp snbt kalau bisa mandiri dll sebelum
mpkmb"
@lovingfreyaa,2024-07-01 18:32,Tamatin mpkmb dan 7 habits dulu gak sih
@cipOlsit3,2024-07-01 18:26,HAIII!! KITA SATU PRODIII mutualannn yuuuuu😋😋😋
@Oopioow,2024-07-01 18:26,lu lagi sibuk sibuknya mpkmb ga sih tanggal sgtu😭
@cipOlsit3,2024-07-01 18:19,pgen cepet cepet ke kos biar dapet uang bulanan😓
@chstudis,2024-07-01 17:26,"semangat yaaa narapati bimantara melewati masa"" mpkmb ini (opsional)"
@hnbecool,2024-07-01 15:44,convert mpkmb tuh gimana deh? sama kek 7habits kah? ada yg tau caranya?
@anotheriwan27,2024-07-01 15:43,mpkmb ipb kah ?
@dinoxiaorus,2024-07-01 15:35,pliss infokan logbook mpkmb 😔😔😔😭😔😭😣😣🙏🙏🧚‍♀️🌟‼️😣😣👋👊🌏💙🫰🫰
@crunoash,2024-07-01 15:30,guys kalo bekel seblak enoki pas mpkmb kira-kira too much ga ya?
@iheartnoya,2024-07-01 14:43,eh ini aku masih jadi panit mpkmb gak sih
@grazzzeeeee,2024-07-01 14:37,gue masih maba pls..... mpkmb aja blm......
@amourinsh,2024-07-01 14:12,"haloo mjb, kamu ada logbook mpkmb tah?"
@pidiary_,2024-07-01 13:44,"Please, siapapun yang jadi cofasil mpkmb tahun ini bertanggung jawab ya, urus anak-anaknya dengan baik, jangan ilang-ilangan dan maunya dicari-cari, nggak usah sok sibuk, toh kalian yang nyibukin diri sendiri."
@aipibi61,2024-07-01 13:36,ayo kita semua sokab pas mpkmb nnti😓
@shymfiony,2024-07-01 13:13,MPKMB G BOLEH BAWA KENDARAAN PRIBADI?!!! TERUS AKU HARUS JALAN DR KOS?????? YG BENER AJE😭😭😭😭😭
@auliandnrlb,2024-07-01 12:59,"Nanti tuu ada pembagian kelompok ospek besar, sedang, ama kecil koo, trs mpkmb tu pasti bareng ama kelompok ospek besar sama sedang kamuuu… trs jg ada kelompok kecil dan aku pas mpkmb jg dulu awalnya deket sama kel kecilkuu trs baru deket sama anak kel sedangku yg lainn"
@bildelrey,2024-07-01 12:55,"Kaloo aku disatuin sm 7h si jadi 180 jam, isinya kegiatan mpkmb dr kick off sampe kreasi"
@deadbae,2024-07-01 12:54,"pengen jadi maba lagi, oen ngerasain mpkmb offline😞"
@sprinxlee,2024-07-01 12:34,"pokoknya nanti sebelum MPKMB kumpul dulu di kostan siapa kek, as anak rantau😭😓"
@coupernicium,2024-07-01 11:53,siapkah km menyambut mpkmb😅
@ssafirawrr,2024-07-01 10:46,Njir anak 61 pada ambis² ya wak. Smangat bner mpkmb nya
@llyyytn,2024-07-01 10:21,"eh aku belum nyiapin kemeja buat mpkmb, kalian beli kemeja yang gimana?? 
tolong spill link dong😭"
@llyyytn,2024-07-01 10:10,"sippp ka, peralatan nya apa aja tu ka? oh ya kalo buat kemeja mpkmb itu bahan nya apa ka?"
@pipiah_,2024-07-01 10:00,"haloo shaz, aku pnya yg mpkmb 60 tahun kmrn, aku izin dm yaaw"
@sapwwann,2024-07-01 09:26,infokan peralatan mpkmb
@lawsynnnz,2024-07-01 09:21,halo aku boleh nanya terkait logbook mpkmb?
@boujvie,2024-07-01 09:11,hi fiah mjb yaa kamu punya list perlengkapan mpkmb kah?? kalo iya aku boleh minta gaa hehe thankyoou!! 💓
@vonsvaroli,2024-07-01 08:19,nanti pas mpkmb tampil lagu shonichi
@winsmilee14,2024-07-01 07:22,MPKMB SEWWRU BANGET tugasnya egk
@nipnif,2024-07-01 07:17,tb tb deg degan mpkmb asli
@terebiologi,2024-07-01 06:18,gua ga sabar mpkmb tapi TAKUT JUGAA
@dishayangkamuu,2024-07-01 06:11,"ada rekomen vitamin ga, butuh  bgt buat mpkmb nnti sama pas pku"
@nisaalzahraa,2024-07-01 06:05,"yg satu pacaran, yg satu ada urusan, yg satu mpkmb, memang punya tmn ga solid yh"
@pipiah_,2024-07-01 05:42,"aku blm beli perlengkapan apa"" buat mpkmb, klo h-seminggu keburu ga yaa kira"""
@haoipebe,2024-07-01 05:39,gusy buat mpkmb sabuknya yg mn deeeh???
@saviorbly,2024-07-01 04:40,sumpah ya kalo gw orangnya setiap besoknya ada kegiatan susah bgt buat tidur makanya pas mpkmb jam segitu kebangun 😃 dan tidurnya pas siang abis acara itu wkwk
@cottoncanday6,2024-06-30 23:59,Ntar mpkmb ada buku panduannya gitu kan ya? Tkt bgt klo ngang ngong2 doang Krn ga ngerti teknisnya 😭
@haoipebe,2024-06-30 23:49,gak diijinin bjir klo ngekos bulanan😃💔 ak pgen seminggu buat mpkmb :( sdih abis
@naj2ui,2024-06-30 23:48,"Guys, sewa kost yang bisa mingguan dimana ya gapapa deh agak jauh dari sv tapi kalo ada yg deket gapapa sie, butuh bgt buat mpkmb doang 😞😥"
@cipOlsit3,2024-06-30 18:28,AYO MUTUALAN😞
@eunwooipb,2024-06-30 18:16,kakel ku dulu mpkmb kumpul nya jam 5 kok 😭
@cipOlsit3,2024-06-30 17:56,merah deh
@cipOlsit3,2024-06-30 17:39,@gyuuah lucu bgt
@gudetawma,2024-06-30 17:29,"udah juli aja ya
ahhhhh gasiap asrama😭 mpkmb😭"
@cipOlsit3,2024-06-30 17:06,GUE JD TAKUT KALO KE LAB????
@chalkszone,2024-06-30 16:52,bantu ak mendapat teman sebelum mpkmb
@draysss___,2024-06-30 15:37,Tugas mpkmb gapernah aneh aneh kok
@WinevDay,2024-06-30 15:29,"Moga tugas mpkmb ngga yg aneh"" peliss"
@seafishyyy,2024-06-30 14:31,eh kok mpkmb anj lg di auman jd ganyambung gue😭 mksdnya ppko coyyy
@seafishyyy,2024-06-30 14:23,mikirin mpkmb #realistisajh
@llyyytn,2024-06-30 14:07,"gimana caranya bangun sebelum jam 3 pas mpkmb?
apa gausah mandi ya? mandi sebelum tidur aja

jam 04.30 dh di ipb? sholat subuh di ipb? Msbdkmsjs"
@tqksi,2024-06-30 13:53,boleh minta sop mpkmb nya ga...
@crunoash,2024-06-30 13:46,mungkin gw akan ke bpsdm jateng terus balik ke kamar asrama gw dan tidur di sana sampe mpkmb dimulai 🙂‍↕️
@aneversez,2024-06-30 11:08,iyaa kata kating di grup fakultas ((kayanya sih buat mpkmb doang))
@muztardketchup,2024-06-30 10:58,"mau inactive sbntar sampe mpkmb atau mulai kuliah, see u soon guys :)"
@khansaaii,2024-06-30 10:24,"AAMIIINNNNNN NANTI KTA KETEMU PAS MPKMB YAA, aku mene sama ep kalo kamu apaaa?"
@hnbecool,2024-06-30 10:24,"aku kemarin catering dari mpkmb, tp saran aku kamu beli malem aja di bara buat dimakan paginya (menurutku gini lebih worth it)"
@cceruIean,2024-06-30 09:46,udh ada tah rules buat mpkmb???
@haoipebe,2024-06-30 09:44,gusy ada nggak sih kos yang mingguan... aku mau kos buat selama mpkmb aja bjirrrrr
@cchkura,2024-06-30 09:12,"blm kilaa, aku semingguan sblm mulai mpkmb. km kapan?"
@stanfoard,2024-06-30 08:59,kalo twibbon mpkmb ipb yg masuk ke 1st acc aku sih biarin aja gapapa bgt malah 😆😆
@4thocyeanic,2024-06-30 08:44,Guys baju batik buat MPKMB tu warnanya bebas atau ditentuin?
@carlosipb,2024-06-30 07:27,semoga sop mpkmb yang batik berkerah ga berubah soalnya udah beli dan SHOCK BATIK TERNYATA MAHAL JG
@kilshley,2024-06-30 07:05,"ipb makasih ya udah buat aku pusing, tapi tolong terima aku di mandiri donggg

aku bakalan siap bangettt jalanin tugas mpkmb nanti"
@menyalaotakku,2024-06-30 06:46,bismillah bisa ikut MPKMB IPB 25!! aamiin
@cutiesasya,2024-06-30 04:17,aku 7 habits sm mpkmb di smt 3
@blepnel,2024-06-30 03:28,apalah jadinya ak kalo sop mpkmb dadakan 🚶🏻‍♂️
@oomakeisha,2024-06-30 03:00,rok buat mpkmb bole pake rok span skolah gak
@idunnowhtimean,2024-06-30 01:56,gw sehari sblm mpkmb aja nangis nangis
@vannotegar25,2024-06-30 01:38,"Hallo kaka"" tingkat ipb, boleh kasi tips & trik or fun fact  mpkmb ga yaw?? Biar ga kaget wkwkwk"
@khansaaii,2024-06-30 01:25,YG MAU UJIAN SM IPB GOOD LUCKKK SEMOGA NANTI KITA BISA KETEMU PAS MPKMB IPB DI TAHUN 2024💙🩶💛🧡🥰😘💐🌟
@sempakebalik,2024-06-30 00:43,"Haii narapati bimantara 👐🏻 Tunggu kala menguncangkan panggung mpkmb 61 yahh 🤸

#ipb #narapatibimantara #mpkmb #mpkmb61 #mpkmbipb"
