username,date,tweet,fullname
@kodimainjai,2025-03-28 23:55,"Babinsa Mannanti Pos Ramil 05/Tellulimpoe Kodim 1424/Sinjai Pantau Stabilitas Harga Sembako Di Pasar Tradisional Mannanti

#tniad
#dispenad
#puspentni
#TNIindonesia
#kodam14hasanuddin",Kodim 1424 Sinjai
@KodamJayakarta,2025-03-28 21:13,"Pangdam Jaya beserta Keluarga Besar Kodam Jaya/Jayakarta Mengucapkan :

Selamat Hari Raya Nyepi
Tahun Baru Saka 1947

#tniadmengabdidanmembangunbersamarakyat #tniad #tniadprima #kodamjaya #pangdamjaya #harirayanyepi",Kodam Jaya/Jayakarta
@kodamhasanuddin,2025-03-28 20:51,"Pangdam XIV/Hsn & Keluarga Besar Kodam XIV/Hsn Mengucapkan :

Selamat Hari Raya Nyepi

""Tahun Baru Saka 1947""

#tniad
#dispenad
#puspentni
#TNIindonesia",Kodam Hasanuddin
@kodam_mlw,2025-03-28 20:47,"Berbagi Takjil Kodim 0904/Paser Bersama Polres Paser, Jum’at (28/03/25)

#kodamvimulawarman
#tniad
#tniprima
#tni-polri
#marhabanyaramadhan",Kodam VI/Mulawarman
@1420_sidrap,2025-03-28 20:35,"Dandim 1420 Sidrap Bicara Tegas di Press Conference Pembunuhan Sadis

#tniad
#dispenad
#puspentni
#TNIindonesia
#kodam14hasanuddin
#korem141toddopuli",Kodim 1420 Sidrap
@kodam_mlw,2025-03-28 20:32,"Balikpapan - Indahnya Ramadhan 1446 H, Kodam VI/ Mulawarman Berbagi Takjil di Halaman Makodam VI/ Mulawarman, Jum’at (28 Maret 2025).

#kodamvimulawarman
#tniad
#tniprima
#marhabanyaramadhan",Kodam VI/Mulawarman
@penrem_051,2025-03-28 20:26,"Selamat Hari Raya Nyepi Tahun Baru Saka 1947
#puspentni #tni_angkatan_darat #tniadprima #tniad #dispenad #kodam_jayakarta #korem051wkt",KOREM 051 WKT
@KodamKasuari,2025-03-28 20:02,"Buka Bersama Keluarga Besar Yonif 761/KA dan Pengurus Persit KCK Cabang XLV Yonif 761/KA

#TNIAD #TNIADBerjuangBersamaRakyat #TNIADBekerjaDenganHati #TNIADdihatiRakyat #TNIADPrima",Kodam XVIII/Kasuari
@KodamKasuari,2025-03-28 20:01,"Latihan Penanggulangan Bencana Kebakaran Kodim 1802/Sorong Bekerja Sama Dengan Dinas Damkar Kota Sorong.

#TNIAD
#TNIADBerjuangBersamaRakyat
#TNIADBekerjaDenganHati
#TNIADdihatiRakyat
#TNIADPrima",Kodam XVIII/Kasuari
@tni_ad,2025-03-28 16:28,"SATGAS PAMTAS YONIF 614/RAJA PANDHITA, MEMBANGUN PEMBANGKIT LISTRIK TENAGA MIKROHIDRO
instagram.com/p/DHv-BHJONvl/

#TNIAD
#TNIADBerjuangBersamaRakyat
#TNIADBekerjaDenganHati
#TNIADdihatiRakyat
#TNIADPrima",TNI AD
@kodim1608bima,2025-03-28 16:11,"Selamat Hari Raya Nyepi, Tahun Baru Saka 1947.

@Puspen_TNI 
@tni_ad 
@Kodam9Udayana 
@Korem162W 

#puspentni #tniad #tnimengabdidanmembangunbersamarakyat #tniprima #tniselalubersamarakyat #tniselaludihati #kodamixudayana #korem162wirabhakti #kodimbima",@kodim1608bima
@tni_ad,2025-03-28 16:04,"SATGAS PAMTAS RI-PNG YONIF 512/QURATARA YUDHA, KEMBALI MENEMUKAN LAHAN GANJA
instagram.com/p/DHv7ZzCPq5F/

#TNIAD
#TNIADBerjuangBersamaRakyat
#TNIADBekerjaDenganHati
#TNIADdihatiRakyat
#TNIADPrima",TNI AD
@tni_ad,2025-03-28 15:49,"KARYA NYATA SATGAS RDB XXXIX-F MONUSCO UNTUK RAKYAT KONGO
instagram.com/p/DHv5auKNh34/

#TNIAD
#TNIADBerjuangBersamaRakyat
#TNIADBekerjaDenganHati
#TNIADdihatiRakyat
#TNIADPrima",TNI AD
@kodim_jeneponto,2025-03-28 14:35,"Bazar Murah Dalam Rangka Menyambut Hari Raya Idul Fitri 1446 H

#tni
#tniindonesia
#puspentni
#tniad
#kodam14hasanuddin
#korem141toddoppuli
#tnimanunggalrakyat
#persit",Kodim_Jeneponto
@kodam_mlw,2025-03-28 12:33,"KEPEDULIAN TNI DI TENGAH MASYARAKAT YONIF 611 / AWANG LONG

#Kodamvimulawarman
#tniad 
#tniprima",Kodam VI/Mulawarman
@kodam_mlw,2025-03-28 12:01,"Apel Sinergitas TNI-POLRI Dalam Rangka Pengamanan Idul Fitri 1446 H di Paser. (27/03/2025)

#Kodamvimulawarman
#tniad 
#tniprima 
#tnipolri",Kodam VI/Mulawarman
@04_pedan,2025-03-28 12:00,"Keluarga Besar
Kodim 0723 Klaten
Persit Kartika Chandra Kirana Cab XLIV 
Mengucapkan
Selamat Hari Raya Nyepi

#kodimklaten #tni #tniad #kodamivdiponegoro #korem074wrt #nyepi2025",KORAMIL PEDAN
@kodam_mlw,2025-03-28 11:34,"Selamat Hari Raya Nyepi
Tahun Baru Saka 1947 / 29 Maret 2025

#Kodamvimulawarman
#tniad 
#tniprima",Kodam VI/Mulawarman
@tni_ad,2025-03-28 11:13,"Selamat Hari Raya Nyepi Tahun Baru Saka 1947

#TNIAD
#TNIADBerjuangBersamaRakyat
#TNIADBekerjaDenganHati
#TNIADdihatiRakyat
#TNIADPrima",TNI AD
@kodim1418mamuju,2025-03-28 11:00,"""Dandim 1418/Mamuju Bersama Forkopimda Cek Kesiapan Posko Operasi Ketupat Marano 2025, Pastikan Arus Mudik dan Lebaran Aman""

#tniad
#dispenad
#puspentni
#TNIindonesia
#kodam14hasanuddin",Kodim1418/Mamuju
@KodamKasuari,2025-03-28 10:58,"Masih dalam bulan suci ramadhan Kodim 1803/Fakfak Terus Konsisten Memberikan takjil gratis di setiap harinya bagi pengemudi kendaraan yg melintas di depan Makodim 1803/Fakfak, kegiatan ini bertujuan agar terus terjalin hubungan baik

#TNIAD
#TNIADBerjuangBersamaRakyat
#TNIADPrima",Kodam XVIII/Kasuari
@89Pagama33345,2025-03-28 10:56,"Rakyat bersama TNI melaksanakan tugas negara.

Darma Bakti TNI untuk negeri : Hadir, Peduli dan Mengabdi dalam Penaggulangan Bencana.

#tniad
#dispenad 
#puspentni
#TNIindonesia",Kodim Soppeng
@KodamKasuari,2025-03-28 10:56,"Guna mengendalikan harga bahan pokok di pasaran, Forkopimda Kab Teluk Wondama menggelar Operasi Pasar pada Jumat (28/03/2025) dalam rangka memastikan stabilitas pasokan dan harga pangan menjelang Hari Raya Idul Fitri 1446 H.

#TNIAD
#TNIADBerjuangBersamaRakyat
#TNIADdihatiRakyat",Kodam XVIII/Kasuari
@takalar_kodim,2025-03-28 10:51,"Perkuat Sinergitas TNI Polri Dan Masyarakat Di Takalar, Gelar Aksi Sosial Berbagi Takjil Buka Puasa 

#tniad
#dispenad
#puspentni
#TNIindonesia
#kodam14hasanuddin
#korem141toddopuli",Kodim_Takalar
@KodamKasuari,2025-03-28 10:45,"Pembagian Takjil Balak-balak Ajendam, Kumdam, Kudam Wilayah Kodam XVIII/Kasuari

#TNIAD
#TNIADBerjuangBersamaRakyat
#TNIADBekerjaDenganHati
#TNIADdihatiRakyat
#TNIADPrima",Kodam XVIII/Kasuari
@kodamhasanuddin,2025-03-28 10:41,"Indahnya Berbagi, Eratkan Kasih di Hari Kemenangan.
Pemberian Bingkisan Lebaran dari Bapak Pangdam XIV/Hsn kepada Masyarakat yang tidak mampu.

#tniad
#dispenad
#puspentni
#TNIindonesia",Kodam Hasanuddin
@kodamhasanuddin,2025-03-28 10:34,"Sinergi dan Kebersamaan dalam Keberkahan Ramadhan.
Buka puasa bersama TNI-Polri dan ASN Pemda Kab. Bone.

#tniad
#dispenad
#puspentni
#TNIindonesia",Kodam Hasanuddin
@korem091asn,2025-03-28 10:16,"Danrem 091/ASN   Beserta Keluarga Besar dan Jajaran Korem 091/ASN Mengucapkan  Selamat Hari Raya Nyepi 2025
#tni_angkatan_darat #kodam_mlw #tniprima #profesional #responsif #integratif #modern #adaptif # #tentararakyat #infokomando #tniad #korem091asn #korem091",KOREM 091/ASN
@kodim1421pangk2,2025-03-28 09:00,"Rakyat bersama TNI melaksanakan tugas negara.

Manunggal Air Bersih: Wujud Nyata Kepedulian TNI untuk Rakyat

#tniad
#dispenad
#puspentni
#TNIindonesia
#kodam14hasanuddin 
#korem141toddopuli",Info Kodim Pangkep
@KodamKasuari,2025-03-28 08:37,"Karya Bakti Gabungan Kodim, Polres, dan Pemda dalam rangka menjaga Kebersihan lingkungan dan menyambut hari raya Idul Fitri 1446 H tahun 2025 di Kabupaten Pegunungan Arfak.

#TNIAD
#TNIADBerjuangBersamaRakyat
#TNIADBekerjaDenganHati
#TNIADdihatiRakyat
#TNIADPrima",Kodam XVIII/Kasuari
@KodamKasuari,2025-03-28 08:24,"Sambil bagikan Takjil Masyarakat Seruhkan Dukungang UU TNI Angkatan Darat

#TNIAD
#TNIADBerjuangBersamaRakyat
#TNIADBekerjaDenganHati
#TNIADdihatiRakyat
#TNIADPrima",Kodam XVIII/Kasuari
@Kodam12Tpr,2025-03-28 08:12,"Tanjungpura News Edisi 22 Bulan Maret 2025.
piped.video/DCkaOKH13Gs?si=GIDf…

#TNI #TNIAD #kodamtanjungpura  #tanjungpuranews",Kodam Tanjungpura
@KodamKasuari,2025-03-28 08:11,"Komandan Kodim 1802/Sorong Letkol Czi Angga Wijaya S.IP.MA.  mengambil apel pemberangkatan cuti hari Raya Idul Fitri 1446 H Tahun 2025 dan memberikan beberapa penekanan untuk dipedomani oleh seluruh anggotanya

#TNIAD
#TNIADBerjuangBersamaRakyat
#TNIADdihatiRakyat",Kodam XVIII/Kasuari
@KodamKasuari,2025-03-28 08:10,"Latihan Penanggulangan Bencana Kebakaran Kodim 1802/Sorong Bekerja Sama Dengan Dinas Damkar Kota Sorong.

#TNIAD
#TNIADBerjuangBersamaRakyat
#TNIADBekerjaDenganHati
#TNIADdihatiRakyat
#TNIADPrima",Kodam XVIII/Kasuari
@KodamKasuari,2025-03-28 08:09,"Apel Bersama TNI, POLRI dan  Pemda Papua Barat Daya : Sinergi Untuk Keamanan Hari Raya Nyepi dan Idul Fitri 1446 H Tahun 2025.

#TNIAD
#TNIADBerjuangBersamaRakyat
#TNIADBekerjaDenganHati
#TNIADdihatiRakyat
#TNIADPrima",Kodam XVIII/Kasuari
@KodamKasuari,2025-03-28 08:07,"Komandan korem 182/Jo pimpin pemberangkatan apel cuti Hari Raya Idul Fitri

#TNIAD
#TNIADBerjuangBersamaRakyat
#TNIADBekerjaDenganHati
#TNIADdihatiRakyat
#TNIADPrima",Kodam XVIII/Kasuari
@KodamKasuari,2025-03-28 08:06,"Dalam rangka menyambut cuti bersama Idul Fitri 1446 H/2025 M, Kodim 1806/Teluk Bintuni menggelar apel siaga pagi pada Jumat (28/03/2025). Apel yang diikuti oleh 37 personel ini berlangsung di halaman Markas Kodim dan bertujuan memastikan kesiapan dalam menjaga keamanan 

#TNIAD",Kodam XVIII/Kasuari
@KodamKasuari,2025-03-28 08:03,"Ciptakan Ketahanan Pangan Yang Kuat, Babinsa Warmare Bantu Petani Dalam Pembuatan Lahan Bedeng

#TNIAD
#TNIADBerjuangBersamaRakyat
#TNIADBekerjaDenganHati
#TNIADdihatiRakyat
#TNIADPrima",Kodam XVIII/Kasuari
@KodamKasuari,2025-03-28 08:02,"Upaya mendukung sektor pertanian dan ketahanan pangan di wilayah, Babinsa Koramil 1801-02/Warmare Sertu Nasirin membantu para petani membuat lahan bedeng

#TNIAD
#TNIADBerjuangBersamaRakyat
#TNIADBekerjaDenganHati
#TNIADdihatiRakyat
#TNIADPrima",Kodam XVIII/Kasuari
@KodamKasuari,2025-03-28 08:00,"Semangat kebersamaan dan keberkahan bulan Ramadhan terpancar jelas di Kota Teluk Bintuni, ketika Tentara Nasional Indonesia (TNI) dan Kepolisian Republik Indonesia (Polri) wilayah Kabupaten Teluk Bintuni 

#TNIAD
#TNIADBerjuangBersamaRakyat
#TNIADBekerjaDenganHati
#TNIAD",Kodam XVIII/Kasuari
@KodamKasuari,2025-03-28 07:56,"Kodim 1804/Kaimana ikut melaksanakan pengamanan Operasi ketupat di Kaimana.
Pos Pam tergelar di  5 titik.

#TNIAD
#TNIADBerjuangBersamaRakyat
#TNIADBekerjaDenganHati
#TNIADdihatiRakyat
#TNIADPrima",Kodam XVIII/Kasuari
@kodamhasanuddin,2025-03-28 07:47,"Rakyat bersama TNI melaksanakan tugas negara.

Manunggal Air Bersih: Wujud Nyata Kepedulian TNI untuk Rakyat

#tniad
#dispenad
#puspentni
#TNIindonesia",Kodam Hasanuddin
@KodamKasuari,2025-03-28 07:45,"Pererat Sinergi dan Silaturahmi Kodim 1804/Kaimana dan Polres Kaimana Buka Puasa Bersama  Kodim 1804/Kaimana dan Polres Kaimana buka puasa bersama di tanjung simora, Kab.Kaimana, Papua Barat, Kamis (27/03/2025).  

#TNIAD #TNIADBerjuangBersamaRakyat #TNIADBekerjaDenganHati #TNIAD",Kodam XVIII/Kasuari
@1420_sidrap,2025-03-28 06:54,"Sinergitas TNI-Polri Dandim 1420/Sidrap, Polres Sidrap dan Forkopimda Sidrap Awasi Pos Pengamanan Operasi Ketupat 2025.
Kamis (27/3/2025). 

#tniad
#dispenad
#puspentni
#TNIindonesia
#kodam14hasanuddin
#korem141toddopuli",Kodim 1420 Sidrap
@kodam_mlw,2025-03-28 06:26,"Sinergitas TNI - Polri Kodim 1009/Tanah Laut & Polres Tanah Laut Berbagi Takjil Bulan Ramadhan. (Kamis, 27/03/2025)

#kodamvimulawarman
#tniad
#tniprima
#TniPolri
#marhabanyaramadhan",Kodam VI/Mulawarman
@pendim0822bws,2025-03-28 06:25,"PEMBAGIAN SARGAL SATGAS PAMTAS RI-PNG YONIF 112 DHARMA JAYA POS TINGGI NAMBUT
#TNIAD #TNIADBerjuangBersamaRakyat #TNIADBekerjaDenganHati #TNIADdihatiRakyat #tniadyangprima #bondowoso #kodim0822bondowoso",Kodim 0822 Bondowoso
@KodamJayakarta,2025-03-28 06:23,"Pangdam Jaya : Tugas Cuti Lebaran - Zero Accident !!
instagram.com/reel/DHu4ZPLPT…

#tniadmengabdidanmembangunbersamarakyat #tniad #tniadprima #kodamjaya #pangdamjaya",Kodam Jaya/Jayakarta
@WajoKodim,2025-03-28 06:13,"Babinsa Koramil 1406-10/Pitumpanua Dampingi Kegiatan Posyandu di Desa Alesilurunge
#tniad
#dispenad
#puspentni
#TNIindonesia
#kodam14hasanuddin
#korem141toddopuli",Kodim Wajo
@WajoKodim,2025-03-28 06:13,"Babinsa Koramil 1406-09/Sajoanging Koordinasi dengan Polsek Terkait Pengamanan Malam Takbiran
#tniad
#dispenad
#puspentni
#TNIindonesia
#kodam14hasanuddin
#korem141toddopuli",Kodim Wajo
@WajoKodim,2025-03-28 06:12,"Babinsa Koramil 1406-08/Sabbangparu Dampingi Panen Jagung di Desa Pasaka
#tniad
#dispenad
#puspentni
#TNIindonesia
#kodam14hasanuddin
#korem141toddopuli",Kodim Wajo
@AlorKodim,2025-03-28 06:12,"Babinsa Dan Warga Gotong Royong Buka Jalan Tani

Penulis:Faisal.M
#tniad 
#tniprima 
#tnibersamarakyat 
#tnidihatirakyat
#tnimengabdidanmembangunbersamarakyat
#prajaraksakaperdulirakyat

Cek berita selengkapnya disini>>
arashnews.com/2025/03/babins…",Kodim 1622 Alor
@Kodam12Tpr,2025-03-28 06:12,"Selamat Hari Raya Nyepi.
""Tahun Baru Saka 1947""
#tni
#tniad
#TNIADBerjuangBersamaRakyat #kodamtanjungpura #pangdamxiitanjungpura #jamallulael",Kodam Tanjungpura
@WajoKodim,2025-03-28 06:11,"Babinsa Koramil 1406-07/Takkalalla Pantau Harga Sembako di Pasar Rakyat Peneki
#tniad
#dispenad
#puspentni
#TNIindonesia
#kodam14hasanuddin
#korem141toddopuli",Kodim Wajo
@WajoKodim,2025-03-28 06:10,"Babinsa Koramil 1406-06/Pammana Ajak Warga Jaga Kebersihan Lingkungan
#tniad
#dispenad
#puspentni
#TNIindonesia
#kodam14hasanuddin
#korem141toddopuli",Kodim Wajo
@WajoKodim,2025-03-28 06:09,"Babinsa Koramil 1406-05/Majauleng Dampingi Pemantauan Perkembangan Tanaman Padi di Desa Tajo
#tniad
#dispenad
#puspentni
#TNIindonesia
#kodam14hasanuddin
#korem141toddopuli",Kodim Wajo
@WajoKodim,2025-03-28 06:09,"Babinsa Koramil 1406-04/Belawa Jalin Silaturahmi dengan Warga Melalui Komsos
#tniad
#dispenad
#puspentni
#TNIindonesia
#kodam14hasanuddin
#korem141toddopuli",Kodim Wajo
@KodamJayakarta,2025-03-28 06:08,"Khitanan Gratis Koramil 02/Batuceper Kodim 0506/Tangerang
instagram.com/reel/DHu3Q2ZPV…

#tniadmengabdidanmembangunbersamarakyat #tniad #tniadprima #kodamjaya #kodim0506 #khitangratis",Kodam Jaya/Jayakarta
@WajoKodim,2025-03-28 06:07,"Babinsa Koramil 1406-03/Maniangpajo Laksanakan Pengamanan Pos Lebaran di Jalan Poros Sengkang-Palopo
#tniad
#dispenad
#puspentni
#TNIindonesia
#kodam14hasanuddin
#korem141toddopuli",Kodim Wajo
@WajoKodim,2025-03-28 06:06,"Koramil 1406-02/Tanasitolo Bersama Warga Gotong Royong Renovasi Masjid Al Ittihad
#tniad
#dispenad
#puspentni
#TNIindonesia
#kodam14hasanuddin
#korem141toddopuli",Kodim Wajo
@WajoKodim,2025-03-28 06:05,"Babinsa Koramil 1406-01/Tempe Beri Himbauan Keamanan di Pasar Mini Siengkang
#tniad
#dispenad
#puspentni
#TNIindonesia
#kodam14hasanuddin
#korem141toddopuli",Kodim Wajo
@kodim1421pangk2,2025-03-28 06:03,"Rakyat bersama TNI melaksanakan tugas negara.

Sinergi TNI dan Masyarakat dalam Karya Bakti, Bersih lapangan sambut Lebaran

#tniad
#dispenad
#puspentni
#TNIindonesia
#kodam14hasanuddin 
#korem141toddopuli",Info Kodim Pangkep
@Kodim_Tator,2025-03-28 06:00,"Babinsa Koramil 1414-06/Sangalla Serka Ardhi melaksanakan komsos bersama Masyarakat binaan di Lembang/Desa Batualu Kec. Sangalla Selatan Kab. Tana Toraja.
Jumat, 28/03/2025

#tniad
#dispenad
#puspentni
#TNIindonesia
#kodam14hasanuddin",Kodim Tator
@Kodim_Tator,2025-03-28 05:58,"Babinsa Koramil 1414-01/Makale Praka Muklis melaksanakan kegiatan ketahanan pangan bersama Masyarakat binaan di Kel. Tampo Kec. Makale Kab. Tanah Toraja.
Jumat, 28/03/2025

#tniad
#dispenad
#puspentni
#TNIindonesia
#kodam14hasanuddin",Kodim Tator
@kodamhasanuddin,2025-03-28 05:40,"567 Bintara TNI AD Resmi Dilantik, Pangdam XIV/Hasanuddin: Bintara Adalah Tulang Punggung Satuan, Jadilah Prajurit Profesional

""Pelantikan 567 Bintara TNI AD: Awal Pengabdian Sebagai Prajurit Profesional""

#tniad
#dispenad
#puspentni
#TNIindonesia",Kodam Hasanuddin
@kodamhasanuddin,2025-03-28 05:23,"Pangdam XIV/Hasanuddin Pimpin Apel Pemberangkatan Cuti Nyepi dan Idul Fitri 1446 H, Serahkan Bingkisan Lebaran, serta Resmikan Renovasi Asrama

#tniad
#dispenad
#puspentni
#TNIindonesia",Kodam Hasanuddin
@kodamhasanuddin,2025-03-28 05:02,"Rakyat bersama TNI melaksanakan tugas negara.

Sinergi TNI dan Masyarakat dalam Karya Bakti, Bersih lapangan sambut Lebaran

#tniad
#dispenad
#puspentni
#TNIindonesia",Kodam Hasanuddin
@1420_sidrap,2025-03-28 04:27,"Anggota Koramil dan Polres Sidrap Jamin Keamanan Sholat Tarawih di Masjid Raya Pangkajene.
Kamis (27/3/2025)

#tniad
#dispenad
#puspentni
#TNIindonesia
#kodam14hasanuddin
#korem141toddopuli",Kodim 1420 Sidrap
@KodamJayakarta,2025-03-28 04:11,"Koramil 04/Keb. Lama Berbagi Berkah Takjil untuk Buka Puasa

#tniadmengabdidanmembangunbersamarakyat #tniad #tniadprima #kodamjaya #kebayoranlama #takjilgratis",Kodam Jaya/Jayakarta
@KodamJayakarta,2025-03-28 04:04,"Pembuatan Akte untuk Anak - anak Panti Asuhan oleh Kodim 0509/Kabupaten Bekasi

#tniadmengabdidanmembangunbersamarakyat #tniad #tniadprima #kodamjaya #kodim0509 #kabupatenbekasi",Kodam Jaya/Jayakarta
@kodimainjai,2025-03-28 03:57,"TNI dan Polri Peduli Sosial, Personel Koramil 06/Sinjai Borong dan Polsek Sinjai Borong Bagikan Takjil untuk Warga di depan Kantor Koramil 06/Sinjai Borong, Dusun Paroppo, Kel Pasir Putih, Kec Sinjai Borong, Kab Sinjai

#tniad
#dispenad
#puspentni
#TNIindonesia
#kodam14hasanuddin",Kodim 1424 Sinjai
@kodimainjai,2025-03-28 03:53,"Sinergitas TNI-POLRI, Koramil 1424-06/Sinjai Borong bersama Polsek Sinjai Borong Bagikan Sembako kepada Warga Kurang Mampu di Kelurahan Pasir Putih, Kecamatan Sinjai Borong, Kabupaten Sinjai

#tniad
#dispenad
#puspentni
#TNIindonesia
#kodam14hasanuddin",Kodim 1424 Sinjai
@KodamJayakarta,2025-03-28 03:47,"Pesantren Kilat Yayasan Fajar Qolbi

#tniadmengabdidanmembangunbersamarakyat #tniad #tniadprima #kodamjaya #kodim0503 #jakartabarat",Kodam Jaya/Jayakarta
@1420_sidrap,2025-03-28 03:24,"Dandim Beserta Babinsa Koramil 1420-05/Dua Pitue Mengdiri Kegiatan safari ramadhan yang dilaksanakan Forkopinda Kab. Sidrap.
(27/03/25)

#tniad
#dispenad
#puspentni
#TNIindonesia
#kodam14hasanuddin
#korem141toddopuli",Kodim 1420 Sidrap
@pendim0822bws,2025-03-28 03:21,"MONUMEN KASIH KARUNIA SATGAS YONMEK 203/AK
#TNIAD #TNIADBerjuangBersamaRakyat #TNIADBekerjaDenganHati #TNIADdihatiRakyat #tniadyangprima #bondowoso #kodim0822bondowoso",Kodim 0822 Bondowoso
@pendim0822bws,2025-03-28 03:02,"TNI AD MANUNGGAL AIR - AIR SUMBER KEHIDUPAN

#TNIAD
#TNIADBerjuangBersamaRakyat
#TNIADBekerjaDenganHati
#TNIADdihatiRakyat
#tniadyangprima
#bondowoso
#kodim0822bondowoso",Kodim 0822 Bondowoso
@Pendim1613,2025-03-28 02:58,GERAK CEPAT YONIF 330 TD KOSTRADBANTU MASYARAKATKEC. CIMANGGUNG - KAB. SUMEDANG #kostrad #tni #tniad,KODIM 1613 SUMBA BARAT
@kodam_mlw,2025-03-28 02:50,"Karya Bakti Pembersihan Aliran Sungai Kodim 1002/Hulu Sungai Tengah

#kodamvimulawarman
#selaluhadirditengahkesulitanmasyarakat
#tniad
#tniprima",Kodam VI/Mulawarman
@kodam_mlw,2025-03-28 02:45,"Karya Bakti Pasca Musibah Puting Beliung Kodim 1002/Hulu Sungai Tengah

#kodamvimulawarman
#selaluhadirditengahkesulitanmasyarakat
#tniad
#tniprima",Kodam VI/Mulawarman
@kodam_mlw,2025-03-28 02:38,"Wiratama Masuk Dapur Satgas Yonif 623/Bhakti Wira Utama

#kodamvimulawarman
#selaluhadirditengahkesulitanmasyarakat
#tniad
#tniprima",Kodam VI/Mulawarman
@kodim1421pangk2,2025-03-28 02:37,"Rakyat bersama TNI melaksanakan tugas negara.

Darma Bakti TNI untuk Negeri: Hadir, Peduli, dan Mengabdi dalam Penanggulangan Bencana

#tniad
#dispenad
#puspentni
#TNIindonesia
#kodam14hasanuddin 
#korem141toddopuli",Info Kodim Pangkep
@kodamhasanuddin,2025-03-28 02:28,"Rakyat bersama TNI melaksanakan tugas negara.

Darma Bakti TNI untuk Negeri: Hadir, Peduli, dan Mengabdi dalam Penanggulangan Bencana

#tniad
#dispenad
#puspentni
#TNIindonesia",Kodam Hasanuddin
@kodam_mlw,2025-03-28 02:15,"Berbagi Takjil dan Makanan Untuk Berbuka Puasa, Kodim 1022/Tanah Bumbu dan Polres Tanah Bumbu. (27/03/2025)

#kodamvimulawarman
#tniad
#tniprima
#tni-polri",Kodam VI/Mulawarman
@takalar_kodim,2025-03-28 02:09,"Personel Koramil 1426-07/Pattallassang, Safari Sholat Subuh Berjamaah di Masjid Wilayah Binaan 

#tniad
#dispenad
#puspentni
#TNIindonesia
#kodam14hasanuddin
#korem141toddopuli",Kodim_Takalar
@kodam_mlw,2025-03-28 01:50,"Danrem 092/MrI Pastikan Kesiapan Pos Pengamanan ""Ketupat Kayan 2025"" Bersama FORKOPIMDA Kaltara (Kamis, 27/3)

#kodamvimulawarman
#tniad
#tniprima
#tni-polri",Kodam VI/Mulawarman
@takalar_kodim,2025-03-28 01:33,"Jelang Buka Puasa, Koramil 1426-06/Mapsu Bagi Takjil Kepada Para Pengguna Jalan 

#tniad
#dispenad
#puspentni
#TNIindonesia
#kodam14hasanuddin
#korem141toddopuli",Kodim_Takalar
@kodim0907,2025-03-28 00:46,"Wiratama Masuk Dapur Satgas Yonif 623/Bhakti Wira Utama

#kodamvimulawarman
#selaluhadirditengahkesulitanmasyarakat
#tniad
#tniprima",Kodim0907/trk
@kodim0907,2025-03-28 00:42,"Karya Bakti Pasca Musibah Puting Beliung Kodim 1002/Hulu Sungai Tengah 

#kodamvimulawarman
#selaluhadirditengahkesulitanmasyarakat
#tniad
#tniprima",Kodim0907/trk
@kodim0907,2025-03-28 00:36,"Karya Bakti Pembersihan Aliran Sungai Kodim 1002/Hulu Sungai Tengah 

#kodamvimulawarman
#selaluhadirditengahkesulitanmasyarakat
#tniad
#tniprima",Kodim0907/trk
@kodam_mlw,2025-03-28 00:21,"Samarinda - Indahnya Ramadhan 1446 H, SINERGITAS TNI-POLRI DI WILAYAH KOREM 091/ASN. Kamis, 27 Maret 2025.

#kodamvimulawarman
#tniad
#tniprima
#TniPolri
#marhabanyaramadhan",Kodam VI/Mulawarman
@kodam_mlw,2025-03-28 00:12,"Barabai - Indahnya Ramadhan 1446 H, TNI-Polri Barabai Bagikan Takiil Gratis, Wujud Kepedulian di
Bulan Ramadhan, Kamis 27 Maret 2025.

#kodamvimulawarman
#tniad
#tniprima
#TniPolri
#marhabanyaramadhan",Kodam VI/Mulawarman
@kodam_mlw,2025-03-28 00:09,"Tarakan - Indahnya Ramadhan 1446 H. Sinergi TNI POLRI Berbagi Takjil Untuk Masyarkat, Kamis, 27 Maret 2025.

#kodamvimulawarman
#tniad
#tniprima
#TniPolri
#marhabanyaramadhan",Kodam VI/Mulawarman
@kodimainjai,2025-03-28 00:05,"Dan Ramil 1424-01/Sinjai Utara Kodim 1424/Sinjai Komsos Hadiri Acara Buka Puasa Bersama Masyarakat di Masjid Nurul Imam Samaenre Kel. Bongki Kec. Sinjai Utara Kab Sinjai.

#tniad
#dispenad
#puspentni
#TNIindonesia
#kodam14hasanuddin",Kodim 1424 Sinjai
@kodimainjai,2025-03-28 00:01,"Pers. Koramil 1424-05/Sinjai Selatan bersama Pers. Polsek Sinjai Selatan Bagikan Takjil Kepada Masyarakat di Kel. Sangiasseri Kec. Sinjai Selatan Kab Sinjai.

#tniad
#dispenad
#puspentni
#TNIindonesia
#kodam14hasanuddin",Kodim 1424 Sinjai
@kodimainjai,2025-03-27 23:43,"TNI-POLRI dan Bhayangkari (Kodim 1424/Sinjai dan Polres Sinjai) Bagikan Takjil untuk Masyarakat di depan Kantor Polres Sinjai

#tniad
#dispenad
#puspentni
#TNIindonesia
#kodam14hasanuddin",Kodim 1424 Sinjai
@kodam_mlw,2025-03-27 23:35,"Indahnya Ramadhan 1446 H, Kodam VI/ Mulawarman Berbagi Takjil di Halaman Makodam VI/ Mulawarman, Kamis, 27 Maret 2025.

#kodamvimulawarman
#tniad
#tniprima
#marhabanyaramadhan",Kodam VI/Mulawarman
@takalar_kodim,2025-03-27 23:32,"Jelang Hari Raya Idul Fitri, TNI-Polri Di Kabupaten Takalar Gelar Apel Gabungan Dan Patroli Bersama 

#tniad
#dispenad
#puspentni
#TNIindonesia
#kodam14hasanuddin
#korem141toddopuli",Kodim_Takalar
@kodimainjai,2025-03-27 23:30,"Sinergitas TNI-POLRI, Koramil 1424-06/Sinjai Borong bersama Polsek Sinjai Borong Bagikan Sembako kepada Warga Kurang Mampu

#tniad
#dispenad
#puspentni
#TNIindonesia
#kodam14hasanuddin",Kodim 1424 Sinjai
@kodimainjai,2025-03-27 23:18,"Tetap Kompak, Personel Koramil 06/Sinjai Borong dan Polsek Sinjai Borong Gelar Apel Bersama Menjelang Hari Raya Idul Fitri di depan Kantor Koramil 06/Sinjai Borong, Dusun Paroppo, Kel
 Pasir Putih, Kec. Sinjai Borong.

#tniad
#dispenad
#puspentni
#TNIindonesia
#kodam14hasanuddin",Kodim 1424 Sinjai
@kodimainjai,2025-03-27 22:57,"Babinsa Pasimarannu Koramil 04/Sinjai Timur Kodim 1424/Sinjai Gelar Karya Bakti Pembersihan Tempat Pemakaman Umum di Dusun Passahakue Desa Pasimarannu Kec. Sinjai Timur Kab Sinjai 

#tniad
#dispenad
#puspentni
#TNIindonesia
#kodam14hasanuddin",Kodim 1424 Sinjai
@kodimainjai,2025-03-27 22:53,"Babinsa Samaturue Pos Ramil 05/Tellulimpoe Kodim 1424/Sinjai Komsos Bersama Pj. Kepala Desa, Kepala Dusun Dan Tomas di Kantor Desa Samaturue Kec. Tellulimpoe Kab Sinjai 

#tniad
#dispenad
#puspentni
#TNIindonesia
#kodam14hasanuddin",Kodim 1424 Sinjai
@kodimbone,2025-03-27 22:50,"Suasana Buka Puasa Penuh Keakraban, Danrem 141/Toddopuli Beri Apresiasi Sinergitas TNI-Polri Dan Pemda Bone
#tniad
#dispenad
#puspentni
#TNIindonesia

Selengkapnya Kunjungi>>>

piped.video/l96iHA3ibxY?t=112",kodimbone
@kodimainjai,2025-03-27 22:48,"Babinsa Lembang Lohe Pos Ramil 05/Tellulimpoe Kodim 1424/Sinjai Komsos Dengan Warga Binaan  di Dusun Tippulue Desa Lembang Lohe Kec. Tellulimpoe Kab Sinjai 

#tniad
#dispenad
#puspentni
#TNIindonesia
#kodam14hasanuddin",Kodim 1424 Sinjai
@kodimainjai,2025-03-27 22:31,"Babinsa Pasir Putih Koramil 06/Sinjai Borong Kodim 1424/Sinjai Komsos Dengan Melayat Di Rumah Duka Warga Binaan  di Lingk. Paroppo Kel. Pasir Putih Kec. Sinjai Borong Kab Sinjai 

#tniad
#dispenad
#puspentni
#TNIindonesia
#kodam14hasanuddin",Kodim 1424 Sinjai
@kodimbone,2025-03-27 22:30,"Dalam rangka meningkatkan sinergitas dan soliditas, TNI - Polri dan Pemerintah Kabupaten Bone menggelar acara buka puasa bersama bertempat di Lapangan Tenis Rujab Bupati Bone, Kec. Tanete Riattang, Kab. Bone. Kamis (27/03/25) Petang.#tniad
#dispenad
#puspentni 
#TNIindonesia",kodimbone
@kodimainjai,2025-03-27 22:25,"Babinsa Talle Koramil 05/Sinjai Selatan Kodim 1424/Sinjai Laksanakan Pendampingan Serap Gabah Milik Petani Oleh Bulog Sinjai di Dusun Leppang Desa Talle Kec. Sinjai Selatan Kab Sinjai 

#tniad
#dispenad
#puspentni
#TNIindonesia
#kodam14hasanuddin",Kodim 1424 Sinjai
@kodimainjai,2025-03-27 22:20,"Babinsa Talle Koramil 05/Sinjai Selatan Kodim 1424/Sinjai Laksanakan Pendampingan Penyaluran BLT DD Kepada Masyarakat bertempat di Kantor Desa Talle Kec. Sinjai Selatan Kab Sinjai 

#tniad
#dispenad
#puspentni
#TNIindonesia
#kodam14hasanuddin",Kodim 1424 Sinjai
@1605Kodim,2025-03-27 22:15,GERAK CEPAT YONIF 330 TD KOSTRAD BANTU MASYARAKAT KEC. CIMANGGUNG - KAB. SUMEDANG #kostrad #tni #tniad,Kodim 1605/Belu _ Atambua
@kodimainjai,2025-03-27 22:13,"Bati Tuud Koramil 02/Sinjai Barat Kodim 1424/Sinjai Berikan Bantuan Sembako Kepada Warga Kurang Mampu di Kel. Tassililu Kec. Sinjai Barat Kab Sinjai.

#tniad
#dispenad
#puspentni
#TNIindonesia
#kodam14hasanuddin",Kodim 1424 Sinjai
@kodimainjai,2025-03-27 22:08,"Babinsa Sukamaju Pos Ramil 05/Tellulimpoe Kodim 1424/Sinjai Laksanakan Pendampingan Serap Gabah Milik Petani di Dusun Banoa Desa Sukamaju Kec. Tellulimpoe Kab Sinjai.

#tniad
#dispenad
#puspentni
#TNIindonesia
#kodam14hasanuddin",Kodim 1424 Sinjai
@kodimainjai,2025-03-27 22:01,"Babinsa Desa Massaile Pos Ramil 1424-05/Tellulimpoe Kodim 1424/Sinjai Hadiri Rakor Terkait Penetapan Lokasi Sholat Idul Fitri dan Sosialisasi Penyerapan Gabah Petani oleh Babinsa dan PPL 

#tniad
#dispenad
#puspentni
#TNIindonesia
#kodam14hasanuddin",Kodim 1424 Sinjai
@kodimainjai,2025-03-27 21:55,"Personel Kodim 1424/Sinjai bersama Polres Sinjai, Satpol PP, Dishub dan Tenaga Kesehatan Laksanakan PAM Di Pos Pelayanan Publik Menjelang Lebaran Idul Fitri 1446 H di wilayah Kabupaten Sinjai.

#tniad
#dispenad
#puspentni
#TNIindonesia
#kodam14hasanuddin",Kodim 1424 Sinjai
@kodim_jeneponto,2025-03-27 21:48,"Personil Koramil jajaran Kodim 1425/Jeneponto bersama personil polsek Polres Jeneponto, meningkatkan pengamanan di berbagai titik strategis di wilayah teritorial Kodim 1425/Jeneponto. Kamis, 27/03/2025.

#tni
#tniindonesia
#puspentni
#tniad
#kodam14hasanuddin
#korem141toddoppuli",Kodim_Jeneponto
@kodimainjai,2025-03-27 21:46,"Perkuat Sinergi, Personel Koramil 06/Sinjai Borong dan Polsek Sinjai Borong Laksanakan Giat Komsos  di depan Kantor Polsek Sinjai Borong, Dusun Paroppo, Kel Pasir Putih, Kecamatan Sinjai Borong, Kabupaten Sinjai. 

#tniad
#dispenad
#puspentni
#TNIindonesia
#kodam14hasanuddin",Kodim 1424 Sinjai
@kodim_jeneponto,2025-03-27 21:41,"Kolaborasi, TNI-Polri Dan Pemda Berikan Pengamanan OPS Ketupat Jelang Hari Raya Idul Fitri 1446 H, di Kabupaten Jeneponto. Kamis, 27/03/2025.

#tni
#tniindonesia
#puspentni
#tniad
#kodam14hasanuddin
#korem141toddoppuli
#tnimanunggalrakyat",Kodim_Jeneponto
@takalar_kodim,2025-03-27 21:28,"Jelang Hari Raya Idul Fitri, TNI-Polri Di Kabupaten Takalar Gelar Apel Gabungan Dan Patroli Bersama 

#tniad
#dispenad
#puspentni
#TNIindonesia
#kodam14hasanuddin
#korem141toddopuli",Kodim_Takalar
@kodamhasanuddin,2025-03-27 21:26,"Pangdam XIV/Hsn & Keluarga Besar Kodam XIV/Hsn Mengucapkan :

Dirgahayu ke-58 Tahun Yonif 700 Wira Yudha Caktu

""Cepat, Senyap, Tepat""

#tniad
#dispenad
#puspentni
#TNIindonesia",Kodam Hasanuddin
@kodimainjai,2025-03-27 21:23,"Pers. Koramil 1424-04/Sinjai Timur Kodim 1424/Sinjai bersama Polsek Sinjai Timur Laksanakan Patroli Gabungan Di Wilayah Sinjai Timur  Kab Sinjai 

#tniad
#dispenad
#puspentni
#TNIindonesia
#kodam14hasanuddin",Kodim 1424 Sinjai
@HsnXiv,2025-03-27 21:01,"Rakyat bersama TNI melaksanakan tugas negara.

*Bakti TNI untuk Kesehatan Bangsa: Pemeriksaan Gratis bagi Masyarakat.

#tniad
#dispenad
#puspentni
#TNIindonesia",ZIDAM XIV/HSN
@KodamKasuari,2025-03-27 19:47,"Haru dan Bangga bisa jadi Prajurit TNI AD

#TNIAD
#TNIADBerjuangBersamaRakyat
#TNIADBekerjaDenganHati
#TNIADdihatiRakyat
#TNIADPrima",Kodam XVIII/Kasuari
@KodamKasuari,2025-03-27 19:32,"Siswa Berprestasi Dikmaba Gel II TA 2024 (OV)

#TNIAD
#TNIADBerjuangBersamaRakyat
#TNIADBekerjaDenganHati
#TNIADdihatiRakyat
#TNIADPrima",Kodam XVIII/Kasuari
@KodamKasuari,2025-03-27 19:26,"Mahasiswa Ucapkan Terima Kasih Kodam XVIII/Ksr Telah Buka Bazar Ramadhan

#TNIAD
#TNIADBerjuangBersamaRakyat
#TNIADBekerjaDenganHati
#TNIADdihatiRakyat
#TNIADPrima",Kodam XVIII/Kasuari
@KodamKasuari,2025-03-27 18:47,"Motivasi Pangdam Pada Pelantikan Dikmaba Gel II TA 2024 (OV)

#TNIAD
#TNIADBerjuangBersamaRakyat
#TNIADBekerjaDenganHati
#TNIADdihatiRakyat
#TNIADPrima",Kodam XVIII/Kasuari
@KodamKasuari,2025-03-27 18:41,"Upacara Penutupan Dikmaba TNI AD Gel II TA 2024 (OV) Kodam XVIII/Kasuari

#TNIAD
#TNIADBerjuangBersamaRakyat
#TNIADBekerjaDenganHati
#TNIADdihatiRakyat
#TNIADPrima",Kodam XVIII/Kasuari
@JalaludinAbu,2025-03-27 18:36,GERAK CEPAT YONIF 330 TD KOSTRADBANTU MASYARAKATKEC. CIMANGGUNG - KAB. SUMEDANG #kostrad #tni #tniad,KODIM1604/KUPANG@kodim_1604
@puspen_1601st,2025-03-27 16:47,GERAK CEPAT YONIF 330 TD KOSTRADBANTU MASYARAKATKEC. CIMANGGUNG - KAB. SUMEDANG #kostrad #tni #tniad,Penerangan Kodim 1601/Sumba Timur
@KodamKasuari,2025-03-27 16:27,"Kodim 1804/Kaimana Bersama Polres Kaimana Membagikan Takjil Kepada Masyarakat

#TNIAD
#TNIADBerjuangBersamaRakyat
#TNIADBekerjaDenganHati
#TNIADdihatiRakyat
#TNIADPrima",Kodam XVIII/Kasuari
@KodamKasuari,2025-03-27 16:26,"Apel Pelepasan Cuti  Bersama Dan Pemberian Bingkisan Lebaran 1446 H, Kodim 1803/Fakfak

#TNIAD
#TNIADBerjuangBersamaRakyat
#TNIADBekerjaDenganHati
#TNIADdihatiRakyat
#TNIADPrima",Kodam XVIII/Kasuari
@KodamKasuari,2025-03-27 16:17,"Sinergitas TNI POLRI membagikan takjil ramadhan dilanjutkan Sholat Maghrib berjamaah dan berbuka bersama dengan tokoh masyarakat di Kabupaten Pegunungan Arfak

#TNIAD
#TNIADBerjuangBersamaRakyat
#TNIADBekerjaDenganHati
#TNIADdihatiRakyat
#TNIADPrima",Kodam XVIII/Kasuari
@KodamKasuari,2025-03-27 16:16,"Kodim 1812/Pegaf – Dalam rangka memastikan pengamanan Idul Fitri 1446 H tahun 2025, Kodim 1812/Pegaf bersama Polres Pegaf dan Pemda Kab. Pegaf menggelar Apel Gelar Pasukan Operasi Ketupat Lodaya 2025 

#TNIAD
#TNIADBerjuangBersamaRakyat
#TNIADBekerjaDenganHati
#TNIADdihatiRakyat",Kodam XVIII/Kasuari
@KodamKasuari,2025-03-27 16:13,"Dalam semangat kepedulian dan kebersamaan di bulan suci Ramadhan 1446 Hijriyah, TNI-Polri di Kabupaten Teluk Bintuni menggelar kegiatan berbagi takjil gratis bagi masyarakat.

#TNIAD
#TNIADBerjuangBersamaRakyat
#TNIADBekerjaDenganHati
#TNIADdihatiRakyat
#TNIADPrima",Kodam XVIII/Kasuari
@KodamKasuari,2025-03-27 16:12,"Sinergitas TNI-POLRI Berbagi Takjil Gratis di Teluk Bintuni

#TNIAD
#TNIADBerjuangBersamaRakyat
#TNIADBekerjaDenganHati
#TNIADdihatiRakyat
#TNIADPrima",Kodam XVIII/Kasuari
@KodamKasuari,2025-03-27 16:10,"Babinsa Koramil 1806-01/Bintuni, Serda (K) Jeklin Sorowat, aktif memberikan motivasi kepada putra-putri terbaik yang mendaftar dalam penerimaan Bintara TNI AD (Secaba) tahun 2025.

#TNIAD
#TNIADBerjuangBersamaRakyat
#TNIADBekerjaDenganHati
#TNIADdihatiRakyat
#TNIADPrima",Kodam XVIII/Kasuari
@KodamKasuari,2025-03-27 16:02,"Babinsa Koramil 1805-03/Samate Kodim 1805/ Raja Ampat melaksanakan pendampingan panen padi di lahan salah satu petani dalam rangka upaya khusus swasembada pangan, kamis(27/03/2025) 

#TNIAD
#TNIADBerjuangBersamaRakyat
#TNIADBekerjaDenganHati
#TNIADdihatiRakyat
#TNIADPrima",Kodam XVIII/Kasuari
@KodamKasuari,2025-03-27 15:59,"Danramil Sorong Barat Dan Pemuda Pemudi Mangoni Bagikan Takjil Serta Mendukung UU TNI

#TNIAD
#TNIADBerjuangBersamaRakyat
#TNIADBekerjaDenganHati
#TNIADdihatiRakyat
#TNIADPrima",Kodam XVIII/Kasuari
@KodamKasuari,2025-03-27 15:58,"Yonif 764/IB menggelar acara buka puasa bersama yang dihadiri oleh seluruh prajurit Yonif 764/IB, ibu-ibu Persit KCK Ranting 4 Yonif 764/IB, dan keluarga. 
Kegiatan ini berlangsung dalam suasana hangat

piped.video/x7jrBK7olHo

#TNIAD
#TNIADBerjuangBersamaRakyat
#TNIAD",Kodam XVIII/Kasuari
@KodamKasuari,2025-03-27 15:55,"Kegiatan Komsos Babinsa Koramil 1801-01 Manokwari

#TNIAD
#TNIADBerjuangBersamaRakyat
#TNIADBekerjaDenganHati
#TNIADdihatiRakyat
#TNIADPrima",Kodam XVIII/Kasuari
@KodamKasuari,2025-03-27 15:52,"Demi mewujudkan peran aktif TNI dalam meningkatkan ketahanan pangan di wilayah, Babinsa Koramil 180-05/Manokwari Utara  melaksanakan kegiatan pendampingan pertanian dan membantu petani merawat dan bersihkan tanaman cabai

#TNIAD
#TNIADBerjuangBersamaRakyat
#TNIADBekerjaDenganHati",Kodam XVIII/Kasuari
@KodamKasuari,2025-03-27 15:46,"Komandan Kodim (Dandim) 1807/Sorsel Letkol Czi Moch Zaenal Wafa S.Sos. menyerahkan bingkisan lebaran kepada Prajurit dan beberapa toko masyarakat di sekitar Makodim 1807/Sorsel Kamis 27/03/2025.

#TNIAD
#TNIADBerjuangBersamaRakyat
#TNIADBekerjaDenganHati
#TNIADdihatiRakyat
#TNI",Kodam XVIII/Kasuari
@HsnXiv,2025-03-27 15:37,"Rakyat bersama TNI melaksanakan tugas negara.

*Bakti TNI untuk Kesehatan Bangsa: Pemeriksaan Gratis bagi Masyarakat.

#tniad
#dispenad
#puspentni
#TNIindonesia",ZIDAM XIV/HSN
@KodamKasuari,2025-03-27 15:34,"Pelantikan Dikmaba di Selimuti Rasa Haru dan Air Mata

#TNIAD
#TNIADBerjuangBersamaRakyat
#TNIADBekerjaDenganHati
#TNIADdihatiRakyat
#TNIADPrima",Kodam XVIII/Kasuari
@KodamKasuari,2025-03-27 15:08,"Panglima Kodam XVIII/Kasuari, Mayjen TNI Jimmy Ramoz Manalu, S.Hub.Int., M.H.I., memimpin langsung upacara pelantikan dan pengambilan sumpah bagi para Bintara yang telah menyelesaikan pendidikan Sekolah Calon Bintara  di Rindam XVIII/Kasuari

#TNIAD
#TNIADPrima",Kodam XVIII/Kasuari
@kikav8_2kostrad,2025-03-27 14:19,"Pangdivif 2 Kostrad Pimpin Serah Terima Jabatan Dankikav 8/KSC
#tni #tniad  #pendivif2kostrad  #kostrad #cakra #kostradpeduli #kostradberbagi #kostradhadiruntukrakyat #pussenkav #pusdikkav #kavaleri #kavalerikostrad #kikav8kostrad",KIKAV 8
@takalar_kodim,2025-03-27 13:32,"TNI-POLRI Bersama Instansi Terkait, Pantau Arus Mudik Lebaran Di Pos Terpadu Idul Fitri 2025

#tniad
#dispenad
#puspentni
#TNIindonesia
#kodam14hasanuddin
#korem141toddopuli",Kodim_Takalar
@Kodim0828,2025-03-27 12:08,"Buka Bersama Kodim Bersama Polres dan Pramuka Sampang Pererat Sinergi di Pos PAM Arus Mudik
-----------
#kodam5brw
#korem084
#KodimSampang
#tniprima
#profesional
#responsif
#integratif
#modern
#adaptif
#tniad
#tni
                    instagram.com/p/DHs8OQnpUjG/…",Kodim Sampang
@Jurnalpatroli_,2025-03-27 12:08,"jurnalpatrolinews.co.id/pusp…   Kepala Staf Angkatan Darat (Kasad) Jenderal TNI Maruli Simanjuntak, M.Sc., menekankan pentingnya bersyukur dalam menjalani kehidupan. #kasad #tniad #dispenad #puspentni",JurnalPatroliNews
@Kodim0828,2025-03-27 11:56,"Berbagi Kebahagiaan Ramadhan, Kodim Bersama Polres Sampang dan PMI Bagi Takjil Gratis di Alun-Alun
------
#kodam5brw
#korem084
#KodimSampang
#tniprima
#profesional
#responsif
#integratif
#modern
#adaptif
#tniad
#tni
                    instagram.com/p/DHs60_vpNrp/…",Kodim Sampang
@Jurnalpatroli_,2025-03-27 11:54,"jurnalpatrolinews.co.id/pusp… Sebagai bentuk kepedulian terhadap masyarakat yang terdampak banjir rob, Babinsa Koramil 1707-04/Kimaam turun langsung membantu penyaluran bantuan #tniad #tni #dispenad #puspentni #banjir2025",JurnalPatroliNews
@Kodim0828,2025-03-27 11:38,"Semangat Lebaran, Dandim Sampang Pimpin Apel Pemberangkatan Cuti Idul Fitri 1446 H
-----------
#kodam5brw
#korem084
#KodimSampang
#tniprima
#profesional
#responsif
#integratif
#modern
#adaptif
#tniad
#tni
                    instagram.com/p/DHs4yuRpseW/…",Kodim Sampang
@media_center10,2025-03-27 11:12,"Khidmat dan Penuh Semangat: Upacara Penutupan Dikmaba TNI AD Gelombang II TA 2024 Resmi Digelar
#TNIProfesional #tni #tniad",Rindam IX Udayana
@tni_ad,2025-03-27 10:42,"ANTARA SEDIH DAN BANGGA
instagram.com/p/DHswrUqoc7v/

#TNIAD
#TNIADBerjuangBersamaRakyat
#TNIADBekerjaDenganHati
#TNIADdihatiRakyat
#TNIADPrima",TNI AD
@korem142,2025-03-27 10:03,"Rakyat bersama TNI melaksanakan tugas negara.*

*Bakti TNI untuk Kesehatan Bangsa: Pemeriksaan Gratis bagi Masyarakat

#tniad
#dispenad 
#puspentni 
#TNIindonesia",Korem142/Tatag
@Kodim0828,2025-03-27 10:00,"Ramadhan Penuh Berkah: Kodim dan Polres Sampang Bersatu dalam Pengajian Bersama di Masjid Al-Ikhlas
-----
#kodam5brw
#korem084
#KodimSampang
#tniprima
#profesional
#responsif
#integratif
#modern
#adaptif
#tniad
#tni
                    instagram.com/p/DHstmu1pWcG/…",Kodim Sampang
@tni_ad,2025-03-27 09:58,"KASAD MENGHADIRI PRASPA PRAJURIT KARIER TNI TA. 2025
instagram.com/p/DHssbtKvF5t/

#TNIAD
#TNIADBerjuangBersamaRakyat
#TNIADBekerjaDenganHati
#TNIADdihatiRakyat
#TNIADPrima",TNI AD
@kodam_mlw,2025-03-27 09:04,"MENGENAL LEBIH DEKAT “KASDAM VI/MULAWARMAN, Brigjen TNI Ari Aryanto” ||Mulawarman Podcast

#kodamvimulawarman
#tniad
#tniprima
#MulawarmanPodcast",Kodam VI/Mulawarman
@tni_ad,2025-03-27 08:50,"MUDIK BERSAMA DALAM RANGKA HARI RAYA IDUL FITRI 1446H/2025M
instagram.com/p/DHslcitvi8-/

#TNIAD
#TNIADBerjuangBersamaRakyat
#TNIADBekerjaDenganHati
#TNIADdihatiRakyat
#TNIADPrima",TNI AD
@1420_sidrap,2025-03-27 08:35,"Dandim dan kapolres Sidrap saat memimpin Rakor Capaian produksi Gabah dan Beras.

#tniad
#dispenad
#puspentni
#TNIindonesia
#kodam14hasanuddin
#korem141toddopuli",Kodim 1420 Sidrap
@1420_sidrap,2025-03-27 08:27,"Pasar Sentral Amparita Ramai Jelang Idul Fitri, Babinsa Koramil 1420-02/Tellu Limpoe Pantau Ketersediaan dan Harga Bahan Pokok.
Kamis pagi (27/3/2025). 

#tniad
#dispenad
#puspentni
#TNIindonesia
#kodam14hasanuddin
#korem141toddopuli",Kodim 1420 Sidrap
@1420_sidrap,2025-03-27 08:06,"Dandim 1420/Sidrap Pimpin Apel Pemberangkatan Cuti Lebaran Gelombang Pertama, Bagikan THR dan Beasiswa.
Kamis, (27/3/2025).

#tniad
#dispenad
#puspentni
#TNIindonesia
#kodam14hasanuddin
#korem141toddopuli",Kodim 1420 Sidrap
@kodamhasanuddin,2025-03-27 07:29,"Rakyat bersama TNI melaksanakan tugas negara.

Karya Bakti TNI: Mengabdi untuk Rakyat, Membangun Negeri

#tniad
#dispenad
#puspentni
#TNIindonesia",Kodam Hasanuddin
@kodim1421pangk2,2025-03-27 07:29,"*Rakyat bersama TNI melaksanakan tugas negara.*

*Bakti TNI untuk Kesehatan Bangsa: Pemeriksaan Gratis bagi Masyarakat*.

#tniad
#dispenad
#puspentni
#TNIindonesia
#kodam14hasanuddin 
#korem141toddopuli",Info Kodim Pangkep
@kodimainjai,2025-03-27 07:28,"Sambut Hari Raya Idul Fitri, Kodim 1424/Sinjai Bagikan Bingkisan Lebaran Kepada Masyarakat Kurang Mampu di Kelurahan Biringere, Kecamatan Sinjai Utara, Kabupaten Sinjai.

#tniad
#dispenad
#puspentni
#TNIindonesia
#kodam14hasanuddin",Kodim 1424 Sinjai
@menarmed2_PY,2025-03-27 07:15,"Laksanakan! PAM Tubuh Menghadapi Libur Panjang.
.
#kemenpanrb #tni #tniad #kostrad #Cakra #pendivif1kostrad #pendivif2kostrad #pendivif3kostrad  #TNIADMengabdiDanMembangunBersamaRakyat #patriotnusantara _ #infokomando  #satria _wibawa_militer #puspentni #dispenad #kostrad",Resimen Armed 2 Kostrad
@WajoKodim,2025-03-27 06:51,"Kodim 1406/Wajo Gelar Doa Bersama Jelang Cuti Dan Pengamanan Hari Raya Idhul Fitri 1446 H 2025 M.
#tniad
#dispenad
#puspentni
#TNIindonesia
#kodam14hasanuddin
#korem141toddopuli",Kodim Wajo
@takalar_kodim,2025-03-27 06:51,"Personel Koramil 1426-05/Marbo Bersama Warga Kerja Bakti Bersihkan Pinggir Jalan

#tniad
#dispenad
#puspentni
#TNIindonesia
#kodam14hasanuddin
#korem141toddopuli",Kodim_Takalar
@0906Kodim,2025-03-27 06:42,"Bakti Sosial Kepada Masyrakat Papua

#kodamvimulawarman
#selaluhadirditengahkesulitanmasyarakat
#tniad
#tniprima",Kodim 0906 Kukar
@takalar_kodim,2025-03-27 06:41,"Babinsa Koramil 1426-04/Galesong Koptu Muh. Ruslan Lakukan Pendampingan Penyaluran BLT Dana Desa

#tniad
#dispenad
#puspentni
#TNIindonesia
#kodam14hasanuddin
#korem141toddopuli",Kodim_Takalar
@WajoKodim,2025-03-27 06:39,"Dandim 1406/Wajo Pimpin Apel Luar Biasa dan Pemberangkatan Cuti Lebaran Idul Fitri 1446 H
#tniad
#dispenad
#puspentni
#TNIindonesia
#kodam14hasanuddin
#korem141toddopuli",Kodim Wajo
@kodamhasanuddin,2025-03-27 06:14,"Rakyat bersama TNI melaksanakan tugas negara.

Bakti TNI untuk Kesehatan Bangsa: Pemeriksaan Gratis bagi Masyarakat

#tniad
#dispenad
#puspentni
#TNIindonesia",Kodam Hasanuddin
@kodamhasanuddin,2025-03-27 05:55,"Pangdam XIV/Hasanuddin Pimpin Apel Pemberangkatan Cuti Nyepi dan Idul Fitri 1446 H, Serahkan Bingkisan Lebaran, serta Resmikan Renovasi Asrama

#tniad
#dispenad
#puspentni
#TNIindonesia",Kodam Hasanuddin
@WajoKodim,2025-03-27 05:53,"Babinsa Koramil 1406-10/Pitumpanua dan Warga Gelar Kerja Bakti Bersihkan Jalan Desa
#tniad
#dispenad
#puspentni
#TNIindonesia
#kodam14hasanuddin
#korem141toddopuli",Kodim Wajo
@WajoKodim,2025-03-27 05:52,"Babinsa Koramil 1406-09/Sajoanging Pantau Harga Sembako di Pasar Jalang Jelang Idulfitri
#tniad
#dispenad
#puspentni
#TNIindonesia
#kodam14hasanuddin
#korem141toddopuli",Kodim Wajo
@kodimainjai,2025-03-27 05:51,"Ciptakan Kamtibmas, Kodim 1424/Sinjai dan Polres Sinjai Gelar Apel Bersama Jelang Perayaan Idul Fitri 1446 H di Lapangan Apel Polres Sinjai, Jl. Bhayangkara, Kelurahan Bongki, Kabupaten Sinjai.

#tniad
#dispenad
#puspentni
#TNIindonesia
#kodam14hasanuddin",Kodim 1424 Sinjai
@WajoKodim,2025-03-27 05:51,"Babinsa Koramil 1406-07/Takkalalla Jalin Komsos dengan Pembudidaya Rumput Laut di Desa Leweng
#tniad
#dispenad
#puspentni
#TNIindonesia
#kodam14hasanuddin
#korem141toddopuli",Kodim Wajo
@WajoKodim,2025-03-27 05:50,"Babinsa Koramil 1406-06/Pammana Imbau Warga Tertib Berlalu Lintas
#tniad
#dispenad
#puspentni
#TNIindonesia
#kodam14hasanuddin
#korem141toddopuli",Kodim Wajo
@WajoKodim,2025-03-27 05:48,"Babinsa Koramil 1406-05/Majauleng Pantau Harga Bahan Pokok di Pasar Rakyat Atapange
#tniad
#dispenad
#puspentni
#TNIindonesia
#kodam14hasanuddin
#korem141toddopuli",Kodim Wajo
@WajoKodim,2025-03-27 05:47,"Babinsa Koramil 1406-04/Belawa Jalin Komunikasi Sosial dengan Warga Desa Limporilau
#tniad
#dispenad
#puspentni
#TNIindonesia
#kodam14hasanuddin
#korem141toddopuli",Kodim Wajo
@WajoKodim,2025-03-27 05:46,"Babinsa Koramil 1406-03/Maniangpajo Mediasi Sengketa Tanah di Desa Abbanuange
#tniad
#dispenad
#puspentni
#TNIindonesia
#kodam14hasanuddin
#korem141toddopuli",Kodim Wajo
@WajoKodim,2025-03-27 05:45,"Jelang Idulfitri, Babinsa Koramil 1406-02/Tanasitolo Ajak Tokoh Masyarakat Jaga Keamanan
#tniad
#dispenad
#puspentni
#TNIindonesia
#kodam14hasanuddin
#korem141toddopuli",Kodim Wajo
@WajoKodim,2025-03-27 05:44,"Babinsa Koramil 1406-01/Tempe Ajak Warga Sitampae Perkuat Kebersamaan dan Gotong Royong
#tniad
#dispenad
#puspentni
#TNIindonesia
#kodam14hasanuddin
#korem141toddopuli",Kodim Wajo
@WajoKodim,2025-03-27 05:43,"Koramil 1406-08/Sabbangparu Gelar Karya Bhakti Bersama Guru dan Siswa di SDN 204 Sompe
#tniad
#dispenad
#puspentni
#TNIindonesia
#kodam14hasanuddin
#korem141toddopuli",Kodim Wajo
@Kodim_Tator,2025-03-27 05:37,"Babinsa Koramil 1414-03/Rindingallo Serda Samuel Lapik bersama Aparat kepolisian dan Nakes melaksanakan pengamanan hari raya Idul Fitri bertempat di Pos Pam Lempe Lolai, Kec. Kapalapitu, Kab. Torut
Kamis, 27/03/2025

#tniad
#dispenad
#puspentni
#TNIindonesia
#kodam14hasanuddin",Kodim Tator
@Kodim_Tator,2025-03-27 05:33,"Babinsa Koramil 1414-05/Sanggalangi Serka Asrianto melaksanakan komsos bersama masyarakat bertempat di kantor Lembang Tallulolo, Kec. Kesu, Kab. Toraja Utara.
Kamis, 27/03/2025

#tniad
#dispenad
#puspentni
#TNIindonesia
#kodam14hasanuddin",Kodim Tator
@AlorKodim,2025-03-27 05:28,"Kodim 1622/Alor Gelar Apel Keberangkatan Cuti Lebaran Gelombang Pertama.

Penulis:FaisalMuhammad 
#tniad 
#tniprima 
#tnibersamarakyat 
#tnidihatirakyat
#tnimengabdidanmembangunbersamarakyat
#prajaraksakaperdulirakyat

Cek berita selengkapnya disini>>
arashnews.com/2025/03/kodim-…",Kodim 1622 Alor
@kodim0903tsr,2025-03-27 05:15,"Secercah Harapan Dusun Awang Landas

#kodamvimulawarman
#selaluhadirditengahkesulitanmasyarakat
#tniad
#tniprima",@KODIM0903BULUNGAN
@kodim0903tsr,2025-03-27 05:14,"Bakti Sosial Kepada Masyarakat Papua Satgas Yonif 611/Awang Long 

#kodamvimulawarman
#selaluhadirditengahkesulitanmasyarakat
#tniad
#tniprima",@KODIM0903BULUNGAN
@kodam_mlw,2025-03-27 05:11,"Balikpapan - Indahnya Ramadhan 1446 H, Kodam VI/ Mulawarman Berbagi Takjil di Halaman Makodam VI/ Mulawarman, Rabu (26/03/25).

#kodamvimulawarman
#tniad
#niprima
#marhabanyaramadhan",Kodam VI/Mulawarman
@KodamJayakarta,2025-03-27 05:05,"Safari Ramadan Pangdam Jaya di Batalyon Kavaleri 7/PS
instagram.com/reel/DHsLOEAP7…

#tniadmengabdidanmembangunbersamarakyat #tniad #tniadprima #kodamjaya #pangdamjaya #safariramadhan #yonkav7",Kodam Jaya/Jayakarta
@kodam_mlw,2025-03-27 04:44,"Balikpapan – Pangdam VI/Mulawarman Terima Audiensi Kapolda Kaltim, Perkuat Sinergi TNI-Polri di Makodam VI/Mulawarman, Selasa (25/03/25).

#kodamvimulawarman
#tniad
#tniprima",Kodam VI/Mulawarman
@kodam_mlw,2025-03-27 04:24,"Balikpapan - Pangdam VI/Mlw Hadiri Apel Gelar Pasukan Operasi Ketupat Mahakam 2025 di halaman Gedung BSCC Dome Balikpapan, pada Kamis (20/03/25). 

#kodamvimulawarman
#tniad
#tniprima",Kodam VI/Mulawarman
@kodam_mlw,2025-03-27 03:58,"TMMD KE-123 TA.2025
Kodim 0912/Kutai Barat

#kodamvimulawarman
#selaluhadirditengahkesulitanmasyarakat
#tniad
#tniprima",Kodam VI/Mulawarman
@KodamJayakarta,2025-03-27 03:51,"Kunjungan Menhan bersama Pangdam Jaya ke Rindam Jaya

#tniadmengabdidanmembangunbersamarakyat #tniad #tniadprima #kodamjaya #menhan #kunjungankerja #rindamjaya",Kodam Jaya/Jayakarta
@kodimbone,2025-03-27 03:47,"Peran Strategis TNI AD: Lakukan Pengawalan dan Pendampingan Program Luas Tambah Tanam (LTT) di Daerah

#tniad
#dispenad
#puspentni 
#TNIindonesia",kodimbone
@takalar_kodim,2025-03-27 03:36,"Rakyat bersama TNI melaksanakan tugas negara.

Peran Strategis TNI AD: Lakukan Pengawalan dan Pendampingan Program Luas Tambah Tanam (LTT) di Daerah

#tniad
#dispenad
#puspentni
#TNIindonesia",Kodim_Takalar
@Kodim_Tator,2025-03-27 03:30,"Personil Koramil 1414-06/Sangalla gotong royong Bersama masyarakat melaksanakan pembersihan lingkungan bertempat di Lembang Turunan, Kec. Sangalla, Kab. Tana Toraja.
Kamis, 27/03/2025

#tniad
#dispenad
#puspentni
#TNIindonesia
#kodam14hasanuddin",Kodim Tator
@Kodim_Tator,2025-03-27 03:29,"Babinsa Koramil 1414-01/Makale Serda Hasan melaksanakan kegiatan pendampingan posyandu bertempat di Kel. sandabilik, kec. Makale selatan, kab. tana Toraja.
Kamis, 27/03/2025

#tniad
#dispenad
#puspentni
#TNIindonesia
#kodam14hasanuddin",Kodim Tator
@KodimBulukumba,2025-03-27 03:24,"Rakyat bersama TNI melaksanakan tugas negara.

Dari Ladang untuk Bangsa: Sinergi TNI dan Masyarakat dalam Ketahanan Pangan.

#tniad
#dispenad
#puspentni
#TNIindonesia",Kodim Bulukumba Official
@kodim1418mamuju,2025-03-27 03:21,"“Dandim 1418/Mamuju Bersama Forkopimda Mamuju Tinjau Pasar Sentral, Pastikan Stabilitas Harga dan Pasokan Pangan”
 
 #tniad
 #dispenad
 #puspentni
 #TNIindonesia
 #kodam14hasanuddin",Kodim1418/Mamuju
@korem091asn,2025-03-27 03:20,"Bakti Sosial Kepada Masyrakat Papua
#tniprima #profesional #responsif #integratif #modern #adaptif #tniadmengabdidanmembangunbersamarakyat #tentararakyat #infokomando #tniad #korem091asn #korem091 #bersamarakyattnikuat #prajuritmulawarman",KOREM 091/ASN
@kodam_mlw,2025-03-27 03:11,"""SECERCAH HARAPAN""
Dusun Awang Landas

#kodamvimulawarman
#selaluhadirditengahkesulitanmasyarakat
#tniad
#tniprima",Kodam VI/Mulawarman
@kodim0907,2025-03-27 03:09,"TMMD Ke - 123 TA.2025 Kodim 0912/Kutai Barat

#kodamvimulawarman
#selaluhadirditengahkesulitanmasyarakat
#tniad
#tniprima",Kodim0907/trk
@kodam_mlw,2025-03-27 03:05,"Bakti Sosial Kepada Masyarakat Papua
Satgas Yonif 611/Awang Long

#kodamvimulawarman
#selaluhadirditengahkesulitanmasyarakat
#tniad
#tniprima",Kodam VI/Mulawarman
@1420_sidrap,2025-03-27 03:00,"Babinsa Koramil 1420-07Baranti Bersama Warga Bersihkan Saluran Air.
Kamis (27/03/2025). 

#tniad
#dispenad
#puspentni
#TNIindonesia
#kodam14hasanuddin
#korem141toddopuli",Kodim 1420 Sidrap
@korem091asn,2025-03-27 02:55,"SECERAH HARAPAN""
#tniprima #profesional #responsif #integratif #modern #adaptif #tniadmengabdidanmembangunbersamarakyat #tentararakyat #infokomando #tniad #korem091asn #korem091 #bersamarakyattnikuat #prajuritmulawarman",KOREM 091/ASN
@kodim0907,2025-03-27 02:51,"Secercah Harapan Dusun Awang Landas

#kodamvimulawarman
#selaluhadirditengahkesulitanmasyarakat
#tniad
#tniprima",Kodim0907/trk
@korem091asn,2025-03-27 02:43,"SECERAH HARAPAN""
#tniprima #profesional #responsif #integratif #modern #adaptif #tniadmengabdidanmembangunbersamarakyat #tentararakyat #infokomando #tniad #korem091asn #korem091 #bersamarakyattnikuat #prajuritmulawarman",KOREM 091/ASN
@kodimainjai,2025-03-27 02:41,"Dandim 1424/Sinjai Pimpin Apel Pemberangkatan Cuti Lebaran Gelombang Pertama Bagi Personil Kodim 1424/Sinjai di Lapangan Upacara Makodim 1424/Sinjai, Kel Biringere, Kec Sinjai Utara, Kab Sinjai,  Kamis (27/03/2025).

#tniad
#dispenad
#puspentni
#TNIindonesia
#kodam14hasanuddin",Kodim 1424 Sinjai
@kodim0907,2025-03-27 02:40,"Bakti Sosial Kepada Masyarakat Papua Satgas Yonif 611/Awang Long 

#kodamvimulawarman
#selaluhadirditengahkesulitanmasyarakat
#tniad
#tniprima",Kodim0907/trk
@korem091asn,2025-03-27 02:21,"TMMD KE-123 KODIM 0912/KUTAI BARAT
#tniprima #profesional #responsif #integratif #modern #adaptif #tniadmengabdidanmembangunbersamarakyat #tentararakyat #infokomando #tniad #korem091asn #korem091 #bersamarakyattnikuat #prajuritmulawarman",KOREM 091/ASN
@takalar_kodim,2025-03-27 02:09,"Jelang Buka Puasa, Koramil 1426-05/Marbo Bagi Takjil Kepada Para Pengguna Jalan 

#tniad
#dispenad
#puspentni
#TNIindonesia
#kodam14hasanuddin
#korem141toddopuli",Kodim_Takalar
@kodim1608bima,2025-03-27 01:45,"TNI-Polri Jaga Keamanan Idul Fitri, Pos PAM Ketupat Rinjani Bandara Palibelo Berjalan Kondusif.

Selengkapnya di: 👇

arashnews.com/2025/03/tni-po…

#tniad #kodim1608bima",@kodim1608bima
@takalar_kodim,2025-03-27 01:29,"TNI - Polri Dan Instansi Terkait, Bersinergi Lakukan Pengamanan Dan Pemantauan Arus Mudik Lebaran

#tniad
#dispenad
#puspentni
#TNIindonesia
#kodam14hasanuddin
#korem141toddopuli",Kodim_Takalar
@kodimbone,2025-03-27 00:53,"Babinsa Koramil 1407-16/Tonra Serda Mardianto melaksanakan Komunikasi Sosial (Komsos) dengan warga binaannya di Dusun Luppereng, Desa Biccoing, Kecamatan Tonra, Kabupaten Bone.
#tniad
#dispenad
#puspentni
#TNIindonesia
#kodam14hasanuddin",kodimbone
@kodimbone,2025-03-27 00:53,"Gotong royong cegah banjir, Babinsa Koramil 18/Kajuara Kodim 1407/Bone Sersa Adhil bersama warga bahu membahu membuat selokan di sepanjang jalan pemukiman di Desa Buareng, Kec Kajuara, Kab Bone.
#tniad
#dispenad
#puspentni
#TNIindonesia
#kodam14hasanuddin",kodimbone
@kodimbone,2025-03-27 00:52,"Babinsa Koramil 02/Dua Boccoe Kodim 1407/Bone Serda Darusman melaksanakan kegiatan Komunikasi Sosial (Komsos) dengan jemaah dan pengurus masjid Nurul Jannah, Desa Matajang, Kec. Dua Boccoe, Kab. Bone.
#tniad
#dispenad
#puspentni
#TNIindonesia
#kodam14hasanuddin",kodimbone
@kodimbone,2025-03-27 00:51,"Babinsa Koramil 1407-21/Palakka Koptu Asdar bersama PPL Desa mendampingi petugas Bulog Bone dalam rangka pembelian gabah hasil panen petani di wilayah Desa Tirong, Kec. Palakka, Kab. Bone. Kamis (27/03/25). Malam.
#tniad
#dispenad
#puspentni
#TNIindonesia
#kodam14hasanuddin",kodimbone
@kodimbone,2025-03-27 00:51,"Cegah stunting, Babinsa Koramil 09/Lapri Kodim 1407/Bone Serka Husen ikut serta mendampingi pelayanan Posyandu Balita yang dilaksanakan di Desa waekeccee, Kecamatan Lapri, Kabupaten Bone.
#tniad
#dispenad
#puspentni
#TNIindonesia
#kodam14hasanuddin",kodimbone
@kodimbone,2025-03-27 00:38,"Dipimpin Danramil 1407-15/Mare Kapten Inf Muh. Arsyad, personel lakukan penyaluran takjil kepada pengendara maupun warga pejalan kaki yang melintas di depan Makoramil 15/Mare, Kelurahan Padaelo, Kec. Mare, Kab. Bone. 
#tniad
#dispenad
#puspentni
#TNIindonesia",kodimbone
@kodimbone,2025-03-27 00:37,"Babinsa Koramil 1407-20/Bontocani Serka Baharuddin Kadir bersama melaksanakan pendampingan penyemprotan hama tanaman padi sawah petani binaan di Desa Bontojai, Kec. Bontocani, Kab. Bone.
#tniad
#dispenad
#puspentni
#TNIindonesia",kodimbone
@kodimbone,2025-03-27 00:37,"Babinsa Koramil 1407-02/Dua Boccoe Serda Justan, menjalin keakraban serta kebersamaan yang baik dengan warga binaan yang ada di Desa Tempe, Kecamatan Dua Boccoe, Kabupaten Bone.
#tniad
#dispenad
#puspentni
#TNIindonesia",kodimbone
@kodimbone,2025-03-27 00:36,"Babinsa Koramil 1407-13/Sibulue hadiri penyerahan Pemberian Makanan Tambahan (PMT) untuk ibu hamil dalam rangka pencegahan Stunting bertempat di aula Desa Sumpang Minangae, Kec. Sibulue, Kab. Bone.
#tniad
#dispenad
#puspentni
#TNIindonesia",kodimbone
@kodimbone,2025-03-27 00:35,"Pastikan tersalurkan dengan baik, Serda Budiawan Babinsa Koramil 18/Kajuara Kodim 1407/Bone menghadiri penyaluran BLT DD di aula Kantor Desa Bulu Tanah, Kec. Kajuara, Kab. Bone.
#tniad
#dispenad
#puspentni
#TNIindonesia",kodimbone
@kodimbone,2025-03-27 00:23,"Danramil 1407-16/Tonra Kapten Inf Laode Saimin bersama jajaran  melaksanakan bakti sosial berupa pembagian takjil buka puasa kepada warga masyarakat dan pengendara yang melintas di depan kantor Koramil, Kec. Tonra, Kab. Bone. Rabu (26/03/25) Sore.
#tniad
#puspentni
#TNIindonesia",kodimbone
@kodimbone,2025-03-27 00:22,"Babinsa Koramil 1407-13/Sibulue Kopka Arifin Aktif dampingi Petugas Kesehatan Puskesmas, Bidan Desa (Bindes) melaksanakan Posyandu Balita dan Lansia, berlangsung di Desa Pattiro Bajo, Kecamatan Sibulue, Kabupaten Bone. Kamis (27/03/25).
#tniad
#dispenad
#puspentni
#TNIindonesia",kodimbone
@kodimbone,2025-03-27 00:21,"Babinsa Koramil 09/Lapri Kodim 1407/Bone Serka Husen melaksanakan Karya Bakti (Karbak) membantu masyarakat binaan lakukan pembuatan Talud di Desa walimpong, Kecamatan Lapri, Kabupaten Bone. Kamis (27/03/25).
#tniad
#dispenad
#puspentni
#TNIindonesia",kodimbone
@kodimbone,2025-03-27 00:20,"Babinsa Koramil 12/Cina Kodim 1407/Bone Sertu Irtang mendampingi Petugas PPL dan petugas Bulog dalam rangka pembelian gabah hasil panen petani di wilayah Desa Kanco, Kecamatan Cina, Kabupaten Bone. Rabu (26/03/25). Malam.
#tniad
#puspentni
#TNIindonesia
#bulog 
#dinaspertanian",kodimbone
@kodimbone,2025-03-27 00:18,"Babinsa Koramil 19/Kahu Serda Akbar mendampingi petugas Bulog Kab. Bone dalam rangka penyerapan pembelian gabah hasil panen warga petani di Desa Massila, Kec. Patimpeng, Kab. Bone. Kamis (27/03/25).
#tniad
#puspentni
#TNIindonesia
#bulog 
#dinaspertanian 
#swasembadapangan",kodimbone
@kodimbone,2025-03-27 00:15,"Peduli kesehatan dan kebersihan lingkungan, Babinsa Koramil 09/Lapri Kodim 1407/Bone bergotong royong bersama masyarakat membersihkan sampah, berlokasi di Desa Patangkai, Kecamatan Lapri, Kabupaten Bone. Kamis (27/03/25).
#tniad
#dispenad
#puspentni
#TNIindonesia",kodimbone
@kodimbone,2025-03-27 00:14,"Dukungan program pemerintah, Babinsa Koramil 09/Lappariaja Kodim 1407/Bone Kopda Sulaiman hadiri musyawarah desa dalam rangka penanggulangan masyarakat Ekstrim, bertempat di Desa Tenripakkua, Kec. Lapri, Kab. Bone. Kamis (27/03/25).
#tniad
#dispenad
#puspentni
#TNIindonesia",kodimbone
@kodimbone,2025-03-27 00:13,"Babinsa Koramil 06/Awangpone  Sertu Yunus melaksanakan Komunikasi Sosial (Komsos) bersama dengan Pengurus Masjid Darul Muttaqin belokasi di Dusun 2 Compongnge, Desa Lappoase, Kecamatan Awangpone, Kabupaten Bone. Rabu (26/03/25) siang.
#tniad
#dispenad
#puspentni
#TNIindonesia",kodimbone
@kodimbone,2025-03-27 00:12,"dukung ketahanan pangan dan meningkatkan hasil pertanian, Babinsa Koramil 1407-16/Tonra Kopda Ahmad melaksanakan pendampingan kepada petani saat panen jagung, di Dusun Pace, Desa Muara, Kec. Tonra, Kab. Bone. Kamis (27/03/25).
#tniad
#dispenad
#puspentni
#TNIindonesia",kodimbone
@kodimbone,2025-03-27 00:11,"Babinsa Koramil 19/Kahu Kodim 1407/Bone Praka Sultan melaksanakan Komunikasi Sosial (Komsos) dengan warga masyarakat di Desa Cakkela, Kec. Kahu, Kab. Bone. Kamis (27/03/25).
#tniad
#dispenad
#puspentni
#TNIindonesia",kodimbone
@kodamhasanuddin,2025-03-26 21:36,"Guna Meningkatkan Soliditas, Kodam XIV/Hsn Gelar Buka Puasa Bersama TNI-Polri di Makodam

""Memperkokoh Sinergitas TNI-Polri dalam Bingkai Kebersamaan Ramadhan""

#tniad
#dispenad
#puspentni
#TNIindonesia",Kodam Hasanuddin
@tni_ad,2025-03-26 21:12,"SATGAS YONIF 762/VYS, PEDULI PENDIDIKAN DI KAMPUNG AISYO

#TNIAD
#TNIADBerjuangBersamaRakyat
#TNIADBekerjaDenganHati
#TNIADdihatiRakyat
#TNIADPrima",TNI AD
@kodimainjai,2025-03-26 20:56,"Wujudkan Swasembada Pangan, Babinsa Pattongko Pos Ramil 05/Tellulimpoe Kodim 1424/Sinjai Dampingi Petani Panen Padi di Dusun Kasalakang Desa Pattongko Kec. Tellulimpoe Kab Sinjai 

#tniad
#dispenad
#puspentni
#TNIindonesia
#kodam14hasanuddin",Kodim 1424 Sinjai
@kodimainjai,2025-03-26 20:52,"Babinsa Talle Koramil 05/Sinjai Selatan Kodim 1424/Sinjai Dampingi Penyerapan Gabah Milik Petani Oleh Bulog Sinjai di Dusun Sengkang Desa Talle Kec. Sinjai Selatan Kab Sinjai 

#tniad
#dispenad
#puspentni
#TNIindonesia
#kodam14hasanuddin",Kodim 1424 Sinjai
@kodimainjai,2025-03-26 20:47,"Babinsa Desa Sukamaju Pos Ramil 1424-05/Tellulimpoe Kodim 1424/Sinjai Dampingi Bulog Sinjai Lakukan Serap Gabah Milik Petani di Dusun Banoa Desa Sukamaju Kec. Tellulimpoe Kab Sinjai 

#tniad
#dispenad
#puspentni
#TNIindonesia
#kodam14hasanuddin",Kodim 1424 Sinjai
@kodimainjai,2025-03-26 20:43,"Babinsa Kampala Koramil 04/Sinjai Timur Kodim 1424/Sinjai Bantu Penyemprotan Hama Tanaman Padi Milik Petani di Kampung Timbasoang Dusun Pao Desa Kampala Kec. Sinjai Timur Kab Sinjai 

#tniad
#dispenad
#puspentni
#TNIindonesia
#kodam14hasanuddin",Kodim 1424 Sinjai
@kodimainjai,2025-03-26 20:39,"Babinsa Bontosalama Koramil 02/Sinjai Barat Kodim 1424/Sinjai Laksanakan Komsos Bersama Warga Binaan bertempat di Dusun Magala Desa Bontosalama Kec. Sinjai Barat Kab Sinjai 

#tniad
#dispenad
#puspentni
#TNIindonesia
#kodam14hasanuddin",Kodim 1424 Sinjai
@kodimainjai,2025-03-26 20:35,"Babinsa Aska Koramil 05/Sinjai Selatan Kodim 1424/Sinjai Komsos Bersama Warga Binaan di Dusun Hempenge Desa Aska Kec. Sinjai Selatan Kab Sinjai 

#tniad
#dispenad
#puspentni
#TNIindonesia
#kodam14hasanuddin",Kodim 1424 Sinjai
@kodimainjai,2025-03-26 20:31,"Personel Kodim 1424/Sinjai bersama Polres Sinjai, Satpol PP, Dishub dan Tenaga Kesehatan Laksanakan PAM Lebaran Idul Fitri 1446 H di wilayah Kabupaten Sinjai 

#tniad
#dispenad
#puspentni
#TNIindonesia
#kodam14hasanuddin",Kodim 1424 Sinjai
@kodimainjai,2025-03-26 20:05,"Babinsa Samaenre Koramil 1424-03/Sinjai Tengah Kodim 1424/Sinjai Dampingi Petani Panen Padi di Lingkungan Lonra I, Kelurahan Samaenre, Kecamatan Sinjai Tengah, Kabupaten Sinjai.

#tniad
#dispenad
#puspentni
#TNIindonesia
#kodam14hasanuddin",Kodim 1424 Sinjai
@kodimainjai,2025-03-26 19:58,"Babinsa Saukang Koramil 04/Sinjai Timur Kodim 1424/Sinjai Dampingi Petani Pantau Perkembangan Tanaman Padi di Dusun Mangottong Desa Saukang Kec. Sinjai Timur Kab. Sinjai.

#tniad
#dispenad
#puspentni
#TNIindonesia
#kodam14hasanuddin",Kodim 1424 Sinjai
@kodimainjai,2025-03-26 19:54,"Babinsa Barambang Koramil 06/Sinjai Borong Kodim 1424/Sinjai Komsos Bantu Perbaikan Lantai Rumah Milik Warga Binaan di Dusun Balang Desa Barambang Kec. Sinjai Borong Kab. Sinjai.

#tniad
#dispenad
#puspentni
#TNIindonesia
#kodam14hasanuddin",Kodim 1424 Sinjai
@kodimainjai,2025-03-26 19:49,"Bati Tuud Koramil 06/Sinjai Borong Kodim 1424/Sinjai Komsos Hadiri Rapat Koordinasi Penetapan Lokasi Sholat Idul Fitri  di Kantor KUA Kec. Sinjai Borong Kel. Pasir Putih Kec. Sinjai Borong Kab. Sinjai.

#tniad
#dispenad
#puspentni
#TNIindonesia
#kodam14hasanuddin",Kodim 1424 Sinjai
@kodimainjai,2025-03-26 19:43,"Jaga Keamanan Selama Ramadhan, Kodim 1424/Sinjai Bersama Polres Sinjai Laksanakan Patroli Gabungan Di Sinjai Utara Kab Sinjai

#tniad
#dispenad
#puspentni
#TNIindonesia
#kodam14hasanuddin",Kodim 1424 Sinjai
@KodamKasuari,2025-03-26 18:41,"Kunjungan gubernur dan FKPD Prov Papua Barat Daya di Tambrauw

#TNIAD
#TNIADBerjuangBersamaRakyat
#TNIADBekerjaDenganHati
#TNIADdihatiRakyat
#TNIADPrima",Kodam XVIII/Kasuari
@KodamKasuari,2025-03-26 17:43,"Pangdam XVIII/Ksr Menghadiri Apel Gelar Pasukan Operasi Ketupat Mansinam 2025

#TNIAD
#TNIADBerjuangBersamaRakyat
#TNIADBekerjaDenganHati
#TNIADdihatiRakyat
#TNIADPrima",Kodam XVIII/Kasuari
@kodim0811_tuban,2025-03-26 17:28,"RESPON KELUHAN MASYARAKAT
TNI AD BANGUN JEMBATAN DARURAT

#tni_angkatan_darat
#puspentni 
#dispenad 
#kodam5brw 
#pendamvbrawijaya 
#pen_korem082 
#puspentniad  
#babinsa 
#babinsatniad 
#babinsatuban 
#pusdikter
#tniad 
#tniangkatandarat
#tniprima",KODIM 0811 TUBAN
@KodamKasuari,2025-03-26 17:19,"Kunjungan Pangdam XVIII/Kasuari Ke Papua Barat Daya

piped.video/Ej8z4_k6DPs 

#TNIAD
#TNIADBerjuangBersamaRakyat
#TNIADBekerjaDenganHati
#TNIADdihatiRakyat
#TNIADPrima",Kodam XVIII/Kasuari
@KodamKasuari,2025-03-26 16:41,"Buka Puasa Bersama Demi Menjaga Sinergitas TNI dan Polri

#TNIAD
#TNIADBerjuangBersamaRakyat
#TNIADBekerjaDenganHati
#TNIADdihatiRakyat
#TNIADPrima",Kodam XVIII/Kasuari
@kodam_mlw,2025-03-26 16:36,"Lanny Jaya - Satgas Pamtas Yonif 614/Raja Pandhita Membangun PLTMH (Pembangkit Listrik Tenaga Mikro Hidro di Malagaineri, Kab. Lanny Jaya, Papua Pegunungan

#kodamvimulawarman 
#selaluhadirditengahkesulitanmasyarakat 
#tniad 
#tni 
#tniprima",Kodam VI/Mulawarman
@KodamKasuari,2025-03-26 16:26,"TMMD 123 ABDI NYATA PRAJURIT KODIM 1806/TELUK BINTUNI: ""Membangun Desa, Menguatkan Rasa"" (Full Vers)

piped.video/L0mZybVqBDA 

#TNIAD
#TNIADBerjuangBersamaRakyat
#TNIADBekerjaDenganHati
#TNIADdihatiRakyat
#TNIADPrima",Kodam XVIII/Kasuari
@KodamKasuari,2025-03-26 16:08,"Gubernur dam FKPD Prov Papua Barat Sidak Menjelang Lebaran

#TNIAD
#TNIADBerjuangBersamaRakyat
#TNIADBekerjaDenganHati
#TNIADdihatiRakyat
#TNIADPrima",Kodam XVIII/Kasuari
@KodamKasuari,2025-03-26 16:00,"Tingkatkan Sinergitas dan Kolaborasi, Pomdam Kasuari, Pomal Fasharkan Manokwari, dan Propam Polda PB Gelar Buka Puasa Bersama

#TNIAD
#TNIADBerjuangBersamaRakyat
#TNIADBekerjaDenganHati
#TNIADdihatiRakyat
#TNIADPrima",Kodam XVIII/Kasuari
@kodimainjai,2025-03-26 15:25,"Dan Ramil 1424-01/Sinjai Utara Kodim 1424/Sinjai Bersama Forkopimda Sinjai Laksanakan Safari Ramadhan Di Masjid Agung Nujumul Ittihad Kel. Biringere Kec. Sinjai Utara Kab. Sinjai.

#tniad
#dispenad
#puspentni
#TNIindonesia
#kodam14hasanuddin",Kodim 1424 Sinjai
@koramil16tulung,2025-03-26 15:09,"Babinsa Sertu Tulus Purnomo bersama Babinkamtibmas hadiri kegiatan Bimbingan Teknis Perlindungan Masyarakat (LINMAS ) di Desa Sedayu,  Kecamatan Tulung, Kabupaten Klaten.

#kodim0723klaten 
#korem074wrt 
#kodamivdiponegoro 
#tniad
                    instagram.com/p/DHqsNpDyWx9/…",koramil Tulung
@KodamKasuari,2025-03-26 15:03,"Kunjungan Kerja Pangdam XVIII/Ksr Ke Yonzipur 20/PPA

#TNIAD
#TNIADBerjuangBersamaRakyat
#TNIADBekerjaDenganHati
#TNIADdihatiRakyat
#TNIADPrima",Kodam XVIII/Kasuari
@koramil16tulung,2025-03-26 14:51,"Muspika Kecamatan Tulung beserta Anggota dan Tokoh Masyarakat melaksanakan Tarwih Keliling di Masjid Al - Iman di Desa Majegan, Kecamatan Tulung, Kabupaten Klaten.

#kodim0723klaten 
#korem074wrt 
#kodamivdiponegoro 
#tniad
                    instagram.com/p/DHqqDloP8ya/…",koramil Tulung
@KodamKasuari,2025-03-26 14:45,"Kodam XVIII/Kasuari Ikuti Rapat Koordinasi Lintas Sektoral ""Ops Ketupat Mansinam 2025"" untuk Pengamanan Idul Fitri 1446 H Yang Digelar Polda Papua Barat

#TNIAD
#TNIADBerjuangBersamaRakyat
#TNIADBekerjaDenganHati
#TNIADdihatiRakyat
#TNIADPrima",Kodam XVIII/Kasuari
@kodimainjai,2025-03-26 14:43,"Pererat Silaturahmi, Babinsa Panaikang Koramil 04/Sinjai Timur Kodim 1424/Sinjai Hadiri Acara Buka Puasa Bersama di Masjid Babussalihin Dusun Buakang Desa Panaikang Kec. Sinjai Timur Kab. Sinjai.

#tniad
#dispenad
#puspentni
#TNIindonesia
#kodam14hasanuddin",Kodim 1424 Sinjai
@kodim_jeneponto,2025-03-26 12:59,"Kodim 1425/Jeneponto Maknai Bulan Suci Ramadhan Dengan Berbagai Takjil Buka Puasa Kepada Tukang Becak. Rabu, 26/03/2025.

#tni
#tniindonesia
#puspentni
#tniad
#kodam14hasanuddin
#korem141toddoppuli
#tnimanunggalrakyat",Kodim_Jeneponto
@HsnXiv,2025-03-26 12:49,"Rakyat bersama TNI melaksanakan tugas negara.

Pasar Bersih Hidup : Sehat Kolaborasi TNI dan Masyarakat untuk Lingkungan Lebih Baik.

#tniad
#dispenad
#puspentni
#TNIindonesia",ZIDAM XIV/HSN
@Cakra_Kostrad,2025-03-26 12:14,"Kunjungan Kerja dan Safari Ramadhan Pangkostrad di Tiga Satuan Malang Raya
@Puspen_TNI @tni_ad @divif_1_kostrad @divif2kostrad @divif3kostrad #tni #tniad #Kostrad #Cakra    #kostradpeduli #kostradberbagi #TNIADMengabdiDanMembangunBersamaRakyat #penkostrad",Kostrad
@Cakra_Kostrad,2025-03-26 12:13,"Kostrad Ikut Ramaikan Bazar Murah Ramadhan TNI, Solusi Pemenuhan Kebutuhan Jelang Idul Fitri
@Puspen_TNI @tni_ad @divif_1_kostrad @divif2kostrad @divif3kostrad #tni #tniad #Kostrad #Cakra    #kostradpeduli #kostradberbagi #TNIADMengabdiDanMembangunBersamaRakyat #penkostrad",Kostrad
@Cakra_Kostrad,2025-03-26 12:12,"Yonif 754 Kostrad Bekerjasama Dengan Kantor Pelayan Pajak di Bawah Direktorat Pajak Untuk Melaksanakan Laporan SPT Tahunan
@Puspen_TNI @tni_ad  #tni #tniad #Kostrad #Cakra    #kostradpeduli #kostradberbagi #TNIADMengabdiDanMembangunBersamaRakyat #penkostrad",Kostrad
@Cakra_Kostrad,2025-03-26 12:11,"Kirab Senja Drum Band Dharma Loka Yang Digelar Dalam Rangka Tradisi Perpisahan Danyonif 330 Kostrad ke 41 Dengan Warga Cicalengka
@Puspen_TNI @tni_ad  #tni #tniad #Kostrad #Cakra    #kostradpeduli #kostradberbagi #TNIADMengabdiDanMembangunBersamaRakyat #penkostrad",Kostrad
@kodim1421pangk2,2025-03-26 10:13,"Rakyat bersama TNI melaksanakan tugas negara.

Bersama TNI, Wujudkan Generasi Sehat dan Kuat dengan Makan Bergizi.

#tniad
#dispenad
#puspentni
#TNIindonesia
#kodam14hasanuddin 
#korem141toddopuli",Info Kodim Pangkep
@Cakra_Kostrad,2025-03-26 09:56,"Gebyar Meriah, Bazar Yonarmed 1 di Kampung Tentara Divif 2 Kostrad
@Puspen_TNI @tni_ad @divif_1_kostrad @divif2kostrad @divif3kostrad #tni #tniad #Kostrad #Cakra    #kostradpeduli #kostradberbagi #TNIADMengabdiDanMembangunBersamaRakyat #penkostrad",Kostrad
@Cakra_Kostrad,2025-03-26 09:55,"Panglima Kostrad Kunjungan Kerja ke Yonkav 8 Kostrad
@Puspen_TNI @tni_ad @divif_1_kostrad @divif2kostrad @divif3kostrad #tni #tniad #Kostrad #Cakra    #kostradpeduli #kostradberbagi #TNIADMengabdiDanMembangunBersamaRakyat #penkostrad",Kostrad
@Cakra_Kostrad,2025-03-26 09:55,"Jelang Idul Fitri, Dandenpal Divif 1 Kostrad dan Bank Mandiri Bagikan Bingkisan Lebaran
@Puspen_TNI @tni_ad @divif_1_kostrad @divif2kostrad @divif3kostrad #tni #tniad #Kostrad #Cakra    #kostradpeduli #kostradberbagi #TNIADMengabdiDanMembangunBersamaRakyat #penkostrad",Kostrad
@Kodim_Tator,2025-03-26 09:40,"Dandim 1414/Tator Letkol Arm Bani K. Sepang bersama Forkopimda Toraja Utara laksanakan vicon Gerakan Pangan Murah serentak yang di selenggarakan oleh dinas ketahanan pangan Sulsel, bertempat di Lapangan upacara Kodim 1414/Tator, Kec. Rantepao, Kab. Torut.
Rabu, 26/03/2025

#tniad",Kodim Tator
@Pussenarhanud36,2025-03-26 08:37,"Penutupan Pendidikan Dikjurba Arhanud Abit Dikmaba TNI AD TA 2024 (OV).
Batu, 26 Maret 2025

#tni #tniad #arhanud #Pussenarhanud #PrajuritPengawalAngkasaSakti #VyatiRakcaBhalaCakti

@puspentni 
@tni_angkatan_darat",Pussenarhanud TNI AD
@KasuariRindam,2025-03-26 08:22,"Revisi Undang Undang TNI

#tniad #puspentni #kodamxviiikasuari 
@tni_angkatan_darat @puspentni @kodam_kasuari",RINDAM KASUARI
@tni_ad,2025-03-26 08:21,"SEMUA ITU KARENA CINTA

#TNIAD
#TNIADBerjuangBersamaRakyat
#TNIADBekerjaDenganHati
#TNIADdihatiRakyat
#TNIADPrima",TNI AD
@takalar_kodim,2025-03-26 08:20,"Sukseskan Ketahanan Pangan, Babinsa Koramil 1426-01/Polut Pendampingan Petani Panen Padi 

#tniad
#dispenad
#puspentni
#TNIindonesia
#kodam14hasanuddin
#korem141toddopuli",Kodim_Takalar
@takalar_kodim,2025-03-26 08:14,"Sukseskan Ketahanan Pangan, Babinsa Koramil 1426-02/Polsel Pendampingan Petani Panen Padi 

#tniad
#dispenad
#puspentni
#TNIindonesia
#kodam14hasanuddin
#korem141toddopuli",Kodim_Takalar
@Pussenarhanud36,2025-03-26 08:10,"Kunjungan Kerja Danpussenarhanud di Pusdik Arhanud dan Bengpus Arhanud.
Batu, 25 Maret 2025

#tni #tniad #arhanud #Pussenarhanud #PrajuritPengawalAngkasaSakti #VyatiRakcaBhalaCakti

@puspentni 
@tni_angkatan_darat",Pussenarhanud TNI AD
@takalar_kodim,2025-03-26 08:04,"Jelang Idul Fitri, Personel Koramil 1426-04/Galesong Bersama Warga Bersihkan Lapangan

#tniad
#dispenad
#puspentni
#TNIindonesia
#kodam14hasanuddin
#korem141toddopuli",Kodim_Takalar
@KodamKasuari,2025-03-26 07:31,"Ciptakan kedekatan warga binaan,Babinsa Koramil 1804-01/Kaimana, Kodim 1804/Kaimana, Sertu Takim melaksanakan komsos dengan masyarakat binaan di Kampung Trikora, Distrik Kaimana, Kab. Kaimana, Papua Barat

#TNIADbekerjadenganhati
#TNIADDihatiRakyat
#TNIADPrima
#TNIAD",Kodam XVIII/Kasuari
@KodamKasuari,2025-03-26 07:29,"Demi menjalin keakraban dengan warga binaan yang merupakan tugas pokok Babinsa. Salah satunya dengan melakukan Komunikasi Sosial (Komsos) guna menciptakan interaksi serta kekompakan antara Babinsa dan warga binaan.

#TNIADbekerjadenganhati
#TNIADDihatiRakyat
#TNIADPrima
#TNIAD",Kodam XVIII/Kasuari
@kodamhasanuddin,2025-03-26 07:23,"Rakyat bersama TNI melaksanakan tugas negara.

Bersama TNI, Wujudkan Generasi Sehat dan Kuat dengan Makan Bergizi.

#tniad
#dispenad
#puspentni
#TNIindonesia",Kodam Hasanuddin
@KodamKasuari,2025-03-26 07:22,"Koramil 1802-01/Sorong Kota berbagi kebahagiaan dengan membagikan takjil kepada pengendara roda 4, Roda 2 maupun warga pejalan kaki yang melintas di depan jalan basuki rahmat km 7 melaksanakan giat pembagian 150 paket takjil berbuka puasa

#TNIADbekerjadenganhati
#TNIAD",Kodam XVIII/Kasuari
@kodamhasanuddin,2025-03-26 07:10,"Satnonkowil Pomdam XIV/Hsn, Kodim 1408/Mks dan DPW Ratu Prabu Sulsel bersinergi dukung Ketahanan Pangan dan Pembangunan Sarpras Satuan

#tniad
#dispenad
#puspentni
#TNIindonesia
#ketahananpangan",Kodam Hasanuddin
@kodim1418mamuju,2025-03-26 07:09,"“Babinsa Koramil 1418-05/Kalumpang Bersama Warga Gotong Royong 
  Bersihkan Jalan dan Bangun Saluran Air di Bonehau”

#tniad
 #dispenad
 #puspentni
 #TNIindonesia
 #kodam14hasanuddin",Kodim1418/Mamuju
@KodamKasuari,2025-03-26 07:07,"Danramil 1807 - 01 Teminabuan bersama anggotanya datangi panti asuhan Muhamadiyah yang terletak di jalan Brawijaya kampung wermit Distrik Teminabuan Kab Sorsel guna memberikan bantuan sembako Rabu 26 Maret 2025.

#TNIADbekerjadenganhati
#TNIADDihatiRakyat
#TNIADPrima
#TNIAD",Kodam XVIII/Kasuari
@kodim1421pangk2,2025-03-26 07:03,"Rakyat bersama TNI melaksanakan tugas negara.

Pasar Bersih Hidup : Sehat Kolaborasi TNI dan Masyarakat untuk Lingkungan Lebih Baik

#tniad
#dispenad
#puspentni
#TNIindonesia
#kodam14hasanuddin 
#korem141toddopuli",Info Kodim Pangkep
@kodamhasanuddin,2025-03-26 07:01,"4 Tips Mudik Aman dan Nyaman

1. KONDISI KENDARAAN
2. PERLENGKAPAN DARURAT
3. SIAPKAN DOKUMEN
4. RENCANA RUTE

#tniad
#dispenad
#puspentni
#TNIindonesia",Kodam Hasanuddin
@1420_sidrap,2025-03-26 06:54,"Babinsa Koramil 1420-03/Maritenggae Serda Eman Rachman Melaksanakan Pemantauan Harga Bahan Pokok di Pasar Allakuang.
Rabu (26/3/2025).

#tniad
#dispenad
#puspentni
#TNIindonesia
#kodam14hasanuddin
#korem141toddopuli",Kodim 1420 Sidrap
@ditkumad,2025-03-26 06:19,"Wadirkumad Pimpin Rapat Pembahasan Statuta STHM

@sthm
#tni #tniprima #tniad #tnikuatbersamarakyat 
#korpschk #korpshukumtniad #armylegalservice #penditkumad #statutasthm #sthm

facebook.com/share/p/15c7r4d…

instagram.com/p/DHpuIwYS5r_/…",DITKUMAD
@AlorKodim,2025-03-26 06:19,"Babinsa Dampingi Kunjungan Ibu Ketua Persit KCK Cab.XXI Dim 1622/Alor Ke Rumah Balitah Stunting.

Penulis:FaisalMuhammad 
#tniad 
#tniprima 
#tnibersamarakyat 
#tnidihatirakyat
#tnimengabdi 
#prajaraksakaperdulirakyat

Cek berita selengkapnya disini>>
arashnews.com/2025/03/babins…",Kodim 1622 Alor
@kodim1418mamuju,2025-03-26 06:16,"“Danrem 142/Tatag Bersama Dandim 1418/Mamuju Tinjau Penyerapan Gabah Petani di Kalukku untuk Ketahanan Pangan Nasional”
 
 #tniad
 #dispenad
 #puspentni
 #TNIindonesia
 #kodam14hasanuddin",Kodim1418/Mamuju
@WajoKodim,2025-03-26 05:50,"Babinsa Koramil 1406-10/Pitumpanua Laksanakan Puldatater di Kantor Desa Kompong
#tniad
#dispenad
#puspentni
#TNIindonesia
#kodam14hasanuddin
#korem141toddopuli",Kodim Wajo
@WajoKodim,2025-03-26 05:49,"Babinsa Koramil 1406-09/Sajoanging Dampingi Pembayaran Zakat Fitrah di Masjid Jami Amaliyah Raddae
#tniad
#dispenad
#puspentni
#TNIindonesia
#kodam14hasanuddin
#korem141toddopuli",Kodim Wajo
@WajoKodim,2025-03-26 05:48,"Babinsa Koramil 1406-08/Sabbangparu Bantu Warga Perbaiki Jalan Tani di Ujungpero
#tniad
#dispenad
#puspentni
#TNIindonesia
#kodam14hasanuddin
#korem141toddopuli",Kodim Wajo
@kodamhasanuddin,2025-03-26 05:47,"Rakyat bersama TNI melaksanakan tugas negara.

Pasar Bersih Hidup : Sehat Kolaborasi TNI dan Masyarakat untuk Lingkungan Lebih Baik

#tniad
#dispenad
#puspentni
#TNIindonesia",Kodam Hasanuddin
@WajoKodim,2025-03-26 05:47,"Babinsa Koramil 1406-06/Pammana Bantu Petani Panen Jagung di Watampanua
#tniad
#dispenad
#puspentni
#TNIindonesia
#kodam14hasanuddin
#korem141toddopuli",Kodim Wajo
@WajoKodim,2025-03-26 05:46,"Babinsa Koramil 1406-05/Majauleng Pererat Silaturahmi dengan Warga
#tniad
#dispenad
#puspentni
#TNIindonesia
#kodam14hasanuddin
#korem141toddopuli",Kodim Wajo
@WajoKodim,2025-03-26 05:45,"Babinsa Koramil 1406-04/Belawa Jalin Sinergi dengan PPL dan Kelompok Tani
#tniad
#dispenad
#puspentni
#TNIindonesia
#kodam14hasanuddin
#korem141toddopuli",Kodim Wajo
@WajoKodim,2025-03-26 05:44,"Babinsa Koramil 1406-03/Maniangpajo Jalin Komunikasi dengan Warga untuk Jaga Kamtibmas
#tniad
#dispenad
#puspentni
#TNIindonesia
#kodam14hasanuddin
#korem141toddopuli",Kodim Wajo
@WajoKodim,2025-03-26 05:43,"Babinsa Koramil 1406-02/Tanasitolo Pantau Pompanisasi, Dukung Percepatan Tanam Padi
#tniad
#dispenad
#puspentni
#TNIindonesia
#kodam14hasanuddin
#korem141toddopuli",Kodim Wajo
@WajoKodim,2025-03-26 05:43,"Babinsa Koramil 1406-01/Tempe Ajak Warga Jaga Kebersihan Lingkungan
#tniad
#dispenad
#puspentni
#TNIindonesia
#kodam14hasanuddin
#korem141toddopuli",Kodim Wajo
@WajoKodim,2025-03-26 05:41,"Koramil 1406-07/Takkalalla Bersama Warga Gelar Karya Bhakti Bersihkan Saluran Air di Kelurahan Peneki
#tniad
#dispenad
#puspentni
#TNIindonesia
#kodam14hasanuddin
#korem141toddopuli",Kodim Wajo
@Pussenarhanud36,2025-03-26 05:39,"Taklimat Akhir Pengawasan Intern Post Audit Pussenarhanud
Cimahi, 26 Maret 2025

#tni #tniad #arhanud #Pussenarhanud #PrajuritPengawalAngkasaSakti #VyatiRakcaBhalaCakti

@puspentni 
@tni_angkatan_darat",Pussenarhanud TNI AD
@Kodim_Tator,2025-03-26 05:27,"Babinsa Koramil 1414-02/Rantepao Sertu Amir melaksanakan kegiatan ketahanan pangan merontokkan padi bersama Masyarakat binaan di Kel. Laangtanduk Kec. Rantepao Kab. Toraja Utara.
Rabu, 26/03/2025

#tniad
#dispenad
#puspentni
#TNIindonesia
#kodam14hasanuddin",Kodim Tator
@Kodim_Tator,2025-03-26 05:26,"Babinsa Koramil 1414-09/Saluputti Serda Silas Mana melaksanakan komsos bersama Masyarakat binaan di Kantor Lembang/Desa Pondingao Kec. Masanda Kab. Tana Toraja.
Rabu, 26/03/2025

#tniad
#dispenad
#puspentni
#TNIindonesia
#kodam14hasanuddin",Kodim Tator
@Kodim_Tator,2025-03-26 05:24,"Personil Koramil 1414-05/Sanggalangi bersama masyarakat melaksanakan pembersihan lingkungan bertempat di Dusun Rante Langda, Lembang Langda, Kec. Sopai Kab. Toraja Utara.
Rabu, 26/03/2025

#tniad
#dispenad
#puspentni
#TNIindonesia
#kodam14hasanuddin",Kodim Tator
@KODIM__1404_PRG,2025-03-26 05:01,"Pangdam XIV/Hsn Mayjen TNI Windiyatno didampingi Ketua Persit KCK PD XIV/Hsn Ny. Infita Windiyatno, Menyerahkan paket bantuan kepada Warakauri dan beasiswa kepada anak Prajurti berprestasi di Kodim 1404/Pinrang.

#dispenad 
#puspentni 
#tniad 
#tniindonesia 
#kodamhasanuddin",Kodim1404/Pinrang
@tni_ad,2025-03-26 04:50,"RUMAH SAKIT LAPANGAN TNI AD DI MAMUJU, SULAWESI BARAT.

#TNIAD
#TNIADBerjuangBersamaRakyat
#TNIADBekerjaDenganHati
#TNIADdihatiRakyat
#TNIADPrima

instagram.com/reel/DHpkY3wyI…",TNI AD
@KODIM__1404_PRG,2025-03-26 04:45,"Pandam XIV/Hsn didampingi Dandim 1404/Pinrang, Tinjau Ketahanan Pangan Kodim 1404/Pinrang.

#dispenad 
#puspentni 
#tniad 
#kodamhasanuddin 
#korem141toddopuli",Kodim1404/Pinrang
@kodimainjai,2025-03-26 04:25,"Babinsa Koramil 01/Sinjai Utara Kodim 1424/Sinjai Bersama Warga Bersihkan Lapangan Alun-Alun Sinjai Bersatu, Kabupaten Sinjai.

#tniad
#dispenad
#puspentni
#TNIindonesia
#kodam14hasanuddin",Kodim 1424 Sinjai
@kodim0817gresik,2025-03-26 04:21,"PERAHU KATINTING SATGAS PAMTAS YONIF 123/RAJAWALI

#tniad 
#tniadberjuangbersamarakyat 
#tniadbekerjadenganhati 
#tniaddihatirakyat 
#tniadprima 
#responsif",kodim0817gresik
@kodimainjai,2025-03-26 04:18,"Danramil 04/Sinjai Timur Kodim 1424/Sinjai Komsos Hadiri Rapat Koordinasi Penetapan Lokasi Sholat Idul Fitri Dan Takbiran Keliling  di Kantor KUA Kec. Sinjai Timur Kel. Samataring Kec. Sinjai Timur Kab. Sinjai.

#tniad
#dispenad
#puspentni
#TNIindonesia
#kodam14hasanuddin",Kodim 1424 Sinjai
@DekBudi40592,2025-03-26 04:15,"Hanya mendapatkan ucapan, mati sia sia. KASIHAN… #papuaviral #opmmusuhmasyarakat #tolakopm #NKRI #PrabowoGibran #tniad 

tempo.co/hukum/tpnpb-opm-umu…",Dek budi
@kodimainjai,2025-03-26 04:14,"Babinsa Sangiassri Koramil 05/Sinjai Selatan Kodim 1424/Sinjai Bersama Aparat Pemerintah Dan Warga Gotong Royong Bersihkan Pohon Tumbang di Lingk. Caile Kel. Sangiasseri Kec. Sinjai Selatan Kab. Sinjai.

#tniad
#dispenad
#puspentni
#TNIindonesia
#kodam14hasanuddin",Kodim 1424 Sinjai
@kodimainjai,2025-03-26 04:08,"Babinsa Tompobulu Pos Ramil 01/Bulupoddo Kodim 1424/Sinjai Dampingi Petani Memanen Padi di Dusun Karampuang Desa Tompobulu Kec. Bulupoddo Kab. Sinjai.

#tniad
#dispenad
#puspentni
#TNIindonesia
#kodam14hasanuddin",Kodim 1424 Sinjai
@kodimainjai,2025-03-26 04:04,"Babinsa Talle Koramil 05/Sinjai Selatan Kodim 1424/Sinjai Dampingi Bulog Sinjai Lakukan Serap Gabah Milik Petani di Dusun Sengkang Desa Talle Kec. Sinjai Selatan Kab. Sinjai.

#tniad
#dispenad
#puspentni
#TNIindonesia
#kodam14hasanuddin",Kodim 1424 Sinjai
@kodimainjai,2025-03-26 03:59,"Babinsa Bontotengnga Koramil 06/Sinjai Borong Kodim 1424/Sinjai Dampingi Nakes Laksanakan Kegiatan Posyandu di Dusun Maccini Desa Bontotengnga Kec. Sinjai Borong Kab. Sinjai.

#tniad
#dispenad
#puspentni
#TNIindonesia
#kodam14hasanuddin",Kodim 1424 Sinjai
@kodamhasanuddin,2025-03-26 03:34,"TNI AD Peduli: Membangun Hunian Layak dan Nyaman bagi Perwira Staf Kodim 1408/Makassar.

#tniad
#dispenad
#puspentni
#TNIindonesia",Kodam Hasanuddin
@Kodim_Klaten,2025-03-26 03:23,"Babinsa Bantu Siswa Sebrangi Sungai Lahar

#tni #tniad #kodimklaten #kabarklaten #heroik #lumajang #banjir #fypppppppp #viral #semeru #lahar",kodim klaten
@Cakra_Kostrad,2025-03-26 03:23,"Prajurit TNI AD bantu penanganan banjir Semarang

#TNIAD
#TNIADBerjuangBersamaRakyat
#TNIADBekerjaDenganHati
#TNIADdihatiRakyat
#TNIADPrima",Kostrad
@Cakra_Kostrad,2025-03-26 03:22,"Prajurit Zeni AD bersihkan kerusakan fasilitas umum akibat Longsor di Sulbar

#TNIAD
#TNIADBerjuangBersamaRakyat
#TNIADBekerjaDenganHati
#TNIADdihatiRakyat
#TNIADPrima",Kostrad
@Cakra_Kostrad,2025-03-26 03:20,"Perahu Katinting Satgas Pamtas Yonif 123 Rajawali 

#TNIAD
#TNIADBerjuangBersamaRakyat
#TNIADBekerjaDenganHati
#TNIADdihatiRakyat
#TNIADPrima",Kostrad
@1420_sidrap,2025-03-26 03:20,"Koramil 1420-06/Panca Rijang Gelar Karya Bhakti Bersihkan Saluran Air di Kelurahan Lalebata.
Rabu (26/03/2025).

#tniad
#dispenad
#puspentni
#TNIindonesia
#kodam14hasanuddin
#korem141toddopuli",Kodim 1420 Sidrap
@Cakra_Kostrad,2025-03-26 03:16,"Penyemprotan mobil Disinfektan dan pendistribusian sanitaizer untuk pencegahan Covid

#TNIAD
#TNIADBerjuangBersamaRakyat
#TNIADBekerjaDenganHati
#TNIADdihatiRakyat
#TNIADPrima",Kostrad
@Cakra_Kostrad,2025-03-26 03:12,"Pembangunan Gereja di Papua

#TNIAD
#TNIADBerjuangBersamaRakyat
#TNIADBekerjaDenganHati
#TNIADdihatiRakyat
#TNIADPrima

instagram.com/reel/DHpZ0YTPb…",Kostrad
@kodimainjai,2025-03-26 03:09,"Babinsa Bontokatute Koramil 1424-06/Sinjai Borong Kodim 1424/Sinjai Komsos Bersama Warga Binaan di Dusun Morowanging Desa Bontokatute Kec. Sinjai Borong Kab. Sinjai.

#tniad
#dispenad
#puspentni
#TNIindonesia
#kodam14hasanuddin",Kodim 1424 Sinjai
@Cakra_Kostrad,2025-03-26 03:08,"Patroli Terkoordinasi TNI - TDM Patok perbatasan RI - Malaysia

#TNIAD
#TNIADBerjuangBersamaRakyat
#TNIADBekerjaDenganHati
#TNIADdihatiRakyat
#TNIADPrima",Kostrad
@Cakra_Kostrad,2025-03-26 03:05,"Kodim 0818 Malang Gelar Operasi Katarak Gratis  Bagi Masyarakat

#TNIAD
#TNIADBerjuangBersamaRakyat
#TNIADBekerjaDenganHati
#TNIADdihatiRakyat
#TNIADPrima",Kostrad
@kodimainjai,2025-03-26 03:05,"Babinsa Bontosinala Koramil 06/Sinjai Borong Kodim 1424/Sinjai Komsos Bersama Staf Desa di Kantor Desa Bontosinala Kec. Sinjai Borong Kab. Sinjai.

#tniad
#dispenad
#puspentni
#TNIindonesia
#kodam14hasanuddin",Kodim 1424 Sinjai
@Cakra_Kostrad,2025-03-26 03:01,"GERAK CEPAT KODIM 0304/AGAM, BANTU WARGA ATASI BENCANA LAHAR DINGIN DI SUMATERA BARAT

#TNIAD
#TNIADBerjuangBersamaRakyat
#TNIADBekerjaDenganHati
#TNIADdihatiRakyat
#TNIADPrima

instagram.com/reel/DHpYn95P1…",Kostrad
@Cakra_Kostrad,2025-03-26 02:57,"PRAJURIT TNI AD EVAKUASI WARGA KORBAN BANJIR DI MANADO

#TNIAD
#TNIADBerjuangBersamaRakyat
#TNIADBekerjaDenganHati
#TNIADdihatiRakyat
#TNIADPrima

instagram.com/reel/DHpYK0hP3…",Kostrad
@Cakra_Kostrad,2025-03-26 02:54,"Air Adalah Kehidupan

#TNIAD
#TNIADBerjuangBersamaRakyat
#TNIADBekerjaDenganHati
#TNIADdihatiRakyat
#TNIADPrima",Kostrad
@1431Kodim2004,2025-03-26 02:51,"Rakyat bersama TNI melaksanakan tugas negara.

Dari Ladang untuk Bangsa: Sinergi TNI dan Masyarakat dalam Ketahanan Pangan.

#tniad
#dispenad
#puspentni
#TNIindonesia",Kodim 1431 Bombana
@Cakra_Kostrad,2025-03-26 02:44,"Bencana Alam, TNI AD Bantu Masyarakat

#TNIAD
#TNIADBerjuangBersamaRakyat
#TNIADBekerjaDenganHati
#TNIADdihatiRakyat
#TNIADPrima
@tni_ad 

instagram.com/reel/DHoKgu9P3…",Kostrad
@tni_ad,2025-03-26 02:37,"POINT OF VIEW BERSAMA KASAD JENDERAL TNI MARULI SIMANJUNTAK M.Sc.

Saksikan selengkapnya obrolan seru di Channel YouTube SCTV

piped.video/zP3TltbQb4U?si=lHSL…

#TNIAD
#TNIADBerjuangBersamaRakyat",TNI AD
@kodimainjai,2025-03-26 02:36,"Bati Tuud Koramil 04/Sinjai Tengah Kodim 1424/Sinjai Berikan Pelayanan Kesehatan Gratis Dan Bantuan Sembako Kepada anggota Veteran PKRI di Lingk Lonra I Kel. Samaenre Kec. Sinjai Tengah Kab. Sinjai.

#tniad
#dispenad
#puspentni
#TNIindonesia
#kodam14hasanuddin",Kodim 1424 Sinjai
@Cakra_Kostrad,2025-03-26 02:35,"Babinsa mengajar Ngaji

#TNIAD
#TNIADBerjuangBersamaRakyat
#TNIADBekerjaDenganHati
#TNIADdihatiRakyat
#TNIADPrima",Kostrad
@Cakra_Kostrad,2025-03-26 02:32,"Yonif Mekanis 203 Renovasi Gereja di Distrik Malagayneri

#TNIAD
#TNIADBerjuangBersamaRakyat
#TNIADBekerjaDenganHati
#TNIADdihatiRakyat
#TNIADPrima",Kostrad
@KodamKasuari,2025-03-26 02:32,"Dalam rangka menyemarakkan bulan suci Ramadan dan membantu masyarakat menghadapi Idul Fitri, TNI Angkatan Darat (TNI AD) melalui Korem 181/Praja Vira Tama (PVT) bersama Pemerintah Provinsi Papua Barat Daya menggelar Bazar Ramadan

#TNIADbekerjadenganhati
#TNIADDihatiRakyat
#TNIAD",Kodam XVIII/Kasuari
@Cakra_Kostrad,2025-03-26 02:32,"TNI AD menjadi guru SD di perbatasan 

#TNIAD
#TNIADBerjuangBersamaRakyat
#TNIADBekerjaDenganHati
#TNIADdihatiRakyat
#TNIADPrima",Kostrad
@Cakra_Kostrad,2025-03-26 02:31,"Penanggulangan wabah malaria dan DBD

#TNIAD
#TNIADBerjuangBersamaRakyat
#TNIADBekerjaDenganHati
#TNIADdihatiRakyat
#TNIADPrima",Kostrad
@Cakra_Kostrad,2025-03-26 02:30,"Warga Papua minta Prajurit Yonif 305 Kostrad tidak pulang

#TNIAD
#TNIADBerjuangBersamaRakyat
#TNIADBekerjaDenganHati
#TNIADdihatiRakyat
#TNIADPrima",Kostrad
@kodimainjai,2025-03-26 02:30,"Babinsa Tongke-Tongke Koramil 04/Sinjai Timur Kodim 1424/Sinjai Dampingi Penyaluran BLT DD Kepada Masyarakat bertempat di Kantor Desa Tongke-Tongke  Kec. Sinjai Timur Kab. Sinjai.

#tniad
#dispenad
#puspentni
#TNIindonesia
#kodam14hasanuddin",Kodim 1424 Sinjai
@Cakra_Kostrad,2025-03-26 02:29,"Kasih Sayang tulus Prajurit TNI AD kepada Anak Papua

#TNIAD
#TNIADBerjuangBersamaRakyat
#TNIADBekerjaDenganHati
#TNIADdihatiRakyat
#TNIADPrima",Kostrad
@kodimainjai,2025-03-26 02:24,"Babinsa Saukang Koramil 04/Sinjai Timur Kodim 1424/Sinjai Dampingi Petani Pantau Perkembangan Tanaman Padi di Dusun Rombo Desa Saukang Kec. Sinjai Timur Kab. Sinjai.

#tniad
#dispenad
#puspentni
#TNIindonesia
#kodam14hasanuddin",Kodim 1424 Sinjai
@kodimainjai,2025-03-26 02:18,"Babinsa Samaturue Koramil 1424-05/Tellulimpoe Kodim 1424/Sinjai Komsos Dengan Warga Binaan di Kantor Desa Samaturue Kec. Tellulimpoe Kab. Sinjai.

#tniad
#dispenad
#puspentni
#TNIindonesia
#kodam14hasanuddin",Kodim 1424 Sinjai
@kodim1421pangk2,2025-03-26 02:15,"Rakyat bersama TNI melaksanakan tugas negara.

Bersama TNI, Petani Sejahtera :
Kolaborasi untuk  swasembada pangan yang berkelanjutan 

#tniad
#dispenad
#puspentni
#TNIindonesia
#ketahananpangan
#kodam14hasanuddin 
#korem141toddopuli",Info Kodim Pangkep
@89Pagama33345,2025-03-26 02:15,"Bersama TNI, Petani Sejahtera :
Kolaborasi untuk  swasembada pangan yang berkelanjutan 

#tniad
#dispenad
#puspentni
#TNIindonesia
#ketahananpangan",Kodim Soppeng
@tni_ad,2025-03-26 02:11,"SATGAS PAMTAS RI-MALAYSIA YONARMED 10/BRADJAMUSTI KEMBALI GAGALKAN PENYELUNDUPAN 15 KG SABU

#TNIAD
#TNIADBerjuangBersamaRakyat
#TNIADBekerjaDenganHati
#TNIADdihatiRakyat
#TNIADPrima

instagram.com/reel/DHpSJAXyt…",TNI AD
@kodimainjai,2025-03-26 01:57,"Babinsa Bulutellue Pos Ramil 01/Bulupoddo Kodim 1424/Sinjai Komsos Dengan Warga Binaan di Dusun Saotengah Desa Bulutellue Kec. Bulupoddo Kab. Sinjai.

#tniad
#dispenad
#puspentni
#TNIindonesia
#kodam14hasanuddin",Kodim 1424 Sinjai
@kodimainjai,2025-03-26 01:50,"Babinsa Balakia Koramil 02/Sinjai Barat Kodim 1424/Sinjai Laksanakan Safari Ramadhan Di Masjid Haqqul Yaqin Lingk. Siria Kel. Balakia Kec. Sinjai Barat Kab. Sinjai.

#tniad
#dispenad
#puspentni
#TNIindonesia
#kodam14hasanuddin",Kodim 1424 Sinjai
@kodamhasanuddin,2025-03-26 01:46,"Pangdam XIV/Hasanuddin Kunjungi Brigif 11/Badik Sakti, Kodim 1421/Pangkep, dan Kodim 1422/Maros

“Kunjungan Kerja ke Satuan: Perkuat Soliditas dan Kesiapan Prajurit""

#tniad
#dispenad
#puspentni
#TNIindonesia",Kodam Hasanuddin
@kodimainjai,2025-03-26 01:43,"Babinsa Koramil 03/Sinjai Tengah Kodim 1424/Sinjai Bagikan Takjil kepada Masyarakat Jelang Berbuka Puasa

#tniad
#dispenad
#puspentni
#TNIindonesia
#kodam14hasanuddin",Kodim 1424 Sinjai
@kodam_mlw,2025-03-26 01:35,"Hulu Sungai Selatan - Ramadhan Penuh Berkah, Kodim 1003/Hulu Sungai Selatan Berbagi Takjil di Halaman Makodim 1003/Hulu Sungai Selatan, Selasa (25/03/25).

#kodamvimulawarman 
#tniad
#tniprima
#marhabanyaramadhan",Kodam VI/Mulawarman
@kodam_mlw,2025-03-26 01:22,"Malinau – Satgas Pamtas Yonzipur 8/SMG Gagalkan Penyelundupan 274 Botol Miras di Jalan Ahmad Yani, Desa Malinau Hulu, Kec. Malinau Kota, Kab. Malinau, Kaltara, Selasa (25/03/25).

#kodamvimulawarman
#tniad
#tniprima",Kodam VI/Mulawarman
@pinkbeauty88,2025-03-26 01:22,"Dibulan Suci Ramadhan 1446 H/2025 M, Satgas Yonif 756/WMS dan Masyarakat serta Pemda dan Polri setempat melaksanakan buka puasa bersama di kantor Pemda Kabupaten Paniai. Selasa (25/03/2025).
#tnipolrisolid 
#TNIAD 
#tniprima

paniai.indonesiasatu.co.id/b…",Astika Naima
@tni_ad,2025-03-26 01:20,"SATGAS YONIF 122 TOMBAK SAKTI MENGAJAR DI DISTRIK MANNEM, KAB. KEEROM.

#TNIAD
#TNIADBerjuangBersamaRakyat
#TNIADBekerjaDenganHati
#TNIADdihatiRakyat
#TNIADPrima

instagram.com/reel/DHpLZhBS0…",TNI AD
@itsokey687,2025-03-26 01:19,"Dibulan Suci Ramadhan 1446 H/2025 M, Satgas Yonif 756/WMS dan Masyarakat serta Pemda dan Polri setempat melaksanakan buka puasa bersama di kantor Pemda Kabupaten Paniai. Selasa (25/03/2025).
#tnipolrisolid 
#TNIAD 
#tniprima

paniai.indonesiasatu.co.id/b…",Joanna Grace
@silverquein45,2025-03-26 01:17,"Dibulan Suci Ramadhan 1446 H/2025 M, Satgas Yonif 756/WMS dan Masyarakat serta Pemda dan Polri setempat melaksanakan buka puasa bersama di kantor Pemda Kabupaten Paniai. Selasa (25/03/2025).
#tnipolrisolid 
#TNIAD 
#tniprima

paniai.indonesiasatu.co.id/b…",Harfi Khair
@kodim1421pangk2,2025-03-26 01:05,"Pangkajene*_ Dalam Rangka Menyambut Hari Raya Idul Fitri 1446 H 2025 M Kodim 1421/Pangkep mengadakan Bazar Murah yang bertempat di Stadion Andi Mappe Kel. Paddoang Doangan Kec Pangkajene Kab Pangkep

#tniad
#dispenad
#puspentni
#TNIindonesia
#kodam14hasanuddin 
#korem141toddopuli",Info Kodim Pangkep
@takalar_kodim,2025-03-26 01:03,"Babinsa Koramil 1426-03/Galut Kopda Asri Yusuf Lakukan Pendampingan Penyaluran BLT Dana Desa

#tniad
#dispenad
#puspentni
#TNIindonesia
#kodam14hasanuddin
#korem141toddopuli",Kodim_Takalar
@kodimbone,2025-03-26 00:55,"Danramil 1407-19/Kahu beserta anggota dan Persit salurkan Takjil kepada masyarakat pengguna jalan yang melintas di depan Makoramil 19/Kahu, Jl. Andi Page, Kel. Palattae, Kec. Kahu, Kab. Bone. Selasa (25/03/25) Sore.
#tniad
#dispenad
#puspentni
#TNIindonesia
#kodam14hasanuddin",kodimbone
@kodimbone,2025-03-26 00:54,"Dukung program pemerintah, Babinsa Koramil 1407-10/Ponre Sertu Kasman dampingi petani dalam proses penyerapan gabah oleh mitra Bulog, berlokasi di Desa Bolli, Kec. Ponre, Kab. Bone. Selasa (25/03/25) Malam.
#tniad
#dispenad
#puspentni
#TNIindonesia
#kodam14hasanuddin",kodimbone
@kodimbone,2025-03-26 00:53,"Babinsa Koramil 06/Awangpone Kodim 1407/Bone Sertu Ervan bersama warga melakukan gotong royong dalam pembanguan Masjid Al Muttaqin yang terletak di Desa Jaling, Kec. Awangpone, Kab. Bone. Rabu (26/03/25).
#tniad
#dispenad
#puspentni
#TNIindonesia
#kodam14hasanuddin",kodimbone
@kodimbone,2025-03-26 00:53,"Babinsa Koramil 1407-01/Ajangale Serda Firman lakukan pembinaan kepada pemuda yang mempersiapkan diri menjadi calon Prajurit TNI AD, bertempat di Makoramil, Kel. Pompanua, Kec. Ajangale, Kab. Bone. Rabu (26/03/25).
#tniad
#dispenad
#puspentni
#TNIindonesia
#kodam14hasanuddin",kodimbone
@kodimbone,2025-03-26 00:52,"Babinsa Koramil 1407-11/Barebbo Serma Ismail bergotong royong kerja bakti dengan sasaran pembersihan pohon tumbang dan selokan air berlokasi di Lingk. Gattareng, Kel. Apala, Kec. Barebbo, Kab. Bone. Rabu (26/03/25).
#tniad
#dispenad
#puspentni
#TNIindonesia
#kodam14hasanuddin",kodimbone
@kodimbone,2025-03-26 00:50,"Tingkatkan Silaturahmi, Serda Ruslan Babinsa Koramil 14/Lihureng Kodim 1407/Bone melaksanakan Komunikasi Sosial (Komsos) dengan ibu - ibu di desa binaan Desa Laburasseng, Kec. Libureng, Kab. Bone. Rabu (26/03/25).
#tniad
#dispenad
#puspentni
#TNIindonesia
#kodam14hasanuddin",kodimbone
@kodimbone,2025-03-26 00:50,"Babinsa Koramil 02/Dua Boccoe Kodim 1407/Bone Kopda Rusman membantu mengupas jagung salah satu warga binaan pasca panen, bertempat di Desa Prajamaju, Kecamatan Dua Boccoe, Kabupaten Bone. Rabu (26/03/25).
#tniad
#dispenad
#puspentni
#TNIindonesia
#kodam14hasanuddin",kodimbone
@kodim0907,2025-03-26 00:49,"Pelayanan Kesehatan Kesehatan Di Papua Satgas Yonif 611/Awang Long 

#kodamvimulawarman
#selaluhadirditengahkesulitanmasyarakat
#tniad
#tniprima",Kodim0907/trk
@kodimbone,2025-03-26 00:49,"Babinsa Koramil 1407-04/Tellusiatinge Sertu Munawir sosialisasi bersama bersama petani terkait harga jual Gabah Kering Panen (GKP) dari pemerintah, bertempat di Desa Waji, Kec. Tellusiatinge, Kab. Bone. Rabu (26/03/25).
#tniad
#dispenad
#puspentni
#TNIindonesia
#kodam14hasanuddin",kodimbone
@kodimbone,2025-03-26 00:48,"Serma Syukri Babinsa Koramil 1407-01/Ajangale melaksanakan pendampingan ketahanan pangan panen padi dengan seluas 1,5 Hektar milik salah satu warga di Dusun Rumpae, Desa Telle, Kec. Ajangale, Kab. Bone. Rabu (26/03/25).
#tniad
#dispenad
#puspentni
#TNIindonesia
#kodam14hasanuddin",kodimbone
@kodimbone,2025-03-26 00:47,"Babinsa Koramil 20/Bontocani Kodim 1407/Bone Serka Abidin hadiri Sosialisasi Dan Persetujuan atas Dasar Informasi di Awal Tanpa Paksaan ( Padiatara ), bertempat di Desa Langi, Kec. Bontocani, Kab. Bone. Rabu (26/03/25).
#tniad
#dispenad
#puspentni
#TNIindonesia
#kodam14hasanuddin",kodimbone
@kodim0907,2025-03-26 00:38,"Pelayanan Kesehatan Pos Banti Yonif 611/Awl

#kodamvimulawarman
#selaluhadirditengahkesulitanmasyarakat
#tniad
#tniprima",Kodim0907/trk
@kodam_mlw,2025-03-26 00:31,"TNI AD Mengajar Di Papua - Satgas Yonif 614/Raja Pandhita

#kodamvimulawarman 
#selaluhadirditengahkesulitanmasyarakat 
#tniad
#tniprima",Kodam VI/Mulawarman
@kodam_mlw,2025-03-26 00:31,"Pelayanan Kesehatan Pos Banti - Yonif 611/Awang Long

#kodamvimulawarman 
#selaluhadirditengahkesulitanmasyarakat 
#tniad
#tniprima",Kodam VI/Mulawarman
@kodim0907,2025-03-26 00:30,"TNI-AD Mengajar Di Papua Satgas Yonif 614/Raja Pandhita

#kodamvimulawarman
#selaluhadirditengahkesulitanmasyarakat
#tniad
#tniprima",Kodim0907/trk
@kodam_mlw,2025-03-26 00:29,"TNI AD Mengajar Di Papua - Satgas Yonif 614/Raja Pandhita

#kodamvimulawarman 
#selaluhadirditengahkesulitanmasyarakat 
#tniad
#tniprima",Kodam VI/Mulawarman
@takalar_kodim,2025-03-26 00:28,"Wujudkan Impian Warga Jelang Idul Fitri Kodim 1426 Takalar Bersama Pemerintah Daerah Gelar Bazar Murah

#tniad
#dispenad
#puspentni
#TNIindonesia
#kodam14hasanuddin
#korem141toddopuli",Kodim_Takalar
@kodimbone,2025-03-25 23:30,"Sambut Hari Raya Idul Fitri 1446 H,  Kodim 1407/Bone bekerjasama dengan Forkopimda  gelar Bazar Murah sekaligus berbagi sembako kepada masyarakat tidak mampu,  Selasa (25/03/25). #tniad #dispenad #puspentni #TNIindonesia",kodimbone
@kodim_jeneponto,2025-03-25 23:15,"Bingkisan Hari Raya Idul Fitri 1446 Hijrah, Tingkatkan Kesejahteraan Prajurit Dan PNS TNI

 #tni
 #tniindonesia
 #abdinegara
 #tniad
 #puspentni
 #semuaorang",Kodim_Jeneponto
@tni_ad,2025-03-25 22:59,"AKSI DAMAI MASYARAKAT KABUPATEN BATANG DUKUNG UNDANG-UNDANG TNI
instagram.com/p/DHo87I4IN29/

#TNIAD
#TNIADBerjuangBersamaRakyat
#TNIADBekerjaDenganHati
#TNIADdihatiRakyat
#TNIADPrima",TNI AD
@kodimbone,2025-03-25 22:42,"Rakyat bersama TNI melaksanakan tugas negara.TNI dan Masyarakat Bersinergi
#tniad #dispenad #puspentni",kodimbone
@kodim_jeneponto,2025-03-25 22:13,"Ramadhan Berkah, Koramil 1425-05/Batang Kembali Menggelar Aksi Sosial Bagi Takjil Buka Puasa

#tni
#tniindonesia
#puspentni
#tniad
#kodam14hasanuddin
#korem141toddoppuli
#tnimanunggalrakyat",Kodim_Jeneponto
@kodim_jeneponto,2025-03-25 21:48,"Ramadhan Berkah, Koramil 1425-05/Batang Kembali Menggelar Aksi Sosial Bagi Takjil Buka Puasa. Selasa, 25/03/2025.

#tni
#tniindonesia
#puspentni
#tniad
#kodam14hasanuddin
#korem141toddoppuli
#tnimanunggalrakyat",Kodim_Jeneponto
@KODIM__1404_PRG,2025-03-25 14:44,"Rakyat bersama TNI melaksanakan tugas negara.

Dari Ladang untuk Bangsa: Sinergi TNI dan Masyarakat dalam Ketahanan Pangan.

#tniad
#dispenad
#puspentni
#TNIindonesia",Kodim1404/Pinrang
@Kodim1413B,2025-03-25 12:50,"Tetap bangga dan semangat dalam pengabdian kepada NKRI

#tniad
#dispenad
#puspentni
#TNIindonesia
#kodam14hasanuddin 
#korem 143haluoleo",kodim1413/buton
@KODIM_1409,2025-03-25 12:35,"Tetap Bangga dan semangat dalam pengabdian kepada NKRI

#tniad
#dispenad
#puspentni
#TNIindonesia
#kodam14hasanuddin
#korem141toddopuli",KODIM1409/GOWA
@WajoKodim,2025-03-25 12:34,"Rakyat bersama TNI melaksanakan tugas negara.

Dari Ladang untuk Bangsa: Sinergi TNI dan Masyarakat dalam Ketahanan Pangan.

#tniad
#dispenad
#puspentni
#TNIindonesia",Kodim Wajo
@kodimainjai,2025-03-25 12:15,"Rakyat bersama TNI melaksanakan tugas negara.

Dari Ladang untuk Bangsa: Sinergi TNI dan Masyarakat dalam Ketahanan Pangan.

#tniad
#dispenad
#puspentni
#TNIindonesia",Kodim 1424 Sinjai
@Kodim0828,2025-03-25 12:04,"Kodim Sampang Berikan Kebahagiaan untuk Yatim Piatu Al Furqon dengan Sembako Jelang Lebaran 
-----------
#KabupatenSampang
#kodam5brw
#korem084
#KodimSampang
#tniprima
#profesional
#responsif
#integratif
#modern
#adaptif
#tniad
#tni
                    instagram.com/p/DHnyI_ZpM5O/…",Kodim Sampang
@penrem143,2025-03-25 11:28,"Dari Ladang untuk Bangsa: Sinergi TNI dan Masyarakat dalam Ketahanan Pangan.

#tniad
#dispenad
#puspentni
#TNIindonesia",Korem143haluoleo
@kodamhasanuddin,2025-03-25 10:50,"Pangdam XIV/Hasanuddin Ikuti Vicon Pembukaan Bazar Murah Ramadhan TNI untuk Stabilitas Harga

""TNI Gelar Bazar Murah Ramadhan Serentak, Hadirkan Harga Terjangkau Jelang Lebaran""

#tniad
#dispenad
#puspentni
#TNIindonesia",Kodam Hasanuddin
@Jurnalpatroli_,2025-03-25 10:50,"jurnalpatrolinews.co.id/pusp…  Papua Barat Daya, Panglima Komando Daerah Militer (Pangdam) XVIII/Kasuari, Mayor Jenderal TNI Jimmy Ramoz Manalu, S.Hub.Int., M.H.I., didampingi oleh Ketua Persit Kartika Chandra Kirana #papua #papuabarat #kodamkasuari #tniad #puspentni",JurnalPatroliNews
@Kodim_Tator,2025-03-25 10:34,"Rakyat bersama TNI melaksanakan tugas negara.

Dari Ladang untuk Bangsa: Sinergi TNI dan Masyarakat dalam Ketahanan Pangan.

#tniad
#dispenad
#puspentni
#TNIindonesia",Kodim Tator
@penrem143,2025-03-25 10:27,"Tetap Bangga dan semangat dalam pengabdian kepada NKRI

#tniad
#dispenad
#puspentni
#TNIindonesia",Korem143haluoleo
@KodimSelayar,2025-03-25 10:19,"Rakyat bersama TNI melaksanakan tugas negara.

Dari Ladang untuk Bangsa: Sinergi TNI dan Masyarakat dalam Ketahanan Pangan.

#tniad
#dispenad
#puspentni
#TNIindonesia",Kodim Selayar
@kodim1421pangk2,2025-03-25 10:14,"Rakyat bersama TNI melaksanakan tugas negara.

TNI dan Masyarakat Bersinergi: Bersih Kanal, Sehat Lingkungan, Kuat Bersama TNI.

#tniad
#dispenad
#puspentni
#TNIindonesia
#kodam14hasanuddin 
#korem141toddopuli",Info Kodim Pangkep
@Cakra_Kostrad,2025-03-25 10:03,"Dedikasi Satgas Yonif 501 Kostrad Untuk Warga Papua: Gotong Royong Bangun Gereja di Kampung Sorry
@Puspen_TNI @tni_ad @divif_1_kostrad @divif2kostrad @divif3kostrad #tni #tniad #Kostrad #Cakra    #kostradpeduli #kostradberbagi #TNIADMengabdiDanMembangunBersamaRakyat #penkostrad",Kostrad
@Cakra_Kostrad,2025-03-25 10:03,"Indahnya Berbagi di Bulan Suci Ramadhan, Satgas Pamtas Yonarmed 11 Kostrad Bagikan Takjil di Perbatasan
@Puspen_TNI @tni_ad   #tni #tniad #Kostrad #Cakra    #kostradpeduli #kostradberbagi #TNIADMengabdiDanMembangunBersamaRakyat #penkostrad",Kostrad
@Cakra_Kostrad,2025-03-25 10:02,"Ramadhan Barokah: Yonkav 1 Kostrad Berbagi Takjil, Tank AVLB Tampil Gagah
@Puspen_TNI @tni_ad @divif_1_kostrad @divif2kostrad @divif3kostrad #tni #tniad #Kostrad #Cakra    #kostradpeduli #kostradberbagi #TNIADMengabdiDanMembangunBersamaRakyat #penkostrad",Kostrad
@Cakra_Kostrad,2025-03-25 10:02,"Yonif 330 Kostrad Gelar Apel Kesiapsiagaan
@Puspen_TNI @tni_ad @divif_1_kostrad @divif2kostrad @divif3kostrad #tni #tniad #Kostrad #Cakra    #kostradpeduli #kostradberbagi #TNIADMengabdiDanMembangunBersamaRakyat #penkostrad",Kostrad
@Cakra_Kostrad,2025-03-25 10:02,"Irdivif 1 Kostrad Lakukan Kunjungan Kerja ke Yonif 305/Tengkorak
@Puspen_TNI @tni_ad @divif_1_kostrad @divif2kostrad @divif3kostrad #tni #tniad #Kostrad #Cakra    #kostradpeduli #kostradberbagi #TNIADMengabdiDanMembangunBersamaRakyat #penkostrad",Kostrad
@Cakra_Kostrad,2025-03-25 10:01,"Kunjungan dan Safari Ramadhan Pangkostrad ke Jajaran Divif 2 Kostrad
@Puspen_TNI @tni_ad @divif_1_kostrad @divif2kostrad @divif3kostrad #tni #tniad #Kostrad #Cakra    #kostradpeduli #kostradberbagi #TNIADMengabdiDanMembangunBersamaRakyat #penkostrad",Kostrad
@koramil1401_01,2025-03-25 09:33,"Rakyat bersama TNI melaksanakan tugas negara.

Dari Ladang untuk Bangsa: Sinergi TNI dan Masyarakat dalam Ketahanan Pangan.

#tniad
#dispenad
#puspentni
#TNIindonesia",Kodim 1401/Majene
@ditkumad,2025-03-25 09:08,"Do'a Bersama Dalam Rangka HUT ke-79 Persit Kartika Chandra Kirana

#tni #tniprima #tniad #tnikuatbersamarakyat 
#korpschk #korpshukumtniad #armylegalservice #penditkumad #doabersamaditkumad

facebook.com/share/p/1DAcoiF…

instagram.com/p/DHncIh5yhU8/…",DITKUMAD
@kodam_mlw,2025-03-25 08:49,"Balikpapan – Kodam VI/Mulawarman Gelar Bazar TNI Serentak Sambut Idul Fitri 1446 H di wilayah Kaltim, Kaltara, dan Kalsel, pada Selasa (25/03/25).

#kodamvimulawarman
#selaluhadirditengahkesulitammasyarakat
#tniad
#tnial
#tniau
#tniprima",Kodam VI/Mulawarman
@kodamhasanuddin,2025-03-25 08:43,"Rakyat bersama TNI melaksanakan tugas negara.

Dari Ladang untuk Bangsa: Sinergi TNI dan Masyarakat dalam Ketahanan Pangan.

#tniad
#dispenad
#puspentni
#TNIindonesia",Kodam Hasanuddin
@takalar_kodim,2025-03-25 08:27,"Wujudkan Impian Warga Jelang Idul Fitri Kodim 1426 Takalar Bersama Pemerintah Daerah Gelar Bazar Murah

#tniad
#dispenad
#puspentni
#TNIindonesia
#kodam14hasanuddin
#korem141toddopuli",Kodim_Takalar
@kodim1418mamuju,2025-03-25 07:42,"Korem 142/Tatag dan kodim 1418/Mamuju Gelar Bazar Ramadan TNuntuk Pengendalian Inflasi Jelang Idul Fitri 1446 H/2025 M”
 
 #tniad
 #dispenad
 #puspentni
 #TNIindonesia
 #kodam14hasanuddin",Kodim1418/Mamuju
@1420_sidrap,2025-03-25 07:36,"Babinsa Koramil 1420-06/Panca Rijang Pantau Harga Sembako Jelang Idul Fitri 1446 H di Pasar Sentral Rappang.
Selasa (25/3/2025)

#tniad
#dispenad
#puspentni
#TNIindonesia
#kodam14hasanuddin
#korem141toddopuli",Kodim 1420 Sidrap
@kodamhasanuddin,2025-03-25 07:32,"Rakyat bersama TNI melaksanakan tugas negara.

TNI dan Masyarakat Bersinergi: Bersih Kanal, Sehat Lingkungan, Kuat Bersama TNI.

#tniad
#dispenad
#puspentni
#TNIindonesia",Kodam Hasanuddin
@takalar_kodim,2025-03-25 07:15,"Sukseskan Ketahanan Pangan, Babinsa Koramil 1426-05/Marbo Pendampingan Petani Panen Padi 

#tniad
#dispenad
#puspentni
#TNIindonesia
#kodam14hasanuddin
#korem141toddopuli",Kodim_Takalar
@kodim0811_tuban,2025-03-25 07:11,"KARYA BAKTI TNI AD

#tni_angkatan_darat
#puspentni 
#dispenad 
#kodam5brw 
#pendamvbrawijaya 
#pen_korem082 
#puspentniad  
#babinsa 
#babinsatniad 
#babinsatuban 
#pusdikter
#tniad 
#tniangkatandarat
#tniprima 
#profesional 
#responsif
#integratif
#moderen
#adaptif",KODIM 0811 TUBAN
@korem091asn,2025-03-25 07:08,"Bazar Ramadhan TNI 2025 , TNI – Bersama Rakyat, Kuat
#tniprima #profesional #responsif #integratif #modern #adaptif #tniadmengabdidanmembangunbersamarakyat #tentararakyat #infokomando #tniad #korem091asn #korem091 #bersamarakyattnikuat #prajuritmulawarman",KOREM 091/ASN
@takalar_kodim,2025-03-25 07:07,"Babinsa Koramil 1426-03/Galut Dampingi Penyerapan Gabah Petani Oleh Bulog Di Wilayah Binaan

#tniad
#dispenad
#puspentni
#TNIindonesia
#kodam14hasanuddin
#korem141toddopuli",Kodim_Takalar
@takalar_kodim,2025-03-25 06:55,"Koramil 1426-03/Galut Bersama Warga Kerja Bakti Bersihkan Saluran Air dan Bahu Jalan 

#tniad
#dispenad
#puspentni
#TNIindonesia
#kodam14hasanuddin
#korem141toddopuli",Kodim_Takalar
@KodamKasuari,2025-03-25 06:50,"Telah dilaksanakan Testimoni kepada tokoh masyarakat, sepulang Ibadah, pada hari Minggu Tanggal 23 Maret 2025  Gereja Maranata Iriati Kab. Teluk Wondama tentang Tanggapan mereka  tentang TNI 

piped.video/waqUTiqC9nk 

#TNIADbekerjadenganhati
#TNIADDihatiRakyat
#TNIADPrima
#TNIAD",Kodam XVIII/Kasuari
@KodamKasuari,2025-03-25 06:34,"Babinsa koramil 1801-01/Manokwari Serma Boas Bolang bersama Pegawai Distrik Manokwari timur dan Babinsa bersama-sama melaksanakan pembersihan rumput yang sudah tinggi dan sampah-sampah di Halaman Kantor Distrik Manokwari Timur

#TNIADbekerjadenganhati
#TNIADDihatiRakyat
#TNIAD",Kodam XVIII/Kasuari
@KodamJayakarta,2025-03-25 06:29,"Safari Ramadan Pangdam Jaya di Batalyon Zeni Tempur-11/DW
instagram.com/reel/DHnLEIgPJ…

#tniadmengabdidanmembangunbersamarakyat #tniad #tniadprima #kodamjaya #pangdamjaya #safariramadhan #yonzipur11 #matraman #jakartatimur",Kodam Jaya/Jayakarta
@kodim0907,2025-03-25 06:20,"TNI Manunggal Air Bersih Tahap lll Diwilayah Kodam VI/Mulawarman

#kodamvimulawarman
#selaluhadirditengahkesulitanmasyarakat
#tniad
#tniprima",Kodim0907/trk
@kodim0907,2025-03-25 06:13,"Karya Bhakti Membersihkan Aliran Sungai Kadudung Kodim 1002/Hulu Sungai Tengah

#kodamvimulawarman
#selaluhadirditengahkesulitanmasyarakat
#tniad
#tniprima",Kodim0907/trk
@kodim0907,2025-03-25 06:13,"Karya Bhakti Rehabilitasi Rumah Tidal Layak Huni Kodim 1002/Hulu Sungai Tengah

#kodamvimulawarman
#selaluhadirditengahkesulitanmasyarakat
#tniad
#tniprima",Kodim0907/trk
@kodimgrobogan,2025-03-25 06:10,"MASYARAKAT INTAN JAYA MINTA YONIF PR 305 TENGKORAK UNTUK TIDAK PULANG

#TNIAD
#TNIADBerjuangBersamaRakyat
#TNIADBekerjaDenganHati
#TNIADdihatiRakyat
#TNIADPrima",Kodim 0717 Grobogan
@Kodim0721,2025-03-25 06:09,"YONIF MEKANIS 203 RENOVASI GEREJA

#TNIAD
#TNIADBerjuangBersamaRakyat
#TNIADBekerjaDenganHati
#TNIADdihatiRakyat
#TNIADPrima
#puspentni
#kodam_diponegoro
#korem073makutarama",Kodim 0721 Blora
@kodimgrobogan,2025-03-25 06:04,"Bencana Alam, TNI AD Membantu Masyarakat

#TNIAD
#TNIADBerjuangBersamaRakyat
#TNIADBekerjaDenganHati
#TNIADdihatiRakyat
#TNIADPrima
                    instagram.com/reel/DHnBj4yzh…",Kodim 0717 Grobogan
@Kodim0721,2025-03-25 06:04,"RUMAH SAKIT LAPANGAN PENANGANAN WABAH MALARIA DAN DBD

#TNIAD
#TNIADBerjuangBersamaRakyat
#TNIADBekerjaDenganHati
#TNIADdihatiRakyat
#TNIADPrima
#puspentni
#kodam_diponegoro
#korem073makutarama",Kodim 0721 Blora
@Kodim0721,2025-03-25 05:59,"MASYARAKAT INTAN JAYA MINTA YONIF PR 305 TENGKORAK UNTUK TIDAK PULANG

#TNIAD
#TNIADBerjuangBersamaRakyat
#TNIADBekerjaDenganHati
#TNIADdihatiRakyat
#TNIADPrima
#puspentni
#kodam_diponegoro
#korem073makutarama",Kodim 0721 Blora
@Kodim0721,2025-03-25 05:55,"KASIH SAYANG TULUS PRAJURIT TNI AD KE ANAK-ANAK PAPUA

#TNIAD
#TNIADBerjuangBersamaRakyat
#TNIADBekerjaDenganHati
#TNIADdihatiRakyat
#TNIADPrima
#puspentni
#kodam_diponegoro
#korem073makutarama",Kodim 0721 Blora
@Kodim_Tator,2025-03-25 05:46,"Babinsa Koramil 1414-02/Rantepao Sertu Amir melaksanakan kegiatan ketahanan pangan bersama Masyarakat binaan di Kel. Laangtanduk Kec. Rantepao Kab. Toraja Utara.
Selasa, 25/03/2025

#tniad
#dispenad
#puspentni
#TNIindonesia
#kodam14hasanuddin",Kodim Tator
@Kodim_Tator,2025-03-25 05:44,"Babinsa Koramil 1414-05/Sanggalangi Serda Yafrist Langgeroni melaksanakan komsos bersama masyarakat binaan di Lembang/Desa Lilikira Kec. Nanggala Kab. Toraja Utara.
Selasa, 25/03/2025

#tniad
#dispenad
#puspentni
#TNIindonesia
#kodam14hasanuddin",Kodim Tator
@Kodim0721,2025-03-25 05:43,"BABINSA GURU NGAJI

#TNIAD
#TNIADBerjuangBersamaRakyat
#TNIADBekerjaDenganHati
#TNIADdihatiRakyat
#TNIADPrima
#puspentni
#kodam_diponegoro
#korem073makutarama",Kodim 0721 Blora
@1420_sidrap,2025-03-25 05:37,"Kodim 1420/Sidrap dan Bulog Gelar Bazar Murah Sambut Idul Fitri 1446 H.
Selasa (25/3/2025).

#tniad
#dispenad
#puspentni
#TNIindonesia
#kodam14hasanuddin
#korem141toddopuli",Kodim 1420 Sidrap
@KodamJayakarta,2025-03-25 05:36,"Berbagi Berkah di Bulan Suci Ramadhan
Koramil 04/Kebayoran Lama

#tniadmengabdidanmembangunbersamarakyat #tniad #tniadprima #kodamjaya #kodim0504js #berbagi #takjilgratis #kebayoranlama #jakartaselatan",Kodam Jaya/Jayakarta
@WajoKodim,2025-03-25 05:33,"Babinsa Koramil 1406-10/Pitumpanua Ajak Warga Jaga Kekompakan di Bulan Ramadhan
#tniad
#dispenad
#puspentni
#TNIindonesia
#kodam14hasanuddin
#korem141toddopuli",Kodim Wajo
@WajoKodim,2025-03-25 05:32,"Babinsa Koramil 1406-09/Sajoanging Jalin Komsos dengan Aparat Desa Walanga
#tniad
#dispenad
#puspentni
#TNIindonesia
#kodam14hasanuddin
#korem141toddopuli",Kodim Wajo
@WajoKodim,2025-03-25 05:31,"Babinsa Koramil 1406-08/Sabbangparu Bersama Warga Bersihkan Saluran Air
#tniad
#dispenad
#puspentni
#TNIindonesia
#kodam14hasanuddin
#korem141toddopuli",Kodim Wajo
@1420_sidrap,2025-03-25 05:31,"Pangdam XIV/Hasanuddin dan Ketua Persit KCK PD XIV/Hasanuddin Kunjungi Makodim 1420/Sidrap, Tinjau Ketahanan Pangan dan Sejahterakan Prajurit.
Senin (24/3/2025). 

#tniad
#dispenad
#puspentni
#TNIindonesia
#kodam14hasanuddin
#korem141toddopuli",Kodim 1420 Sidrap
@WajoKodim,2025-03-25 05:31,"Babinsa Koramil 1406-07/Takkalalla Ajak Anak-Anak Semangat Mengaji di Bulan Ramadhan
#tniad
#dispenad
#puspentni
#TNIindonesia
#kodam14hasanuddin
#korem141toddopuli",Kodim Wajo
@WajoKodim,2025-03-25 05:30,"Babinsa Koramil 1406-05/Majauleng Pantau Harga Sembako di Pasar Rakyat Atapange
#tniad
#dispenad
#puspentni
#TNIindonesia
#kodam14hasanuddin
#korem141toddopuli",Kodim Wajo
@WajoKodim,2025-03-25 05:29,"Babinsa Koramil 1406-04/Belawa Imbau Warga untuk Menghormati Orang Berpuasa
#tniad
#dispenad
#puspentni
#TNIindonesia
#kodam14hasanuddin
#korem141toddopuli",Kodim Wajo
@WajoKodim,2025-03-25 05:28,"Babinsa Koramil 1406-03/Maniangpajo Dampingi Petani Panen Padi
#tniad
#dispenad
#puspentni
#TNIindonesia
#kodam14hasanuddin
#korem141toddopuli",Kodim Wajo
@WajoKodim,2025-03-25 05:28,"Babinsa Koramil 1406-02/Tanasitolo Kawal Penyerapan Gabah Petani
#tniad
#dispenad
#puspentni
#TNIindonesia
#kodam14hasanuddin
#korem141toddopuli",Kodim Wajo
@Kodim0721,2025-03-25 05:27,"TNI AD Manunggal Air
#TNIAD
#TNIADBerjuangBersamaRakyat
#TNIADBekerjaDenganHati
#TNIADdihatiRakyat
#TNIADPrima
#puspentni",Kodim 0721 Blora
@WajoKodim,2025-03-25 05:26,"Babinsa Koramil 1406-01/Tempe Ajak Warga Jaga Kebersihan dan Keamanan
#tniad
#dispenad
#puspentni
#TNIindonesia
#kodam14hasanuddin
#korem141toddopuli",Kodim Wajo
@WajoKodim,2025-03-25 05:26,"Koramil 1406-06/Pammana Gelar Karya Bhakti Bersama Warga di Kelurahan Cina
#tniad
#dispenad
#puspentni
#TNIindonesia
#kodam14hasanuddin
#korem141toddopuli",Kodim Wajo
@kodimbarabai,2025-03-25 05:22,"Karya Bhakti Membersihkan Aliran Sungai Kadundung - Kodim 1002/Hulu Sungai Tengah

#kodamvimulawarman
#selaluhadirditengahkesulitanmasyarakat
#tniad
#tniprima",kodim1002hst.korem101antasari
@KODIM_1409,2025-03-25 05:22,"Rakyat bersama  TNI melaksanakan tugas negara.
Kami hadir tidak dengan senjata, namun dengan Ilmu dan Kepedulian.

#tniad
#dispenad
#puspentni
#TNIindonesia",KODIM1409/GOWA
@kodimbarabai,2025-03-25 05:18,"Karya Bhakti Rehabilitasi Rumah Tidak Layak Huni - Kodim 1002/Hulu Sungai Tengah

#kodamvimulawarman
#selaluhadirditengahkesulitanmasyarakat
#tniad
#tniprima",kodim1002hst.korem101antasari
@kodam_mlw,2025-03-25 05:14,"Nunukan - Sinergitas Satgas TNI-Polri Gagalkan Penyelundupan 15 Dus/360 Kaleng Miras Ilegal Asal Malaysia di Perbatasan, wilayah Kec. Lumbis, Kab. Nunukan, Kaltara, Selasa (25/03/25).

#kodamvimulawarman
#tniad
#tniprima",Kodam VI/Mulawarman
@kodim1418mamuju,2025-03-25 05:10,"Semangat Gotong Royong, Babinsa Koramil 1418-03/Kalukku Bersama Masyarakat Gelar Karya Bakti

#tniad
 #dispenad
 #puspentni
 #TNIindonesia
 #kodam14hasanuddin",Kodim1418/Mamuju
@kodimbarabai,2025-03-25 05:07,"TNI Manunggal Air Bersih Tahap III Wilayah kodam VI/Mulawarman

#kodamvimulawarman
#selaluhadirditengahkesulitanmasyarakat
#tniad
#tniprima",kodim1002hst.korem101antasari
@kodamhasanuddin,2025-03-25 05:03,"Pangdam XIV/Hsn Kunjungi Kodim 1406/Wajo, Kodim 1420/Sidrap dan Kodim 1405/Pare-Pare

""Tinjau Kodim Wajo, Sidrap, dan Pare-Pare: Perkuat Pembinaan Prajurit dan Program Ketahanan Pangan""

#tniad
#dispenad
#puspentni
#TNIindonesia",Kodam Hasanuddin
@kodimgrobogan,2025-03-25 04:51,"Babinsa Guru Ngaji, Rindu Untuk Serma Riadi

#TNIAD
#TNIADBerjuangBersamaRakyat
#TNIADBekerjaDenganHati
#TNIADdihatiRakyat
#TNIADPrima",Kodim 0717 Grobogan
@kodim1418mamuju,2025-03-25 04:50,"Tetap Bangga dan semangat dalam pengabdian kepada NKRI.

#tniad
#dispenad
#puspentni
#TNIindonesia
#kodam14hasanuddin",Kodim1418/Mamuju
@KodamJayakarta,2025-03-25 04:43,"Penyerapan Gabah bersama BULOG

Kolaborasi BULOG dan Kodim 0509/Kabupaten Bekasi

#tniadmengabdidanmembangunbersamarakyat #tniad #tniadprima #kodamjaya #kodim0509 #bulog",Kodam Jaya/Jayakarta
@kodimgrobogan,2025-03-25 04:39,"Babinsa Bantu Siswa Sebrangi Sungai Lahar

#TNIAD
#TNIADBerjuangBersamaRakyat
#TNIADBekerjaDenganHati
#TNIADdihatiRakyat
#TNIADPrima",Kodim 0717 Grobogan
@kodimainjai,2025-03-25 04:03,"Menyambut Hari Raya Idul Fitri 1446/H, Kodim 1424/Sinjai Gelar Pasar Murah di Alun-Alun Lapangan Sinjai Bersatu dan disambut antusias oleh masyarakat setempat.

#tniad
#dispenad
#puspentni
#TNIindonesia
#kodam14hasanuddin",Kodim 1424 Sinjai
@1420_sidrap,2025-03-25 04:03,"Telah Dibuka Pendaftaran AKADEMI TNI

Pendaftaran | Maret 17 April Daftar Online, Daftar Ulang dan Validasi
Untuk informasi Selengkapnya Silahkan Kunjungi Website:
https:ad.rekrutmen-tni.mil.id
Atau datang ke :
Ajendam/Ajenrem terdekat di kota Anda
#tniad
#dispenad
#puspentni",Kodim 1420 Sidrap
@1420_sidrap,2025-03-25 03:51,"Tetap Bangga dan semangat dalam pengabdian kepada NKRI

#tniad
#dispenad
#puspentni
#TNIindonesia",Kodim 1420 Sidrap
@kodamhasanuddin,2025-03-25 03:28,"Rakyat bersama TNI melaksanakan tugas negara.

Wujud konstribusi nyata TNI di lapangan
Adalah menjamin terciptanya masyarakat yang sehat.

#tniad
#dispenad
#puspentni
#TNIindonesia",Kodam Hasanuddin
@kodimgrobogan,2025-03-25 03:24,"TNI AD Manunggal Air, Air Kehidupan.

#TNIAD
#TNIADBerjuangBersamaRakyat
#TNIADBekerjaDenganHati
#TNIADdihatiRakyat
#TNIADPrima
#TNIADManunggalAir",Kodim 0717 Grobogan
@Kodim_Tator,2025-03-25 03:15,"Personil Koramil 1414-04/Sesean bersama warga melaksanakan pembersihan ruas jalan dan parit bertempat di Dusun Balombong, Lembang Sa'dan Likulambe, Kec. Sa'dan Kab. Toraja Utara.
Selasa, 25/03/2025

#tniad
#dispenad
#puspentni
#TNIindonesia
#kodam14hasanuddin",Kodim Tator
@Kodim_Tator,2025-03-25 03:10,"Babinsa Koramil 1414-01/Makale Serma Roni Randa bersama warga melaksanakan pembersihan tanah longsor di gereja katolik santo Lukas pa' Buaran, Lembang Pabuaran, Kec. Makale selatan, Kab. Tator
Selasa, 25/03/2025

#tniad
#dispenad
#puspentni
#TNIindonesia
#kodam14hasanuddin",Kodim Tator
@kodim1421pangk2,2025-03-25 03:02,"Tetap Bangga dan semangat dalam pengabdian kepada NKRI

#tniad
#dispenad
#puspentni
#TNIindonesia
#kodam14hasanuddin 
#korem141toddopuli",Info Kodim Pangkep
@AlorKodim,2025-03-25 02:50,"Wujudkan Alor Aman, Dandim 1622/Alor Hadiri Acara Perdamaian Adat Pemuda Kampung Baru Dan Wetabua.

Penulis:FaisalMuhammad 
#tniad 
#tniprima 
#tnibersamarakyat 
#tnidihatirakyat
#prajaraksakaperdulirakyat

Cek berita selengkapnya disini>>
suararossa.com/wujudkan-alor…",Kodim 1622 Alor
@1420_sidrap,2025-03-25 02:44,"Koramil 1420-05/Dua Pitue Bersama Kelompok Tani Gotong Royong Bersihkan Saluran Irigasi.
Selasa (25/03/2025). 

#tniad
#dispenad
#puspentni
#TNIindonesia
#kodam14hasanuddin
#korem141toddopuli",Kodim 1420 Sidrap
@1427_kodim,2025-03-25 02:36,"*Tetap Bangga Dan Semangat Dalam Pengabdian Kepada NKRI. 

#tniad 
#puspentni 
#dispenad 
#tniindonesia",Kodim 1427 Pasangkayu
@penrem143,2025-03-25 02:07,"Rakyat bersama TNI melaksanakan tugas negara 
Membantu mengatasi kesulitan rakyat adalah wujud pertanggungjawaban kami kepada rakyat

#tniad
#dispenad
#puspentni
#TNIindonesia",Korem143haluoleo
@takalar_kodim,2025-03-25 02:06,"Sukseskan Ketahanan Pangan, Babinsa Koramil 1426-05/Marbo Pendampingan Petani Panen Padi 

#tniad
#dispenad
#puspentni
#TNIindonesia
#kodam14hasanuddin
#korem141toddopuli",Kodim_Takalar
@GebangKoramil,2025-03-25 02:01,"Babinsa Koramil 12/Gebang Sertu Bakhir melaksanakan giat anjangsana bersama guru SD N 2 Mlaran kecamatan Gebang. Kegiatan ini bertujuan untuk memelihara sekaligus perkokoh sinergitas yang sudah terjalin. 
#tniad",koramil gebang
@ditkumad,2025-03-25 01:32,"Rapat Koordinasi Perjanjian Kerjasama (PKS) Antara TNI AD Dengan PT. Bank Mandiri Tbk.

#tniprima
#tniad
#tnikuatbersamarakyat
#korpschk
#korpshukumtniad
#armylegalservice
#penditkumad
#bankumperdatunditkumad
#pksditkumad
#bankmandiri 

instagram.com/p/DHmo4r6S6ml/…",DITKUMAD
@kodam_mlw,2025-03-25 01:27,"TNI Manunggal Air Bersih Tahap III Wilayah kodam VI/Mulawarman

#kodamvimulawarman
#selaluhadirditengahkesulitanmasyarakat 
#tniad
#tniprima",Kodam VI/Mulawarman
@kodamhasanuddin,2025-03-25 01:18,"Tetap Bangga dan semangat dalam pengabdian kepada NKRI

#tniad
#dispenad
#puspentni
#TNIindonesia",Kodam Hasanuddin
@tni_ad,2025-03-25 01:06,"PEMBANGUNAN GEREJA DI DISTRIK KENYAM, KABUPATEN NDUGA
instagram.com/p/DHmmvuvuJqP/

#TNIAD
#TNIADBerjuangBersamaRakyat
#TNIADBekerjaDenganHati
#TNIADdihatiRakyat
#TNIADPrima",TNI AD
@tni_ad,2025-03-25 00:59,"GERAK CEPAT KODIM 0304/AGAM, BANTU WARGA ATASI BENCANA LAHAR DINGIN DI SUMATERA BARAT
instagram.com/p/DHmmDS7vQLL/

#TNIAD
#TNIADBerjuangBersamaRakyat
#TNIADBekerjaDenganHati
#TNIADdihatiRakyat
#TNIADPrima",TNI AD
@penrem143,2025-03-25 00:57,"Rakyat bersama  TNI melaksanakan tugas negara.
Kami hadir tidak dengan senjata, namun dengan Ilmu dan Kepedulian

#tniad
#dispenad
#puspentni
#TNIindonesia",Korem143haluoleo
@tni_ad,2025-03-25 00:51,"BHAKTI TNI MENGAJAR DI DAERAH PEDALAMAN PAPUA
instagram.com/p/DHmlJ3VI3MT/

#TNIAD
#TNIADBerjuangBersamaRakyat
#TNIADBekerjaDenganHati
#TNIADdihatiRakyat
#TNIADPrima",TNI AD
@kodam_mlw,2025-03-25 00:50,"Karya Bhakti Rehabilitasi Rumah Tidak Layak Huni - Kodim 1002/Hulu Sungai Tengah

#kodamvimulawarman
#selaluhadirditengahkesulitanmasyarakat 
#tniad
#tniprima",Kodam VI/Mulawarman
@kodam_mlw,2025-03-25 00:49,"Karya Bhakti Membersihkan Aliran Sungai Kadundung - Kodim 1002/Hulu Sungai Tengah

#kodamvimulawarman
#selaluhadirditengahkesulitanmasyarakat 
#tniad
#tniprima",Kodam VI/Mulawarman
@kodimbone,2025-03-25 00:42,"Babinsa Koramil 1407-21/Palakka Koptu Asdar bersama PPL Desa mendampingi petugas Bulog Bone dalam rangka penyerapan gabah hasil panen petani di wilayah Desa Tirong, Kec. Palakka, Kab. Bone. Senin (24/03/25) Malam.
#tniad
#dispenad
#puspentni
#TNIindonesia
#kodam14hasanuddin",kodimbone
@kodimbone,2025-03-25 00:42,"Sertu Muh. Jufri Babinsa Koramil 08/Lamuru Kodim 1407/Bone laksanakan Komunikasi Sosial (Komsos) di wilayah binaan di Desa Tapong, Kec. Tellu Limpoe, Kab. Bone. Selasa (25/03/25)
#tniad
#dispenad
#puspentni
#TNIindonesia
#kodam14hasanuddin",kodimbone
@kodimbone,2025-03-25 00:41,"Personel Koramil 1407-04/Tellusiantinge laksanakan pembenahan pangkalan melakukan pembersihan seputaran Makoramil 04/Tellusiatinge Kel, Tokasen, Kec, Tellusiatinge, Kab. Bone. Selasa (25/03/25).
#tniad
#dispenad
#puspentni
#TNIindonesia
#kodam14hasanuddin",kodimbone
@kodimbone,2025-03-25 00:40,"Babinsa Koramil 1407-09/Lapri Sertu Listan gotong royong bersama masyarakat memperbaiki sekaligus membersihkan saluran air bertempat di Desa Sengeng Palie, Kec. Lapri, Kab. Bone. Selasa (25/03/25).
#tniad
#dispenad
#puspentni
#TNIindonesia
#kodam14hasanuddin",kodimbone
@kodimbone,2025-03-25 00:39,"Kopda Andi Saheran Babinsa Koramil 1407-16/Tonra hadiri musyawarah membahas perkembangan desa dan peningkatan kualitas pelayanan kepada masyarakat, bertempat di Desa Padatuo, Kec. Tonra, Kab. Bone. Selasa (25/03/25).
#tniad
#dispenad
#puspentni
#TNIindonesia
#kodam14hasanuddin",kodimbone
@kodimbone,2025-03-25 00:38,"Babinsa Koramil 1407-12/Cina Koptu Syam Nur dampingi petugas kesehatan laksanakan door to door memeriksa kesehatan di rumah warga bertempat di Dusun Lerang, Desa Tanete Harapan, Kec. Cina, Kab. Bone. Selasa (25/03/25).
#tniad
#dispenad
#puspentni
#TNIindonesia
#kodam14hasanuddin",kodimbone
@kodimbone,2025-03-25 00:37,"Sertu Abd. Aziz Babinsa Koramil 14/Libureng Kodim 1407/Bone bersama warga perbaiki saluran irigasi yang rusak di Desa Ponre-Ponre, Kec. Libureng, Kab. Bone. Selasa (25/03/25).
#tniad
#dispenad
#puspentni
#TNIindonesia
#kodam14hasanuddin",kodimbone
@kodimbone,2025-03-25 00:36,"Babinsa Koramil 1407-08/Lamuru Sertu Muhammad Jufri bersama Bhabinkamtibmas melaksanakan pendampingan Posyandu Balita dan Bumil di wilayah binaannya Di Desa Tapong, Kec. Tellulimpoe, Kab. Bone. Selasa (25/03/25).
#tniad
#dispenad
#puspentni
#TNIindonesia
#kodam14hasanuddin",kodimbone
@kodimbone,2025-03-25 00:35,"Babinsa Koramil 06/Awangpone Kodim 1407/Bone Koptu Irfan melaksanakan Komunikasi Sosial (Kosmos) bersilaturahmi dengan warga binaannya yang berada di Desa Cerebbu, Kec. Awangpone, Kab. Bone. Selasa (25/03/25).
#tniad
#dispenad
#puspentni
#TNIindonesia
#kodam14hasanuddin",kodimbone
@kodimbone,2025-03-25 00:35,"Serda Mulyawan Milu Babinsa Koramil 04/ Cenrana Kodim 1407/Bone melaksanakan pendampingan penen padi milik warga binaan di Desa Nagauleng, Kecamatan Cenrana, Kabupaten Bone. Selasa (25/03/25).
#tniad
#dispenad
#puspentni
#TNIindonesia
#kodam14hasanuddin",kodimbone
@takalar_kodim,2025-03-25 00:28,"Dandim Menekankan Ulang Ke Jajaran, Awasi Harga Gabah Sesuai Harga Ditetapkan Pemerintah

#tniad
#dispenad
#puspentni
#TNIindonesia
#kodam14hasanuddin
#korem141toddopuli",Kodim_Takalar
@korem091asn,2025-03-24 23:34,"Samarinda - Kunjungan Kerja Kepala Staf Angkatan Darat dan Ketua Umum Persit Kartika Chandra Kirana di Korem 091/ASN, Jumat (21/03/25).

#kodamvimulawarman 
#tniad 
#tniprima",KOREM 091/ASN
@korem091asn,2025-03-24 23:29,"PENGARAHAN KASAD DI KOREM 091/ASN

#TNIAD
#TNIADBerjuangBersamaRakyat
#TNIADBekerjaDenganHati
#TNIADdihatiRakyat
#TNIADPrima",KOREM 091/ASN
@kodimainjai,2025-03-24 22:40,"Babinsa Mannanti Pos Ramil 05/Tellulimpoe Kodim 1424/Sinjai Komsos Bersama Ketua Poktan dan Masyarakat di Lingk. Lembang Saukang Kel. Mannanti Kec. Tellulimpoe Kab. Sinjai.

#tniad
#dispenad
#puspentni
#TNIindonesia
#kodam14hasanuddin",Kodim 1424 Sinjai
@kodimainjai,2025-03-24 22:34,"Babinsa Pattongko Pos Ramil 05/Tellulimpoe Kodim 1424/Sinjai Komsos Bersama Kepala Desa, Staf, Kepala Dusun dan Tokoh Masyarakat  di Kantor Desa Pattongko Kec. Tellulimpoe Kab. Sinjai.

#tniad
#dispenad
#puspentni
#TNIindonesia
#kodam14hasanuddin",Kodim 1424 Sinjai
@kodimainjai,2025-03-24 22:29,"Babinsa Talle Koramil 05/Sinjai Selatan Kodim 1424/Sinjai Komsos Bersama Warga Binaan di Dusun Sengkang Desa Talle Kec. Sinjai Selatan Kab. Sinjai.

#tniad
#dispenad
#puspentni
#TNIindonesia
#kodam14hasanuddin",Kodim 1424 Sinjai
@kodimainjai,2025-03-24 22:23,"Babinsa Sukamaju Pos Ramil 05/Tellulimpoe Kodim 1424/Sinjai Dampingi Penyerapan Gabah Milik Petani di Dusun Banoa Desa Sukamaju Kec. Tellulimpoe Kab. Sinjai.

#tniad
#dispenad
#puspentni
#TNIindonesia
#kodam14hasanuddin",Kodim 1424 Sinjai
@kodimainjai,2025-03-24 22:17,"Babinsa Lappacinrana Pos Ramil 01/Bulupoddo Kodim 1424/Sinjai Dampingi Penyaluran BLT DD Kepada Masyarakat bertempat di Kantor Desa Lappacinrana Kec. Bulupoddo Kab. Sinjai.

#tniad
#dispenad
#puspentni
#TNIindonesia
#kodam14hasanuddin",Kodim 1424 Sinjai
@kodimainjai,2025-03-24 22:12,"Babinsa Baru Koramil 03/Sinjai Tengah Kodim 1424/Sinjai Dampingi Petani Panen Padi di Dusun Banyira Desa Baru Kec. Sinjai Tengah Kab. Sinjai.

#tniad
#dispenad
#puspentni
#TNIindonesia
#kodam14hasanuddin",Kodim 1424 Sinjai
@kodimainjai,2025-03-24 22:04,"Babinsa Biringere Koramil 01/Sinjai Utara Kodim 1424/Sinjai Dampingi Petani Panen Raya Jagung PKTD di Sinjai Utara, Kabupaten Sinjai.

#tniad
#dispenad
#puspentni
#TNIindonesia
#kodam14hasanuddin",Kodim 1424 Sinjai
@kodimainjai,2025-03-24 21:56,"Babinsa Bulukamase Koramil 05/Sinjai  Selatan Kodim 1424/Sinjai Komsos Bersama Warga Binaan bertempat di Dusun Topangka Desa Bulukamase Kec. Sinjai Selatan Kab. Sinjai.

#tniad
#dispenad
#puspentni
#TNIindonesia
#kodam14hasanuddin",Kodim 1424 Sinjai
@tni_ad,2025-03-24 21:54,"AKSI PRAJURIT TNI AD PEDULI COVID-19
instagram.com/p/DHmQ2i1CYl4/

#TNIAD
#TNIADBerjuangBersamaRakyat
#TNIADBekerjaDenganHati
#TNIADdihatiRakyat
#TNIADPrima",TNI AD
@kodimainjai,2025-03-24 21:50,"Babinsa Barambang Koramil 06/Sinjai Borong Kodim 1424/Sinjai Bantu Pemasangan Tegel Rumah Milik Warga di Dusun Balang Desa Barambang Kec. Sinjai Borong Kab. Sinjai.

#tniad
#dispenad
#puspentni
#TNIindonesia
#kodam14hasanuddin",Kodim 1424 Sinjai
@kodimainjai,2025-03-24 21:44,"Babinsa Saotanre Koramil 03/Sinjai Tengah Kodim 1424/Sinjai Komsos Hadiri Acara Buka Puasa Bersama Masyarakat di Kantor Desa Saotanre Kec. Sinjai Tengah Kab. Sinjai.

#tniad
#dispenad
#puspentni
#TNIindonesia
#kodam14hasanuddin",Kodim 1424 Sinjai
@tni_ad,2025-03-24 21:42,"SATGAS PAMTAS RI-MALAYSIA YONKAV 12/BC, GAGALKAN PENYELUNDUPAN 70 RIBU PIL NARKOTIKA DAN 35,5 KG SABU
instagram.com/p/DHmOmXCPnE_/

#TNIAD
#TNIADBerjuangBersamaRakyat
#TNIADBekerjaDenganHati
#TNIADdihatiRakyat
#TNIADPrima",TNI AD
@kodimainjai,2025-03-24 21:39,"Dan Ramil 01/Sinjai Utara Kodim 1424/Sinjai Komsos Hadiri Acara Buka Puasa Bersama di Aula Pondok Pesantren Darul Istiqamah Al Markaz Al Islamy Sinjai Kel. Bongki Kec. Sinjai Utara Kab. Sinjai.

#tniad
#dispenad
#puspentni
#TNIindonesia
#kodam14hasanuddin",Kodim 1424 Sinjai
@tni_ad,2025-03-24 21:38,"PRAJURIT TNI AD EVAKUASI WARGA KORBAN BANJIR DI MANADO

#TNIAD
#TNIADBerjuangBersamaRakyat
#TNIADBekerjaDenganHati
#TNIADdihatiRakyat
#TNIADPrima

instagram.com/reel/DHmL0ClTh…",TNI AD
@kodimainjai,2025-03-24 21:34,"Dan Ramil 04/Sinjai Timur Kodim 1424/Sinjai Komsos Hadiri Acara Buka Puasa Bersama di Area Wisata Fafaliang Dusun Buakang Desa Panaikang Kec. Sinjai Timur Kab. Sinjai.

#tniad
#dispenad
#puspentni
#TNIindonesia
#kodam14hasanuddin",Kodim 1424 Sinjai
@kodimainjai,2025-03-24 21:27,"Dandim 1424/Sinjai Hadiri Buka Puasa Bersama dan Serahkan Bantuan kepada Anak Yatim di Kantor Kementerian Agama Kabupaten Sinjai, Kelurahan Bongki, Kecamatan Sinjai Utara, Kabupaten Sinjai.

#tniad
#dispenad
#puspentni
#TNIindonesia
#kodam14hasanuddin",Kodim 1424 Sinjai
@HsnXiv,2025-03-24 21:19,"Rakyat bersama  TNI melaksanakan tugas negara.
Kami hadir tidak dengan senjata, namun dengan Ilmu dan Kepedulian.

#tniad
#dispenad
#puspentni
#TNIindonesia",ZIDAM XIV/HSN
@korem091asn,2025-03-24 19:39,"Buka Puasa Bersama Universitas Mulawarman, Momentum  Silaturahmi di Bulan Ramadhan 1446 H
tniprima #profesional #responsif #integratif #modern #adaptif #tniadmengabdidanmembangunbersamarakyat #tentararakyat #infokomando #tniad #korem091asn #korem091 #bersamarakyattnikuat",KOREM 091/ASN
@Kodam9Udayana,2025-03-24 15:46,"Bazar Murah Sambut Idul Fitri & Nyepi 2025!

📍 Lapangan Puputan I Gusti Ngurah Made Agung, Denpasar
🗓 25–26 Maret 2025

Mari bersama-sama merayakan kebersamaan dan berbagi kebahagiaan😇

#BazarMurah #IdulFitri1446H #Nyepi1947Saka #TNIAD #PeduliMasyarakat #TNIPRIMA #TNIADPrima",Kodam IX/Udayana
@Kodam9Udayana,2025-03-24 15:17,"Penerimaan Tamtama PK TNI AD Gelombang II TA 2025 Dibuka‼️

Pendaftaran GRATIS‼️
Segera daftar di Ajen/Korem terdekat di kota Anda‼️

#TamtamaPK2025 #TNIAD #RekrutmenTNIAD #BelaNegara #Indonesia #TNIPRIMA #TNIADPrima #TNIADbekerjadenganhati #TNIADDihatiRakyat",Kodam IX/Udayana
@tni_ad,2025-03-24 13:42,"Sejarah panjang yang tidak mudah membuat kami tegar dalam setiap perjalanan

#TNIAD
#TNIADBerjuangBersamaRakyat
#TNIADBekerjaDenganHati
#TNIADdihatiRakyat
#TNIADPrima",TNI AD
@KODIM__1404_PRG,2025-03-24 13:20,"Rakyat bersama  TNI melaksanakan tugas negara
Kami hadir tidak dengan senjata, namun dengan Ilmu dan Kepedulian

#tniad
#dispenad
#puspentni
#TNIindonesia",Kodim1404/Pinrang
@korem091asn,2025-03-24 13:16,"Kunjungan KASAD Sukses, Danrem Berikan Apresiasi#tniprima #profesional #responsif #integratif #modern #adaptif #tniadmengabdidanmembangunbersamarakyat #tentararakyat #infokomando #tniad #korem091asn #korem091 #bersamarakyattnikuat #prajuritmulawarmanPolresta",KOREM 091/ASN
@kodim0903tsr,2025-03-24 13:15,"Gotong Royong Dampak Banjir Koramil 1002-05 Pandawan

#kodamvimulawarman
#selaluhadirditengahkesulitanmasyarakat
#tniad
#tniprima",@KODIM0903BULUNGAN
@Kodim0828,2025-03-24 13:15,"Kodim Sampang dan Persit Berbagi Berkah: Takjil Gratis Jelang Buka Puasa Ramadhan
------
#KabupatenSampang
#kodam5brw
#korem084
#KodimSampang
#tniprima
#profesional
#responsif
#integratif
#modern
#adaptif
#tniad
#tni
                    instagram.com/p/DHlVcEUyNRZ/…",Kodim Sampang
@kodim0903tsr,2025-03-24 13:12,"Sinergi TNI-Masyarakat Membangun Jembatan Darurat Kodim 1002/Hulu Sungai Tengah

#kodamvimulawarman
#selaluhadirditengahkesulitanmasyarakat
#tniad
#tniprima",@KODIM0903BULUNGAN
@Kodim0828,2025-03-24 12:43,"Kodim Sampang Meriahkan Idul Fitri 1446 H Apel Pembagian Bingkisan: Mempererat Tali Silaturahmi 
---------
#kodam5brw
#korem084
#KodimSampang
#tniprima
#profesional
#responsif
#integratif
#modern
#adaptif
#tniad
#tni
                    instagram.com/p/DHlR1UlyvXd/…",Kodim Sampang
@kodimbone,2025-03-24 12:29,"PENDAFTARAN CALON TARUNA AKADEMI TNI 2025

https:rekrutmen-tni.mil.id/
Tanggal 3 Maret s.d. 17 April 2025

Gratis! Tidak dipungut biaya apapun.

#tniad
#dispenad
#puspentni
#TNIindonesia",kodimbone
@kodamhasanuddin,2025-03-24 12:28,"Rakyat bersama TNI melaksanakan tugas negara.
Membantu mengatasi kesulitan rakyat adalah wujud pertanggungjawaban kami kepada rakyat

#tniad
#dispenad
#puspentni
#TNIindonesia",Kodam Hasanuddin
@Kodim1410,2025-03-24 12:24,"Rakyat bersama TNI melaksanakan tugas negara.

Kami hadir tidak dengan senjata, namun dengan Ilmu dan Kepedulian.

#tniad
#dispenad
#puspentni
#TNIindonesia",Kodim 1410 Bantaeng
@89Pagama33345,2025-03-24 11:53,"""Rakyat bersama TNI melaksanakan tugas negara""

""Kami hadir tidak dengan senjata namun dengan ilmu dan kepedulian""

#tniad
#dispenad
#puspentni
#TNIindonesia",Kodim Soppeng
@Kodim_Tator,2025-03-24 11:32,"Rakyat bersama TNI melaksanakan tugas negara.
Kami hadir tidak dengan senjata, namun dengan Ilmu dan Kepedulian.

#tniad
#dispenad
#puspentni
#TNIindonesia",Kodim Tator
@kodimbone,2025-03-24 11:29,"Rakyat bersama  TNI melaksanakan tugas negara Kami hadir tidak dengan senjata, namun dengan Ilmu dan Kepedulian   #tniad #dispenad #puspentni #TNIindonesia",kodimbone
@korem142,2025-03-24 11:22,"Rakyat bersama  TNI melaksanakan tugas negara
Kami hadir tidak dengan senjata, namun dengan Ilmu dan Kepedulian

#tniad
#dispenad
#puspentni
#TNIindonesia",Korem142/Tatag
@korem091asn,2025-03-24 11:16,"Sinergi TNI- Masyarakat Membangun Jembatan Darurat
 #kodam_mlw #tniprima #profesional #responsif #integratif #modern #adaptif # #tentararakyat #infokomando #tniad #korem091asn #korem091 #bersamarakyattnikuat #prajuritmulawarman",KOREM 091/ASN
@kodim0907,2025-03-24 11:13,"Sinergi TNI-Masyarakat Membangun Jembatan Darurat Kodim 1002/Hulu Sungai Tengah

#kodamvimulawarman
#selaluhadirditengahkesulitanmasyarakat
#tniad
#tniprima",Kodim0907/trk
@kodamhasanuddin,2025-03-24 11:12,"Kasdam XIV/Hasanuddin Hadiri Pelepasan Mudik Gratis Andalan Hati 2025

#tniad
#dispenad
#puspentni
#TNIindonesia",Kodam Hasanuddin
@kodimainjai,2025-03-24 11:10,"Rakyat bersama  TNI melaksanakan tugas negara.
Kami hadir tidak dengan senjata, namun dengan Ilmu dan Kepedulian.

#tniad
#dispenad
#puspentni
#TNIindonesia",Kodim 1424 Sinjai
@kodim0907,2025-03-24 11:04,"Gotong Royong Dampak Banjir Koramil 1002-05 Pandawan

#kodamvimulawarman
#selaluhadirditengahkesulitanmasyarakat
#tniad
#tniprima",Kodim0907/trk
@Kodim1408mks_,2025-03-24 10:51,"Rakyat bersama  TNI melaksanakan tugas negara.
Kami hadir tidak dengan senjata, namun dengan Ilmu dan Kepedulian.

#tniad
#dispenad
#puspentni
#TNIindonesia",Kodim 1408/Makassar
@kodim1421pangk2,2025-03-24 10:35,"Rakyat bersama  TNI melaksanakan tugas negara.*
*Kami hadir tidak dengan senjata, namun dengan Ilmu dan Kepedulian*.

#tniad
#dispenad
#puspentni
#TNIindonesia
#kodam14hasanuddin 
#korem141toddopuli",Info Kodim Pangkep
@korem091asn,2025-03-24 10:34,"Gotong Royong Dampak Banjir Koramil 1002-05 Pandawa 
TMMD ke-123 Kodim 0911/Tarakan #kodam_mlw #tniprima #profesional #responsif #integratif #modern #adaptif # #tentararakyat #infokomando #tniad #korem091asn #korem091 #bersamarakyattnikuat #prajuritmulawarman",KOREM 091/ASN
@Cakra_Kostrad,2025-03-24 10:03,"Pangkostrad Kunjungi Satuan Jajaran Kostrad di Kariango
@Puspen_TNI @tni_ad @divif_1_kostrad @divif2kostrad @divif3kostrad #tni #tniad #Kostrad #Cakra    #kostradpeduli #kostradberbagi #TNIADMengabdiDanMembangunBersamaRakyat #penkostrad",Kostrad
@Cakra_Kostrad,2025-03-24 10:02,"Prajurit Yonarmed 1 Kostrad Laksanakan TMMD di Tulungagung
@Puspen_TNI @tni_ad @divif_1_kostrad @divif2kostrad @divif3kostrad #tni #tniad #Kostrad #Cakra    #kostradpeduli #kostradberbagi #TNIADMengabdiDanMembangunBersamaRakyat #penkostrad",Kostrad
@Cakra_Kostrad,2025-03-24 10:02,"Prajurit Yonarmed 1 Kostrad Hadiri Acara Buka Bersama Masyarakat Malang di Masjid Cahyaningati
@Puspen_TNI @tni_ad @divif_1_kostrad @divif2kostrad @divif3kostrad #tni #tniad #Kostrad #Cakra    #kostradpeduli #kostradberbagi #TNIADMengabdiDanMembangunBersamaRakyat #penkostrad",Kostrad
@koramil1401_01,2025-03-24 10:02,"Rakyat bersama  TNI melaksanakan tugas negara.
Kami hadir tidak dengan senjata, namun dengan Ilmu dan Kepedulian

#tniad
#dispenad
#puspentni
#TNIindonesia",Kodim 1401/Majene
@Cakra_Kostrad,2025-03-24 10:02,"Pangdivif 2 Kostrad Ingatkan Prajurit Dalam Penegakkan Hukum Dan Bermedia Sosial
@Puspen_TNI @tni_ad @divif_1_kostrad @divif2kostrad @divif3kostrad #tni #tniad #Kostrad #Cakra    #kostradpeduli #kostradberbagi #TNIADMengabdiDanMembangunBersamaRakyat #penkostrad",Kostrad
@Cakra_Kostrad,2025-03-24 10:01,"Pangkoops Swasembada Berhasil Evakuasi Korban Penyerangan KKB di Anggruk Yahukimo Papua
@Puspen_TNI @tni_ad @divif_1_kostrad @divif2kostrad @divif3kostrad #tni #tniad #Kostrad #Cakra    #kostradpeduli #kostradberbagi #TNIADMengabdiDanMembangunBersamaRakyat #penkostrad",Kostrad
@Cakra_Kostrad,2025-03-24 10:01,"Kasdivif 1 Kostrad Tatap Muka dengan Ksatria Tri Dharma: Rasakan Aura Positif dan Getaran Semangat Prajurit Lintas Udara
@Puspen_TNI @tni_ad  #tni #tniad #Kostrad #Cakra    #kostradpeduli #kostradberbagi #TNIADMengabdiDanMembangunBersamaRakyat #penkostrad",Kostrad
@Cakra_Kostrad,2025-03-24 10:01,"Kasdivif 1 Kostrad Kunjungi Yonzipur 9 Kostrad Berikan Pengarahan dan Tinjau Pangkalan
@Puspen_TNI @tni_ad @divif_1_kostrad @divif2kostrad @divif3kostrad #tni #tniad #Kostrad #Cakra    #kostradpeduli #kostradberbagi #TNIADMengabdiDanMembangunBersamaRakyat #penkostrad",Kostrad
@takalar_kodim,2025-03-24 09:49,"*Rakyat bersama  TNI melaksanakan tugas negara.*
*Kami hadir tidak dengan senjata, namun dengan Ilmu dan Kepedulian*.

#tniad
#dispenad
#puspentni
#TNIindonesia",Kodim_Takalar
@kodamhasanuddin,2025-03-24 09:26,"Rakyat bersama  TNI melaksanakan tugas negara
Kami hadir tidak dengan senjata, namun dengan Ilmu dan Kepedulian

#tniad
#dispenad
#puspentni
#TNIindonesia",Kodam Hasanuddin
@puspom_tni_ad,2025-03-24 09:18,"Tarawih Keliling Forkopimda Kota Semarang di Denpom IV/5 Semarang 

#tniadprima 
#tniadmengabdimembangunbersamarakyat 
#tniad 
#denpom45semarang",puspom_tni_ad
@puspom_tni_ad,2025-03-24 09:13,"Pomdam XIII/Mdk Ikuti Gelar Pasukan Operasi Kepolisian Terpusat “Ketupat 2025” Di Mapolda Sulut

#tniadprima 
#tniadmengabdimembangunbersamarakyat 
#tniad 
#pomdamxiiimerdeka",puspom_tni_ad
@kodam_mlw,2025-03-24 08:55,"Gotong Royong Dampak Banjir
Koramil 1002-05/Pandawan

#kodamvimulawarman
#selaluhadirditengahkesulitanmasyarakat
#tniad
#tniprima",Kodam VI/Mulawarman
@kodam_mlw,2025-03-24 08:54,"Sinergi TNI-Masyarakat Membangun Jembatan Darurat
Kodim 1002/Hulu Sungai Tengah

#kodamvimulawarman 
#selaluhadirditengahkesulitanmasyarakat
#tniad
#tniprima",Kodam VI/Mulawarman
@WajoKodim,2025-03-24 08:24,"BUKA PUASA BERSAMA PANGDAM XIV/HASANUDDIN DI SALLO HOTEL 

#tniad
#TNIindonesia
#kodam14hasanuddin",Kodim Wajo
@kodim1418mamuju,2025-03-24 07:49,"“Aksi Gotong Royong Babinsa Kodim 1418/Mamuju dan Warga Kalukku Bersihkan Saluran Air di Dusun Betteng”

#tniad
 #dispenad
 #puspentni
 #TNIindonesia
 #kodam14hasanuddin",Kodim1418/Mamuju
@KodamKasuari,2025-03-24 07:33,"Pasca disahkannya RUU TNI menjadi undang-undang oleh DPR-RI, sejumlah elemen masyarakat Kota Sorong yang mendukung pengesahan undang-undang TNI merayakan dengan berbagi takjil ke pengendara yang melintas 

#TNIADbekerjadenganhati
#TNIADDihatiRakyat
#TNIADPrima
#TNIAD",Kodam XVIII/Kasuari
@KodamKasuari,2025-03-24 07:28,"Masyarakat Kaimana bersama Prajurit Yonif 764/IB menyatakan dukungan penuh terhadap Revisi Undang-Undang TNI sebagai langkah strategis memperkuat peran TNI dalam menjaga kedaulatan dan keamanan nasional.

#TNIADbekerjadenganhati
#TNIADDihatiRakyat
#TNIADPrima
#TNIAD",Kodam XVIII/Kasuari
@officialbitv,2025-03-24 07:05,"TNI AD dan Pemprov Jabar Jalin Kerja Sama Strategis, DPR Minta Ditangguhkan 
bitvonline.com/pemerintahan/…
#KerjaSamaTNIJabar #DediMulyadi #PembangunanJabar #TNIAD #OMSP #DPR #UU_TNI #bitvonline",bitv
@takalar_kodim,2025-03-24 06:52,"Sukseskan Ketahanan Pangan, Babinsa Koramil 1426-05/Marbo Pendampingan Petani Panen Padi 

#tniad
#dispenad
#puspentni
#TNIindonesia
#kodam14hasanuddin
#korem141toddopuli",Kodim_Takalar
@KodamJayakarta,2025-03-24 06:23,"Pangdam Jaya Mengucapkan Dirgahayu BEKANGAD

#tniadprima #tniad #kodamjaya",Kodam Jaya/Jayakarta
@WajoKodim,2025-03-24 05:45,"Pangdam XIV/Hasanuddin Laksanakan Kunjungan Kerja ke Makodim 1406/Wajo
#tniad
#dispenad
#puspentni
#TNIindonesia
#kodam14hasanuddin
#korem141toddopuli",Kodim Wajo
@Kodim_Tator,2025-03-24 05:27,"Babinsa Koramil 1414-09/Saluputti Sertu Suhardi melaksanakan kegiatan ketahanan pangan tanam padi bersama Masyarakat binaan di Lembang/Desa Lemomenduruk Kec. Malimbong Balepe Kab. Tana Toraja.
Senin, 24/03/2025

#tniad
#dispenad
#puspentni
#TNIindonesia
#kodam14hasanuddin",Kodim Tator
@Kodim_Tator,2025-03-24 05:24,"Personil Koramil 1414-03/Rindingallo gotong royong bersama dengan masyarakat binaan melaksanakan pembersihan ruas jalan bertempat di Dusun Ledo, Lembang Paonganan, Kec. Buntupepasan, Kab. Toraja Utara
Senin, 24/03/2025

#tniad
#dispenad
#puspentni
#TNIindonesia
#kodam14hasanuddin",Kodim Tator
@Kodim_Tator,2025-03-24 05:22,"Babinsa Koramil 1414-02/Rantepao Serka Anjoh Absalon melaksanakan komsos bersama Masyarakat binaan di Kel. Talunglipu Induk Kec. Talunglipu Kab. Toraja Utara.
Senin, 24/03/2025

#tniad
#dispenad
#puspentni
#TNIindonesia
#kodam14hasanuddin",Kodim Tator
@WajoKodim,2025-03-24 05:18,"Koramil 1406-10/Wajo Bersama Polsek Urban Pitumpanua Panen Jagung di Desa Jauhpandang
#tniad
#dispenad
#puspentni
#TNIindonesia
#kodam14hasanuddin
#korem141toddopuli",Kodim Wajo
@WajoKodim,2025-03-24 05:17,"Babinsa Koramil 1406-09/Sajoanging Jalin Komsos dengan Warga Desa Makmur
#tniad
#dispenad
#puspentni
#TNIindonesia
#kodam14hasanuddin
#korem141toddopuli",Kodim Wajo
@WajoKodim,2025-03-24 05:16,"Babinsa Koramil 1406-08/Sabbangparu Jalin Komsos dengan Perangkat Kelurahan Sompe
#tniad
#dispenad
#puspentni
#TNIindonesia
#kodam14hasanuddin
#korem141toddopuli",Kodim Wajo
@WajoKodim,2025-03-24 05:15,"Babinsa Koramil 1406-07/Takkalalla Ajak Warga Jaga Kerukunan Antar Tetangga
#tniad
#dispenad
#puspentni
#TNIindonesia
#kodam14hasanuddin
#korem141toddopuli",Kodim Wajo
@WajoKodim,2025-03-24 05:14,"Babinsa Koramil 1406-06/Pammana Ajak Warga Gotong Royong Bersihkan Sampah di Desa Tobatang
#tniad
#dispenad
#puspentni
#TNIindonesia
#kodam14hasanuddin
#korem141toddopuli",Kodim Wajo
@WajoKodim,2025-03-24 05:13,"Babinsa Koramil 1406-04/Belawa Bantu Warga Bersihkan Saluran Irigasi di Desa Limpurilau
#tniad
#dispenad
#puspentni
#TNIindonesia
#kodam14hasanuddin
#korem141toddopuli",Kodim Wajo
@WajoKodim,2025-03-24 05:12,"Babinsa Koramil 1406-03/Maniangpajo Dampingi Serap Gabah di Dusun Awerange
#tniad
#dispenad
#puspentni
#TNIindonesia
#kodam14hasanuddin
#korem141toddopuli",Kodim Wajo
@WajoKodim,2025-03-24 05:11,"Babinsa Koramil 1406-02/Tanasitolo Dampingi Serap Gabah di Desa Tonralippu
#tniad
#dispenad
#puspentni
#TNIindonesia
#kodam14hasanuddin
#korem141toddopuli",Kodim Wajo
@WajoKodim,2025-03-24 05:11,"Babinsa Koramil 1406-05/Majauleng Gelar Karya Bhakti Bersihkan Masjid Nurul Amin Sambut Idul Fitri
#tniad
#dispenad
#puspentni
#TNIindonesia
#kodam14hasanuddin
#korem141toddopuli",Kodim Wajo
@WajoKodim,2025-03-24 05:11,"Babinsa Koramil 1406-01/Tempe Jalin Komunikasi Sosial dengan Warga Pacceccang
#tniad
#dispenad
#puspentni
#TNIindonesia
#kodam14hasanuddin
#korem141toddopuli",Kodim Wajo
@AlorKodim,2025-03-24 04:58,"Kodim 1622/Alor Gelar Upacara Mingguan

Penulis:FaisalMuhammad 
#tniad 
#tniprima 
#tnibersamarakyat 
#tnidihatirakyat
#tnimengabdidanmembangunbersamarakyat
#prajaraksakaperdulirakyat

Cek berita selengkapnya disini>>
arashnews.com/2025/03/kodim-…",Kodim 1622 Alor
@Pussenarhanud36,2025-03-24 04:27,"Upacara Bendera Hari Senin di Pussenarhanud
Cimahi, 24 Maret 2025

#tni #tniad #arhanud #Pussenarhanud #PrajuritPengawalAngkasaSakti #VyatiRakcaBhalaCakti

@puspentni
@tni_angkatan_darat",Pussenarhanud TNI AD
@takalar_kodim,2025-03-24 04:12,"Sukseskan Ketahanan Pangan, Babinsa Koramil 1426-01/Polut Pendampingan Petani Panen Padi 

#tniad
#dispenad
#puspentni
#TNIindonesia
#kodam14hasanuddin
#korem141toddopuli",Kodim_Takalar
@takalar_kodim,2025-03-24 04:01,"Jelang Lebaran, Babinsa Koramil 1426-04/Galesong Ajak Warga Kerja Bakti Bersihkan Lingkungan 

#tniad
#dispenad
#puspentni
#TNIindonesia
#kodam14hasanuddin
#korem141toddopuli",Kodim_Takalar
@menarmed2_PY,2025-03-24 03:38,"Segenap keluarga besar Resimen Armed 2/PY/2 Kostrad mengucapkan Dirgahayu Ke 76 BEKANG TNI AD.
.
BEKERJA DENGAN INTEGRITAS BEKANG TNI AD
.
#kemenpanrb #tni #tniad #kostrad #Cakra #pendivif1kostrad #pendivif2kostrad #pendivif3kostrad  #TNIADMengabdiDanMembangunBersamaRakyat",Resimen Armed 2 Kostrad
@kodam_mlw,2025-03-24 03:33,"Nunukan – Indahnya Berbagi di Bulan Suci Ramadhan, Satgas Pamtas Yonarmed 11 Kostrad Bagikan Takjil di Perbatasan, Minggu (23/03/25).

#kodamvimulawarman
#tniad
#tniprima",Kodam VI/Mulawarman
@kodam_mlw,2025-03-24 03:26,"Nunukan –  Indahnya Berbagi di Bulan Suci Ramadhan, Satgas Pamtas Yonarmed 11 Kostrad Bagikan Takjil di Perbatasan, Minggu (23/03/25).

#kodamvimulawarman
#tniad
#tniprima",Kodam VI/Mulawarman
@AlorKodim,2025-03-24 03:08,"Guna Dukung ketahanan Pangan Nasional, Babinsa Lakukan Pendampingan Kepada Petani.

Penulis : FaisalMuhammad
#tniad 
#tniprima 
#tnibersamarakyat 
#tnidihatirakyat
#tnimengabdidanmembangun 
#prajaraksakaperdulirakyat

Cek berita selengkapnya disini>>
arashnews.com/2025/03/guna-d…",Kodim 1622 Alor
@kodim1421pangk2,2025-03-24 02:40,"Datang dan ramaikan

BAZAR RAMADHAN TNI 
(KODIM 1421/PANGKEP)

Tanggal, 25 S/d 26 Maret 2025
Bertempat di Depan Stadion Andi Mappe Kab Pangkep

#tniad
#dispenad
#puspentni
#TNIindonesia
#kodam14hasanuddin 
#korem141toddopuli",Info Kodim Pangkep
@kodamhasanuddin,2025-03-24 02:23,"Pangdam XIV/Hasanuddin Kunjungi Kodim 1414/Tator dan 1403/Palopo, Ajak Prajurit Jaga Kesehatan dan Keharmonisan Keluarga

""Kunjungan Pangdam XIV/Hasanuddin: Perkuat Sinergi TNI dan Pemerintah Daerah untuk Kemajuan Wilayah""

#tniad
#dispenad
#puspentni
#TNIindonesia",Kodam Hasanuddin
@korem091asn,2025-03-24 02:14,"Danrem 091/ASN   Beserta Keluarga Besar dan Jajaran Korem 091/ASN 
Mengucapkan  Dirgahayu  Bekang AD
Dharmagati Ksatria Jaya
24  Maret 2025

#tni_angkatan_darat #kodam_mlw #tniprima #profesional #responsif #integratif #modern #adaptif # #tentararakyat #infokomando #tniad",KOREM 091/ASN
@takalar_kodim,2025-03-24 01:40,"Personel Koramil 1426-03/Galut, Safari Sholat Subuh Berjamaah di Masjid Wilayah Binaan

#tniad
#dispenad
#puspentni
#TNIindonesia
#kodam14hasanuddin
#korem141toddopuli",Kodim_Takalar
@KODIM__1404_PRG,2025-03-24 01:35,"Komandan Beserta Keluarga Besar Kodim 1404/Pinrang. 

Mengucapkan

Dirgahayu Korps Bekang
TNI Angkatan Darat
24 Maret 1949  -  24 Maret 2025

#bekang 
#tniad",Kodim1404/Pinrang
@Kodam12Tpr,2025-03-24 00:55,"Dirgahayu Bekangad 
""Dharmagati Ksatria Jaya""
#tni
#tniad
#TNIADBerjuangBersamaRakyat #kodamtanjungpura #pangdamxiitanjungpura #jamallulael",Kodam Tanjungpura
@Pussenarhanud36,2025-03-24 00:52,"Komandan Pusat Kesenjataan Arhanud beserta segenap keluarga besar Pussenarhanud TNI AD mengucapkan Dirgahayu Bekang TNI AD

""Dharmagati Ksatria Jaya""

#tni #tniad #arhanud #Pussenarhanud #PrajuritPengawalAngkasaSakti #VyatiRakcaBhalaCakti

@puspentni
@tni_angkatan_darat",Pussenarhanud TNI AD
@kodimbone,2025-03-23 23:09,"Babinsa Koramil 01/Ajangale Kodim 1407/Bone bersama warga binaan melaksanakan kerja bakti pembersihan selokan dan saluran air di Kelurahan Pompanua, Kecamatan Ajangale, Kabupaten Bone. Senin (24/03/25).
#tniad
#puspentni
#TNIindonesia
#kodam14hasanuddin",kodimbone
@kodimbone,2025-03-23 23:06,"Anggota Koramil 18/Kajuara Kodim 1407/Bone menghadiri acara buka puasa bersama warga masyarakat sebagai bentuk komunikasi sosial, bertempat di Masjid Nurul Iman, Desa Padaelo, Kecamatan Kajuara, Kabupaten Bone. Minggu (23/03/25) Petang.
#tniad
#TNIindonesia
#kodam14hasanuddin",kodimbone
@kodimbone,2025-03-23 23:06,"Babinsa Koramil 02/Dua Boccoe Kodim 1407/Bone Koptu Pahri menghadiri Musyawarah pertemuan Kelompok Tani di aula balai Desa Pattiro, Kecamatan Dua Boccoe, Kabupaten Bone. Senin (24/03/25).
#tniad
#puspentni
#TNIindonesia
#kodam14hasanuddin",kodimbone
@kodimbone,2025-03-23 23:05,"Babinsa Koramil 09/Lapri Kodim 1407/Bone Serda Jumarton melaksanakan Komunikasi Sosial (Komsos) dengan warga desa binaan di Desa Bengo, Kecamatan Bengo, Kabupaten  Bone. Senin (24/03/25).
#tniad
#puspentni
#TNIindonesia
#kodam14hasanuddin",kodimbone
@kodimbone,2025-03-23 23:04,"Babinsa Koramil 1407-21/Palakka Serda Sudarman lakukan safari ramadhan yang dipimpin langsung oleh Camat Palakka Andi Timbang Terimah di Masjid Babul Jannah, Dusun 1 Batu Lappa, Desa Siame, Kec. Palakka, Kab. Bone. Minggu (23/03/25) Malam.
#tniad
#TNIindonesia
#kodam14hasanuddin",kodimbone
@kodimbone,2025-03-23 23:03,"Dukung ketahanan pangan, Babinsa Koramil 1407-10/Ponre Sertu Kasman melaksanakan pendampingan panen padi menggunakan traktor pemanen padi, berlokasi di Dusun Sancereng, Desa Bolli, Kec. Ponre Kab. Bone. Senin (24/03/25).
#tniad
#TNIindonesia
#kodam14hasanuddin
@perum.bulog",kodimbone
@kodimbone,2025-03-23 23:00,"Babinsa Koramil 17/Salomekko Kodim 1407/Bone Serda Fadly bersama anggota PPL mendampingi petugas Bulog Bone dalam rangka pembelian gabah hasil panen petani di wilayah Desa Manera, Kec. Salomekko, Kabupaten Bone. Minggu (23/03/25) Malam.
#tniad
#TNIindonesia
#kodam14hasanuddin",kodimbone
@kodimbone,2025-03-23 22:59,"Babinsa Koramil 12/Cina Kodim 1407/Bone Serma Herman melaksanakan Komunikasi Sosial (Komsos) bersama warga di wilayah binaan di Dusun Benteng,  Desa Padang Loang, Kecamatan Cina, Kabupaten Bone. Senin (24/03/25).
#tniad
#puspentni
#TNIindonesia
#kodam14hasanuddin",kodimbone
@kodimbone,2025-03-23 22:59,"Dukung program Balita Sehat dan cegah stunting, Babinsa Koramil 1407-02/Dua Boccoe Kopka Adam Talutu dampingi pelayanan kesehatan ibu dan balita yang berlangsung di Desa Sanrangeng, Kec. Dua Boccoe, Kab. Bone. Senin (24/03/25).
#tniad
#puspentni
#TNIindonesia
#kodam14hasanuddin",kodimbone
@kodimbone,2025-03-23 22:58,"Serda Safri Babinsa Koramil 18/Kajuara Kodim 1407/Bone menjalin kedekatan dan silaturahmi melalui Komunikasi Sosial (Komsos) dengan warga binaannya di Desa Raja, Kec. Kajuara, Kab. Bone. Senin (24/03/25).
#tniad
#puspentni
#TNIindonesia
#kodam14hasanuddin",kodimbone
@kodimbone,2025-03-23 22:57,"Babinsa Koramil 16/Tonra Kodim 1407/Bone Kopda Ahmad melakukan pendampingan kepada petani dalam rangka kegiatan penanaman jagung di Dusun Pace, Desa Muara, Kecamatan Tonra, Kabupaten Bone. Senin (24/03/25).
#tniad
#puspentni
#TNIindonesia
#kodam14hasanuddin",kodimbone
@kodamhasanuddin,2025-03-23 22:53,"Pangdam XIV/Hsn & Keluarga Besar Kodam XIV/Hsn Mengucapkan :

Dirgahayu ke-76 Tahun Korps Bekang TNI AD

""Bekerja Dengan Integritas Bekang TNI AD""

#tniad
#dispenad
#puspentni
#TNIindonesia",Kodam Hasanuddin
@kodimainjai,2025-03-23 22:50,"Babinsa Saotanre Koramil 03/Sinjai Tengah Kodim 1424/Sinjai Gelar Karya Bakti Pembersihan Jalan Sepanjang 150 Meter di Dusun Halimping Desa Saotanre Kec. Sinjai Tengah Kab. Sinjai.

#tniad
#dispenad
#puspentni
#TNIindonesia
#kodam14hasanuddin",Kodim 1424 Sinjai
@kodimainjai,2025-03-23 22:46,"Babinsa Desa Tongke-Tongke Koramil 1424-04/Sinjai Timur Kodim 1424/Sinjai Hadiri Acara Buka Puasa Bersama Masyarakat di Rumah Kepala Desa Tongke-Tongke Kec. Sinjai Timur Kab. Sinjai.

#tniad
#dispenad
#puspentni
#TNIindonesia
#kodam14hasanuddin",Kodim 1424 Sinjai
@kodimainjai,2025-03-23 22:42,"Babinsa Bongki Koramil 01/Sinjai Utara Kodim 1424/Sinjai Dampingi Penyerapan Gabah Milik Petani di Lingk. Sopanda Kel. Bongki Kec. Sinjai Utara Kab. Sinjai.

#tniad
#dispenad
#puspentni
#TNIindonesia
#kodam14hasanuddin",Kodim 1424 Sinjai
@kodimainjai,2025-03-23 22:38,"Babinsa Saotengah Pos Ramil 1424-05/Tellulimpoe Kodim 1424/Sinjai Bantu Bersihkan Gulma Di Lahan Tanaman Porang Milik Petani di Dusun Bongki-Bongki Desa Bontosianala Kec. Sinjai Borong Kab. Sinjai

#tniad
#dispenad
#puspentni
#TNIindonesia
#kodam14hasanuddin",Kodim 1424 Sinjai
@kodimainjai,2025-03-23 22:33,"Antisipasi Pohon Tumbang, Babinsa Saotengah Pos Ramil 05/Tellulimpoe Kodim 1424/Sinjai Komsos Bantu Warga Menebang Pohon di Dusun Lappae Satu Desa Saotengah Kec. Tellullimpoe Kab. Sinjai

#tniad
#dispenad
#puspentni
#TNIindonesia
#kodam14hasanuddin",Kodim 1424 Sinjai
@KodimSelayar,2025-03-23 22:30,"Apa saja poin-poin penting yang mengalami perubahan?

Revisi UU TNI tetap menghormati dan dalam kerangka supremasi sipil, berdasarkan nilai dan prinsip demokrasi serta memenuhi ketentuan hukum yang berlaku.

#tniad
#dispenad
#puspentni
#TNIindonesia
#kodam14hasanuddin",Kodim Selayar
@KodimSelayar,2025-03-23 22:30,"Apa saja poin-poin penting yang mengalami perubahan?

Revisi UU TNI tetap menghormati dan dalam kerangka supremasi sipil, berdasarkan nilai dan prinsip demokrasi serta memenuhi ketentuan hukum yang berlaku.
#tniad
#dispenad
#puspentni
#TNIindonesia
#kodam14hasanuddin",Kodim Selayar
@KodimSelayar,2025-03-23 22:30,"Revisi RUU TNI bukanlah kembalinya Dwi Fungsi ABRI melainkan kehadiran TNI merupakan Sinergitas Nasional demi kemajuan Bangsa dan Negara dengan tetap menjunjung tinggi prinsip Demokrasi. 

#tniad
#dispenad
#puspentni
#TNIindonesia
#kodam14hasanuddin",Kodim Selayar
@kodimainjai,2025-03-23 22:28,"Bamin Tuud Koramil 06/Sinjai Borong Kodim 1424/Sinjai Komsos Hadiri Pemakaman Almarhum AKP Bahtiar Di Lingk Paroppo Kel. Pasir Putih Kec. Sinjai Borong Kab. Sinjai

#tniad
#dispenad
#puspentni
#TNIindonesia
#kodam14hasanuddin",Kodim 1424 Sinjai
@kodimainjai,2025-03-23 22:23,"Babinsa Batubelerang Koramil 06/Sinjai Borong Kodim 1424/Sinjai Komsos Bantu Perbaikan Teras Masjid Di Dusun Jeppara  Desa Batu Belerang, Kec. Sinjai Borong Kab. Sinjai

#tniad
#dispenad
#puspentni
#TNIindonesia
#kodam14hasanuddin",Kodim 1424 Sinjai
@kodimainjai,2025-03-23 22:19,"Personel Koramil 1424-04/Sinjai Timur Kodim 1424/Sinjai Gelar Karya Bakti Penanaman Pohon di Seputaran Lapangan Sepak Bola Desa Lasiai Kec. Sinjai Timur Kab. Sinjai

#tniad
#dispenad
#puspentni
#TNIindonesia
#kodam14hasanuddin",Kodim 1424 Sinjai
@kodimainjai,2025-03-23 22:12,"Hijaukan Lingkungan, Babinsa Koramil 04/Sinjai Timur Kodim 1424/Sinjai Gelar Karya Bakti Penanaman Pohon  di Desa Biroro, Kecamatan Sinjai Timur, Kabupaten Sinjai

#tniad
#dispenad
#puspentni
#TNIindonesia
#kodam14hasanuddin",Kodim 1424 Sinjai
@kodimainjai,2025-03-23 22:04,"Babinsa Baru Koramil 03/Sinjai Tengah Kodim 1424/Sinjai Laksanakan Komsos Bersama Warga Binaan di Dusun Pepara Desa Baru Kec. Sinjai Tengah Kab. Sinjai.

#tniad
#dispenad
#puspentni
#TNIindonesia
#kodam14hasanuddin",Kodim 1424 Sinjai
@kodimainjai,2025-03-23 22:00,"Babinsa Bonto Koramil 03/Sinjai Tengah Kodim 1424/Sinjai Komsos Bersama Kepala Dusun, Anggota BPD Dan Masyarakat di Dusun Bululohe Desa Bonto Kec. Sinjai Tengah Kab. Sinjai.

#tniad
#dispenad
#puspentni
#TNIindonesia
#kodam14hasanuddin",Kodim 1424 Sinjai
@kodimainjai,2025-03-23 21:55,"Babinsa Biringere Koramil 01/Sinjai Utara Kodim 1424/Sinjai Dampingi Petani Panen Cabe di Lingk. Taipa Kel. Biringere Kec. Sinjai Utara Kab. Sinjai.

#tniad
#dispenad
#puspentni
#TNIindonesia
#kodam14hasanuddin",Kodim 1424 Sinjai
@kodimainjai,2025-03-23 21:51,"Babinsa Palangka Koramil 05/Sinjai Selatan Kodim 1424/Sinjai Dampingi Petani Memantau Perkembangan Tanaman Padi di Dusun Honto Desa Palangka Kec. Sinjai Selatan Kab. Sinjai.

#tniad
#dispenad
#puspentni
#TNIindonesia
#kodam14hasanuddin",Kodim 1424 Sinjai
@kodimainjai,2025-03-23 21:45,"Pers. Babinsa Koramil 03/Sinjai Tengah Kodim 1424/Sinjai Komsos Hadiri Acara Buka Puasa Bersama Masyarakat di Lingk. Bongkong Kel. Samaenre Kec. Sinjai Tengah Kab. Sinjai.

#tniad
#dispenad
#puspentni
#TNIindonesia
#kodam14hasanuddin",Kodim 1424 Sinjai
@kodam_mlw,2025-03-23 21:42,"Balikpapan - Indahnya Ramadhan 1446 H, Kodam VI/Mulawarman Berbagi Takjil di Halaman Makodam VI/Mulawarman, Minggu (23/03/25).

#kodamvimulawarman 
#tniad
#tniprima
#marhabanyaramadhan",Kodam VI/Mulawarman
@kodimainjai,2025-03-23 21:40,"Babinsa Samaturue Pos Ramil 05/Tellulimpoe Kodim 1424/Sinjai Laksanakan Safari Ramadhan Di Masjid Jami Dusun Balangpesoang Desa Samaturue Kec. Tellulimpoe Kab. Sinjai.

#tniad
#dispenad
#puspentni
#TNIindonesia
#kodam14hasanuddin",Kodim 1424 Sinjai
@kodam_mlw,2025-03-23 21:38,"Dirgahayu Korps Bekang TNI Angkatan Darat
24 Maret 1949 - 24 Maret 2025

""Dharmagati Ksatria Jaya""
Bekerja Dengan Integritas.

#kodamvimulawarman 
#tniad
#tniprima",Kodam VI/Mulawarman
@WajoKodim,2025-03-23 20:50,"Tahukah anda tentang RUU TNI yang baru disahkan?
apa saja poin-poin penting yang mengalami perubahan?
Mari kita pahami bersama.

#tniad
#dispenad
#puspentni
#TNIindonesia",Kodim Wajo
@sejatidindaa,2025-03-23 20:29,"UU TNI bertujuan untuk memperkuat peran TNI dalam mendukung percepatan pembangunan

#PapuaIndonesia  #TNIAD #papuaviral  #TNIADbekerjadenganhati",dinda sejati
@sejatidindaa,2025-03-23 20:29,"UU TNI untuk menjaga keamanan 

#PapuaIndonesia  #TNIAD #papuaviral  #TNIADbekerjadenganhati",dinda sejati
@sejatidindaa,2025-03-23 20:28,"Kelompok OPM selalu melakukan provokasi kepada masyarakat

#KSTP #OPM #opmmusuhmasyarakat #OPMgallery #KKB #TolakOPM #Papua #PapuaIndonesia  #TNIAD #papuaviral  #TNIADbekerjadenganhati",dinda sejati
@sejatidindaa,2025-03-23 20:27,"Hati hati provokasi kelompok OPM

#KSTP #OPM #opmmusuhmasyarakat #OPMgallery #KKB #TolakOPM #Papua #PapuaIndonesia  #TNIAD #papuaviral  #TNIADbekerjadenganhati",dinda sejati
@tni_ad,2025-03-23 16:07,"Kami bahagia di setiap jengkal tanah NKRI selama rakyat kami bahagia.

#TNIAD
#TNIADBerjuangBersamaRakyat
#TNIADBekerjaDenganHati
#TNIADdihatiRakyat
#TNIADPrima

instagram.com/reel/DHjDh2uSO…",TNI AD
@KodamKasuari,2025-03-23 14:22,"KODIM 1802/SORONG Ketua Harian LMA Papua Barat Daya Frangky Umpain mengatakan Kegiatan ini merupakan inisiatif yang dilaksanakan oleh Lembaga Masyarakat Adat (LMA) untuk mendengarkan dan menyerap berbagai aspirasi terkait program Makan Bergizi Gratis (MBG).

#TNIAD",Kodam XVIII/Kasuari
@kodim_jeneponto,2025-03-23 13:55,"H+23 Ramadhan, Koramil 1425-03/Tamalatea Kembali Gelar Aksi Simpatik Bagi Takjil Buka Puasa Kepada Pengendara. Minggu, 23/03/2025.

#tni
#tniindonesia
#puspentni
#tniad
#kodam14hasanuddin
#korem141toddoppuli
#tnimanunggalrakyat",Kodim_Jeneponto
@KodamKasuari,2025-03-23 13:52,"Polemik masih saja terjadi, walaupun Rancangan Undang-Undang (RUU) tentang Perubahan Atas Undang-Undang Nomor 34 Tahun 2004 Tentang Tentara Nasional Indonesia (TNI), telah disetujui dan telah ketuk palu menjadi Undang Undang TNI.

#TNIADbekerjadenganhati
#TNIADDihatiRakyat
#TNIAD",Kodam XVIII/Kasuari
@mekanis512,2025-03-23 13:36,"Sentani 23/03/2025.Proses Evakuasi korban menyelesaikan OPM kpd Masyarakat sipil yang terjadi pada Jumat 21/03/2025 lalu di Distrik Anggruk Kab. Yahukimo Papua, Korban 1 orang meninggal dunia dan 6 luka luka. 
#TNIPRIMA
#tniad
#puspentni
#dispenad
#kodam5brw
#brigif16wirayudha",YonifMekanis512Marabunta
@063Korem,2025-03-23 12:52,"Dirgahayu 
KORPS
BEKANG
TNI ANGKATAN DARAT

24 Maret 1949 - 24 Maret 2025

""Dharmagati Ksatria Jaya""

@puspentni 
@tni_angkatan_darat 
@kodamsiliwangi 
@hista_soleh_harahap

#puspentniad 
#tniprima
#tniad 
#kodam3siliwangi",@penrem063
@kodam_mlw,2025-03-23 11:41,"Hulu Sungai Tengah - Indahnya Ramadhan 1446 H, Kodim 1002/HST Berbagi Takjil di Halaman Makodim 1002/HST, Minggu (23/03/25).

#kodamvimulawarman 
#tniad
#tniprima
#marhabanyaramadhan",Kodam VI/Mulawarman
@kodam_mlw,2025-03-23 11:35,"Tanah Bumbu - Indahnya Ramadhan 1446 H, Kodim 1022/Tanah Bumbu Berbagi Takjil di Halaman Makodim 1022/Tanah Bumbu, Sabtu (22/03/25).

#kodamvimulawarman 
#tniad
#tniprima
#marhabanyaramadhan",Kodam VI/Mulawarman
@kodam_mlw,2025-03-23 11:35,"Balikpapan - Indahnya Ramadhan 1446 H, Kodam VI/Mulawarman Berbagi Takjil di Halaman Makodam VI/Mulawarman, Sabtu (22/03/25).

#kodamvimulawarman 
#tniad
#tniprima
#marhabanyaramadhan",Kodam VI/Mulawarman
@puspom_tni_ad,2025-03-23 09:31,"Ws. Danpuspomad Mayjen TNI Eka Wijaya Permana, S.H. beserta Keluarga Besar Polisi Militer TNI Angkatan Darat Mengucapkan :

Dirgahayu Bekangad
24 Maret 1949 - 24 Maret 2025

Dharmagati Ksatria Jaya

#tniadmengabdimembangunbersamarakyat 
#tniad
#bekangangkatandarat",puspom_tni_ad
@kodamhasanuddin,2025-03-23 08:17,"Di Hari Keempat Kunker Pangdam XIV/Hasanuddin Kunjungi 3 Satuan Jajarannya

 “Kunjungan Pangdam XIV/Hasanuddin: Dari Ketahanan Pangan hingga Kepedulian Sosial""

#tniad
#dispenad
#puspentni
#TNIindonesia",Kodam Hasanuddin
@takalar_kodim,2025-03-23 08:05,"Sukseskan Ketahanan Pangan, Babinsa Koramil 1426-05/Marbo Pendampingan Petani Panen Padi 

#tniad
#dispenad
#puspentni
#TNIindonesia
#kodam14hasanuddin
#korem141toddopuli",Kodim_Takalar
@takalar_kodim,2025-03-23 07:55,"Antisipasi Banjir Ketika Hujan Deras, Personel Koramil 1426-01/Polut Bersama Warga Bersihkan Saluran Air 

#tniad
#dispenad
#puspentni
#TNIindonesia
#kodam14hasanuddin
#korem141toddopuli",Kodim_Takalar
@1420_sidrap,2025-03-23 06:32,"Babinsa Koramil 1420-02/Tellu Limpoe, Sertu Anwar, melakukan pemantauan terhadap ketersediaan dan harga bahan pokok di Pasar Sentral Amparita, Kab Sidrap, Minggu (23/03/2025). 

#tniad
#dispenad
#puspentni
#TNIindonesia
#kodam14hasanuddin
#korem141toddopuli",Kodim 1420 Sidrap
@KodamJayakarta,2025-03-23 06:11,"Batalyon Zipur 11/DW Berbagi di Bulan Ramadhan dengan Anak Yatim

#tniad #tniadprima #kodamjayakarta",Kodam Jaya/Jayakarta
@Pussenarhanud36,2025-03-23 06:05,"LATBAKJATRAT DAN TRADISI KORPS PEMBARETAN DIKJURBA ARHANUD ABIT DIKMABA

#tni #tniad #arhanud #Pussenarhanud #PrajuritPengawalAngkasaSakti #VyatiRakcaBhalaCakti

@puspentni 
@tni_angkatan_darat",Pussenarhanud TNI AD
@WajoKodim,2025-03-23 05:33,"Babinsa Koramil 1406-07/Takkalalla Gotong Royong Bersihkan Ranting Pohon di Desa Pasir Putih
#tniad
#dispenad
#puspentni
#TNIindonesia
#kodam14hasanuddin
#korem141toddopuli",Kodim Wajo
@WajoKodim,2025-03-23 05:32,"Babinsa Koramil 1406-06/Pammana Gotong Royong Bersihkan Lapangan Bola di Desa Pallawarukka
#tniad
#dispenad
#puspentni
#TNIindonesia
#kodam14hasanuddin
#korem141toddopuli",Kodim Wajo
@WajoKodim,2025-03-23 05:29,"Koramil 1406-04/Belawa Bersama Kelompok Tani Gotong Royong Bersihkan Saluran Irigasi di Wajo
#tniad
#dispenad
#puspentni
#TNIindonesia
#kodam14hasanuddin
#korem141toddopuli",Kodim Wajo
@WajoKodim,2025-03-23 05:28,"Babinsa Koramil 1406-10/Pitumpanua Beri Penyuluhan Keselamatan saat Penyemprotan Rumput Sawah di Desa Lalliseng
#tniad
#dispenad
#puspentni
#TNIindonesia
#kodam14hasanuddin
#korem141toddopuli",Kodim Wajo
@WajoKodim,2025-03-23 05:28,"Babinsa Koramil 1406-09/Sajoanging Dampingi Petani Rumput Laut di Desa Lawesso
#tniad
#dispenad
#puspentni
#TNIindonesia
#kodam14hasanuddin
#korem141toddopuli",Kodim Wajo
@WajoKodim,2025-03-23 05:28,"Babinsa Koramil 1406-08/Sabbangparu Dampingi Petani Pemupukan Tanaman Jagung di Desa Tadangpalie
#tniad
#dispenad
#puspentni
#TNIindonesia
#kodam14hasanuddin
#korem141toddopuli",Kodim Wajo
@WajoKodim,2025-03-23 05:28,"Babinsa Koramil 1406-05/Majauleng Ajak Warga Desa Laerung Jaga Keamanan dan Ketertiban
#tniad
#dispenad
#puspentni
#TNIindonesia
#kodam14hasanuddin
#korem141toddopuli",Kodim Wajo
@WajoKodim,2025-03-23 05:28,"Babinsa Koramil 1406-03/Maniangpajo Jalin Komunikasi Sosial dengan Warga Desa Sogi
#tniad
#dispenad
#puspentni
#TNIindonesia
#kodam14hasanuddin
#korem141toddopuli",Kodim Wajo
@WajoKodim,2025-03-23 05:28,"Babinsa Koramil 1406-02/Tanasitolo Dampingi Petani Panen Padi di Desa Pajalele
#tniad
#dispenad
#puspentni
#TNIindonesia
#kodam14hasanuddin
#korem141toddopuli",Kodim Wajo
@WajoKodim,2025-03-23 05:28,"Babinsa Koramil 1406-01/Tempe Jalin Komunikasi dengan Tokoh Masyarakat di Watallipue
#tniad
#dispenad
#puspentni
#TNIindonesia
#kodam14hasanuddin
#korem141toddopuli",Kodim Wajo
@kodam_mlw,2025-03-23 04:38,"Samarinda - Kunjungan Kerja Kepala Staf Angkatan Darat dan Ketua Umum Persit Kartika Chandra Kirana di Korem 091/ASN, Jumat (21/03/25).

#kodamvimulawarman 
#tniad 
#tniprima",Kodam VI/Mulawarman
@AlorKodim,2025-03-23 03:54,"Babinsa Bantu Petani Panen Padi Di Desa Nule Kecamatan Pantar Timur

#tniad 
#tniprima 
#tnibersamarakyat 
#tnidihatirakyat
#tnimengabdidanmembangunbersamarakyat
#prajaraksakaperdulirakyat

Cek berita selengkapnya disini>>
gentra.co.id/babinsa-bantu-p…",Kodim 1622 Alor
@kodim1418mamuju,2025-03-23 03:11,"“Babinsa Koramil 1418-02/Tapalang Perbaiki Saluran Air untuk Cegah Banjir di Desa Kasambang”

#tniad #dispenad #puspentni #TNIindonesia #kodam14hasanuddin",Kodim1418/Mamuju
@1420_sidrap,2025-03-23 02:08,"Dukung Pertanian, Babinsa Kodim 1420-04/Watang Pulu Bersama Warga Bersihkan Saluran Irigasi.
Minggu (23/03/2025).

#tniad
#dispenad
#puspentni
#TNIindonesia
#kodam14hasanuddin
#korem141toddopuli",Kodim 1420 Sidrap
@Kodam12Tpr,2025-03-23 02:07,"Pangdam XII/Tpr beserta Keluarga Besar Kodam XII/Tanjungpura mengucapkan ""Selamat Ulang Tahun Danrem 121/Abw Brigjen TNI Purnomosidi, S.I.P., M.A.P., M.HAN.""
#tni
#tniad
#TNIADBerjuangBersamaRakyat #kodamtanjungpura #pangdamxiitanjungpura #jamallulael",Kodam Tanjungpura
@Kodam12Tpr,2025-03-23 02:07,"Dirgahayu Korem 102 Panju Panjung.
#tni
#tniad
#TNIADBerjuangBersamaRakyat #kodamtanjungpura #pangdamxiitanjungpura #jamallulael",Kodam Tanjungpura
@kodimainjai,2025-03-23 01:16,"Babinsa Bontosinala Koramil 06/Sinjai Borong Kodim 1424/Sinjai Gelar Karya Bakti Pembersihan Jalan di Dusun Bongki-Bongki Desa Bontosinala Kec. Sinjai Borong Kab. Sinjai

#tniad
#dispenad
#puspentni
#TNIindonesia
#kodam14hasanuddin",Kodim 1424 Sinjai
@kodimainjai,2025-03-23 01:12,"Babinsa Bontotengnga Koramil 06/Sinjai Borong Kodim 1424/Sinjai Komsos Bersama Tokoh Masyarakat di Dusun Balangtieng Desa Bontotengnga Kec. Sinjai Borong Kab. Sinjai

#tniad
#dispenad
#puspentni
#TNIindonesia
#kodam14hasanuddin",Kodim 1424 Sinjai
@takalar_kodim,2025-03-23 01:08,"Babinsa Koramil 1426-01/Polut Sertu Mulyadi N Lakukan Bakti Sosial Pemberian Bantuan Sembako Untuk Lansia

#tniad
#dispenad
#puspentni
#TNIindonesia
#kodam14hasanuddin
#korem141toddopuli",Kodim_Takalar
@kodimainjai,2025-03-23 01:07,"Babinsa Biringere  Koramil 01/Sinjai Utara Kodim 1424/Sinjai Laksanakan Pendampingan Posyandu di Lingk. Taipa Kel. Biringere Kec. Sinjai Utara Kab. Sinjai

#tniad
#dispenad
#puspentni
#TNIindonesia
#kodam14hasanuddin",Kodim 1424 Sinjai
@kodimainjai,2025-03-23 01:02,"Babinsa Barambang Koramil 06/Sinjai Borong Kodim 1424/Sinjai Bantu Pemasangan Tegel Lantai Rumah Milik Warga di Dusun Balang Desa Barambang Kec. Sinjai Borong Kab. Sinjai

#tniad
#dispenad
#puspentni
#TNIindonesia
#kodam14hasanuddin",Kodim 1424 Sinjai
@kodimainjai,2025-03-23 00:57,"Babinsa Palae Koramil 05/Sinjai Selatan Kodim 1424/Sinjai Komsos Bersama Tokoh Masyarakat bertempat di Dusun Caboro Desa Palae Kec. Sinjai Selatan Kab. Sinjai

#tniad
#dispenad
#puspentni
#TNIindonesia
#kodam14hasanuddin",Kodim 1424 Sinjai
@takalar_kodim,2025-03-23 00:56,"Babinsa Koramil 1426-03/Galut Sertu Rapiuddin Melaksanakan Komsos Dengan Warganya 

#tniad
#dispenad
#puspentni
#TNIindonesia
#kodam14hasanuddin
#korem141toddopuli",Kodim_Takalar
@kodimainjai,2025-03-23 00:50,"Babinsa Bongki Koramil 01/Sinjai Utara Kodim 1424/Sinjai Dampingi Petani dalam Panen Padi untuk Dukung Ketahanan Pangan di area Kelompok Tani Mattumpu, Lingk Benteng, Kel Bongki, Kec  Sinjai Utara, Kab  Sinjai. 

#tniad
#dispenad
#puspentni
#TNIindonesia
#kodam14hasanuddin",Kodim 1424 Sinjai
@takalar_kodim,2025-03-23 00:47,"Jelang Buka Puasa, Koramil 1426-01/Polut Bagi Takjil Kepada Para Pengguna Jalan 

#tniad
#dispenad
#puspentni
#TNIindonesia
#kodam14hasanuddin
#korem141toddopuli",Kodim_Takalar
@kodimainjai,2025-03-23 00:41,"Babinsa Pasimarannu Koramil 04/Sinjai Timur Kodim 1424/Sinjai Komsos Bersama Warga Binaan di Dusun Pasahakue Desa Pasimarannu Kec. Sinjai Timur Kab. Sinjai.

#tniad
#dispenad
#puspentni
#TNIindonesia
#kodam14hasanuddin",Kodim 1424 Sinjai
@kodimainjai,2025-03-23 00:36,"Danramil 1424-04/Sinjai Timur Kodim 1424/Sinjai Hadiri Kegiatan Musrenbang Penyusunan RKPD Kec Pulau Sembilan 2026 di Aula Puskesmas Desa Pulau Harapan Kec. Pulau Sembilan Kab. Sinjai Kab. Sinjai.

#tniad
#dispenad
#puspentni
#TNIindonesia
#kodam14hasanuddin",Kodim 1424 Sinjai
@kodimainjai,2025-03-23 00:30,"Babinsa Saukang Koramil 04/Sinjai Timur Kodim 1424/Sinjai Hadiri Pembukaan Musabaqah Tilawatil Qur'an (MTQ) ke-10 Tingkat Desa Saukang Kec Sinjai Timur Kab. Sinjai.

#tniad
#dispenad
#puspentni
#TNIindonesia
#kodam14hasanuddin",Kodim 1424 Sinjai
@kodimainjai,2025-03-23 00:23,"Babinsa Gantarang Koramil 03/Sinjai Tengah Kodim 1424/Sinjai Laksanakan Safari Ramadhan Di Masjid Nur Wahid Dusun Mattirowalie Desa Gantarang Kec. Sinjai Tengah Kab. Sinjai.

#tniad
#dispenad
#puspentni
#TNIindonesia
#kodam14hasanuddin",Kodim 1424 Sinjai
@kodimainjai,2025-03-23 00:18,"Babinsa Bulutellue Pos Ramil 01/Bulupoddo Kodim 1424/Sinjai Komsos Bersama Warga Binaan di Dusun Saotengah Desa Bulutellue Kec. Bulupoddo Kab. Sinjai.

#tniad
#dispenad
#puspentni
#TNIindonesia
#kodam14hasanuddin",Kodim 1424 Sinjai
@kodimainjai,2025-03-23 00:14,"Personel Kodim 1424/Sinjai Bersama Persit Bagikan Takjil Kepada Masyarakat Menjelang Waktu Berbuka Puasa di Jl. Jend. Sudirman Kel. Biringere Kec. Sinjai Utara Kab. Sinjai.

#tniad
#dispenad
#puspentni
#TNIindonesia
#kodam14hasanuddin",Kodim 1424 Sinjai
@kodimainjai,2025-03-23 00:07,"Dandim 1424/Sinjai Hadiri Safari Ramadhan di Kecamatan Pulau Sembilan, Kabupaten Sinjai, Sabtu (22/03/2025) Malam.

#tniad
#dispenad
#puspentni
#TNIindonesia
#kodam14hasanuddin",Kodim 1424 Sinjai
@koramil16tulung,2025-03-22 22:49,"Babinsa Peltu Agung Suharjo hadiri kegiatan Pembagian Sembako Gratis dan Santunan Kaum Dhuafa di Gedung IPHI Kecamatan Tulung, Kabupaten Klaten.

#kodim0723klaten
#korem074wrt 
#kodamivdiponegoro 
#tniad
                    instagram.com/p/DHhNstHTDJ5/…",koramil Tulung
@koramil16tulung,2025-03-22 22:41,"Sertu Srimbodo Laksono hadiri acara Penarikan Mahasiswa KKN FAI- UMKLA di wilayah Kecamatan Tulung, Kabupaten Klaten.

#kodim0723klaten 
#korem074wrt 
#kodamivdiponegoro 
#tniad
                    instagram.com/p/DHhMwWxz5I0/…",koramil Tulung
@tni_ad,2025-03-22 22:05,"150 HARI KABINET MERAH PUTIH

#TNIAD
#TNIADBerjuangBersamaRakyat
#TNIADBekerjaDenganHati
#TNIADdihatiRakyat
#TNIADPrima

instagram.com/reel/DHhElnqzb…",TNI AD
@kodamhasanuddin,2025-03-22 21:33,"Kasdam XIV/Hasanuddin Hadiri Buka Puasa Bersama dalam Rangka Kenal Pamit Kapolda Sulsel

""Sinergi dan Kebersamaan: Buka Puasa Bersama dalam Momen Kenal Pamit Kapolda Sulsel""

#tniad
#dispenad
#puspentni
#TNIindonesia",Kodam Hasanuddin
@KodamKasuari,2025-03-22 20:08,"Personel Kodim 1803/Fakfak memenuhi halaman Markas Komandon Distrik Militer (Makodim) Fakfak untuk mengikuti kegiatan nonton bareng (Nobar) Film SPY (mata-mata atau agen rahasia) dengan judul Mison Imposible

#TNIADbekerjadenganhati
#TNIADDihatiRakyat
#TNIADPrima
#TNIAD",Kodam XVIII/Kasuari
@kodam_mlw,2025-03-22 19:37,"Balikpapan - Upacara Penutupan Tentara Manunggal Membangun Desa (TMMD) ke-123 di Wilayah Balikpapan, Kamis (20/03/25)

#kodamvimulawarman
#tniad
#tniprima 
#tmmdke123",Kodam VI/Mulawarman
@063Korem,2025-03-22 16:56,"Dirgahayu 
BNN
Badan Narkotika Nasional

22 Maret 2025

@puspentni 
@tni_angkatan_darat 
@kodamsiliwangi 
@hista_soleh_harahap
@infobnn_kota_cirebon

#puspentniad 
#tniprima
#tniad 
#kodam3siliwangi",@penrem063
@kodam_mlw,2025-03-22 15:04,"Balikpapan - Indahnya Ramadhan 1446 H, Kodam VI/Mulawarman Berbagi Takjil di Halaman Makodam VI/Mulawarman, Jumat (21/03/25).

#kodamvimulawarman 
#tniad
#tniprima
#marhabanyaramadhan",Kodam VI/Mulawarman
@kodim_jeneponto,2025-03-22 14:28,"Prajurit dan Ibu-ibu Persit KCK Cabang XXXIII Ranting 3 Koramil 1425-02/Bangkala Gelar Aksi Bagi Takjil

#tni
#tniindonesia
#puspentni
#tniad
#kodam14hasanuddin
#korem141toddoppuli
#tnimanunggalrakyat",Kodim_Jeneponto
@kodim_jeneponto,2025-03-22 14:27,"Prajurit dan Ibu-ibu Persit KCK Cabang XXXIII Ranting 3 Koramil 1425-02/Bangkala Gelar Aksi Bagi Takjil. Sabtu, 22/03/2025.

#tni
#tniindonesia
#puspentni
#tniad
#kodam14hasanuddin
#korem141toddoppuli
#tnimanunggalrakyat",Kodim_Jeneponto
@klikwarta_com,2025-03-22 13:05,"Merawat Kebangsaan, Merajut Asa Desa Tengah Padang
*Link: klikwarta.com/merawat-keb...
*Link: klikwarta.com/titik-temu-...
#tniad #tni #tmmd123 #desatengahpadang #kodim0407kotabengkulu #bengkulutengah #tniprima
piped.video/watch?v=I9ceoUuE…",Klikwarta.com
@15Malili,2025-03-22 11:18,"Prt Asriadi Babinsa Atue Koramil 1403-15/Malili Mendampingi penyaluran bantuan Dana BLT Desa kepada Masyarakat kurang mampu di Aula Kantor Desa Atue Kec Malili kab Luwu Timur 
#tniad 
#puspentni 
#dispenad 
#kodam14hasanuddin 
#korem141toddopuli",Koramil 1403-15 Malili
@Kodam12Tpr,2025-03-22 10:45,"Tanjungpura News Edisi 21 Bulan Maret 2025.
piped.video/4kJ0GQRhGpA?si=VeoS…

#TNI #TNIAD #kodamtanjungpura  #tanjungpuranews",Kodam Tanjungpura
@kodamhasanuddin,2025-03-22 09:34,"Kunjungi Korem 142/Tatag, Kodim 1401/Majene, dan Kodim 1402/Polman, Pangdam XIV/Hasanuddin Tekankan Profesionalisme dan Keharmonisan Keluarga Prajurit

#tniad
#dispenad
#puspentni
#TNIindonesia",Kodam Hasanuddin
@puspom_tni_ad,2025-03-22 09:31,"Denpom IM/2 Meulaboh Gelar Acara Buka Puasa Bersama dan Pelepasan Personel yang Menjalankan Ibadah Umroh

#tniadprima 
#tniadmengabdimembangunbersamarakyat 
#tniad 
#denpommeulaboh",puspom_tni_ad
@1420_sidrap,2025-03-22 08:09,"Berkah Ramadhan, Koramil 1420-05/Dua Pitue bersama Komunitas Ompreng Family Bagikan Takjil.
Jumat (21/03/2025)

#tniad
#dispenad
#puspentni
#TNIindonesia
#kodam14hasanuddin
#korem141toddopuli",Kodim 1420 Sidrap
@takalar_kodim,2025-03-22 08:06,"Sukseskan Ketahanan Pangan, Babinsa Koramil 1426-05/Marbo Pendampingan Petani Panen Padi 

#tniad
#dispenad
#puspentni
#TNIindonesia
#kodam14hasanuddin
#korem141toddopuli",Kodim_Takalar
@takalar_kodim,2025-03-22 08:01,"Sukseskan Ketahanan Pangan, Babinsa Koramil 1426-01/Polut Pendampingan Petani Panen Padi 

#tniad
#dispenad
#puspentni
#TNIindonesia
#kodam14hasanuddin
#korem141toddopuli",Kodim_Takalar
@KodamKasuari,2025-03-22 07:58,"Babinsa Koramil 1802-05/Makbon Sertu Irwan melaksanakan komunikasi sosial dengan mama yulia osok bertempat di kampung sbaga distrik klaso kabupaten sorong provinsi papua barat daya. Sabtu (22/03/2025).

#TNIADbekerjadenganhati
#TNIADDihatiRakyat
#TNIADPrima
#TNIAD",Kodam XVIII/Kasuari
@takalar_kodim,2025-03-22 07:52,"Babinsa Koramil 1426-04/Galesong, Laksanakan Pendampingan Kegiatan Posyandu Penimbangan Balita 

#tniad
#dispenad
#puspentni
#TNIindonesia
#kodam14hasanuddin
#korem141toddopuli",Kodim_Takalar
@KodamKasuari,2025-03-22 07:51,"Babinsa Kowad Koramil 1801-01/Manokwari Kodim 1801/Manokwari Serda (K) Gressella Manauw ditengah-tengah kegiatannya dalam tugas pembinaan wilayah, menyempatkan waktu untuk memberikan materi wawasan kebangsaan

#TNIADbekerjadenganhati
#TNIADDihatiRakyat
#TNIADPrima
#TNIAD",Kodam XVIII/Kasuari
@kodam_mlw,2025-03-22 07:11,"Samarinda – Kepala Staf Angkatan Darat (Kasad), Jenderal TNI Maruli Simanjuntak, M.Sc., beserta rombongan melaksanakan kunjungan kerja ke Makorem 091/ASN, Samarinda, pada Jumat (21/03/25). 

#kodamvimulawarman
#tniad
#tniprima",Kodam VI/Mulawarman
@tni_ad,2025-03-22 07:08,"SAFARI RAMADHAN DI KOREM 091/ASN

#TNIAD
#TNIADBerjuangBersamaRakyat
#TNIADBekerjaDenganHati
#TNIADdihatiRakyat
#TNIADPrima

instagram.com/reel/DHfgnikSC…",TNI AD
@kodim1418mamuju,2025-03-22 07:00,"“Babinsa Kodim 1418-01/Mamuju Bersama Warga Gelar Karya Bakti Bersihkan Saluran Air di  Jalan Husni Thamrin”

#tniad
 #dispenad
 #puspentni
 #TNIindonesia
 #kodam14hasanuddin",Kodim1418/Mamuju
@tni_ad,2025-03-22 06:47,"PENGARAHAN KASAD DI KOREM 091/ASN

#TNIAD
#TNIADBerjuangBersamaRakyat
#TNIADBekerjaDenganHati
#TNIADdihatiRakyat
#TNIADPrima 

instagram.com/reel/DHfdwmdSi…",TNI AD
@Kodim_Tator,2025-03-22 06:18,"Babinsa Koramil 1414-02/Rantepao Pelda Raba Sarawa melaksanakan kegiatan ketahanan pangan bersama Masyarakat binaan di Lembang/Desa Saloso Kec. Rantepao Kab. Toraja Utara.
Sabtu, 22/03/2025

#tniad
#dispenad
#puspentni
#TNIindonesia
#kodam14hasanuddin",Kodim Tator
@Kodim_Tator,2025-03-22 06:17,"Babinsa Koramil 1414-09/Saluputti Sertu Yohanis Tandi melaksanakan komsos bersama Masyarakat binaan di kantor Lembang/Desa Palesan Kec. Rembon Kab. Tana Toraja.
Sabtu, 22/03/2025

#tniad
#dispenad
#puspentni
#TNIindonesia
#kodam14hasanuddin",Kodim Tator
@tni_ad,2025-03-22 06:16,"KUNJUNGAN KERJA KASAD KE MAKODAM XIII/MERDEKA
instagram.com/p/DHfagJ3tqH-/

#TNIAD
#TNIADBerjuangBersamaRakyat
#TNIADBekerjaDenganHati
#TNIADdihatiRakyat
#TNIADPrima",TNI AD
@Kodim_Tator,2025-03-22 06:16,"Personil Koramil 1414-02/Rantepao gotong royong bersama dengan masyarakat setempat melaksanakan pembersihan lingkungan bertempat di Kel. Tantanan, Kec. Tallunglipu, Kab. Toraja Utara.
Sabtu, 22/03/2025

#tniad
#dispenad
#puspentni
#TNIindonesia
#kodam14hasanuddin",Kodim Tator
@WajoKodim,2025-03-22 05:36,"Babinsa Koramil 1406-10/Pitumpanua Ajak Warga Dusun Langkenna Jaga Keamanan dan Ketertiban
#tniad
#dispenad
#puspentni
#TNIindonesia
#kodam14hasanuddin
#korem141toddopuli",Kodim Wajo
@WajoKodim,2025-03-22 05:35,"Babinsa Koramil 1406-09/Sajoanging Imbau Warga Desa Barangmamase Cegah Balapan Liar
#tniad
#dispenad
#puspentni
#TNIindonesia
#kodam14hasanuddin
#korem141toddopuli",Kodim Wajo
@WajoKodim,2025-03-22 05:34,"Babinsa Koramil 1406-08/Sabbangparu Pantau Perkembangan Tanaman Padi di Desa Salotengnga
#tniad
#dispenad
#puspentni
#TNIindonesia
#kodam14hasanuddin
#korem141toddopuli",Kodim Wajo
@WajoKodim,2025-03-22 05:33,"Babinsa Koramil 1406-07/Takkalalla Dampingi Petani Panen Padi di Kelurahan Peneki
#tniad
#dispenad
#puspentni
#TNIindonesia
#kodam14hasanuddin
#korem141toddopuli",Kodim Wajo
@WajoKodim,2025-03-22 05:32,"Babinsa Koramil 1406-06/Pammana Ajak Warga Desa Lampulung Perkuat Iman dan Kerja Keras di Bulan Ramadhan
#tniad
#dispenad
#puspentni
#TNIindonesia
#kodam14hasanuddin
#korem141toddopuli",Kodim Wajo
@WajoKodim,2025-03-22 05:32,"Babinsa Koramil 1406-05/Majauleng Diskusikan Musim Tanam Bersama Petani di Desa Tua
#tniad
#dispenad
#puspentni
#TNIindonesia
#kodam14hasanuddin
#korem141toddopuli",Kodim Wajo
@WajoKodim,2025-03-22 05:32,"Babinsa Koramil 1406-04/Belawa Gelar Patroli Gabungan Cegah Penggunaan Alat Tangkap Ikan Terlarang
#tniad
#dispenad
#puspentni
#TNIindonesia
#kodam14hasanuddin
#korem141toddopuli",Kodim Wajo
@WajoKodim,2025-03-22 05:32,"Babinsa Koramil 1406-02/Tanasitolo Dampingi Panen Padi dan Serap Gabah di Mappadaelo
#tniad
#dispenad
#puspentni
#TNIindonesia
#kodam14hasanuddin
#korem141toddopuli",Kodim Wajo
@WajoKodim,2025-03-22 05:32,"Babinsa Koramil 1406-01/Tempe Ajak Buruh di Padduppa Perhatikan Keselamatan Kerja
#tniad
#dispenad
#puspentni
#TNIindonesia
#kodam14hasanuddin
#korem141toddopuli",Kodim Wajo
@WajoKodim,2025-03-22 05:32,"Koramil 1406-03/Maniangpajo Gelar Karya Bhakti, Bersihkan Saluran Air dan Pangkas Ranting Pohon di Kelurahan Dualimpoe
#tniad
#dispenad
#puspentni
#TNIindonesia
#kodam14hasanuddin
#korem141toddopuli",Kodim Wajo
@Kodam12Tpr,2025-03-22 03:17,"Ayo hadiri acara Bazar Murah menyambut Hari Raya Idul Fitri 1446 H di Lapangan Tidayu Kodam XII/Tanjungpura, tanggal 25 Maret 2025 pukul 08.00 pagi hingga selesai.

#TNI #TNIAD #tniadberjuangbersamarakyat #kodamtanjungpura",Kodam Tanjungpura
@1420_sidrap,2025-03-22 03:02,"Berkah Ramadhan, Koramil 1420-05/Dua Pitue bersama Komunitas Ompreng Family Bagikan Takjil.
Jumat (21/03/2025)

#tniad
#dispenad
#puspentni
#TNIindonesia
#kodam14hasanuddin
#korem141toddopuli",Kodim 1420 Sidrap
@1420_sidrap,2025-03-22 02:59,"Koramil 1420-03/Maritengngae  yang dipimpin oleh Pelda Muhammad Yunus melaksanakan kegiatan Karya Bhakti di desa Tallumae Kec.Watang Sidenreng Kab.Sidrap, pada hari Sabtu (22/03/2025). 

#tniad
#dispenad
#puspentni
#TNIindonesia
#kodam14hasanuddin
#korem141toddopuli",Kodim 1420 Sidrap
@kodimainjai,2025-03-22 02:40,"Babinsa Bulukamase Koramil 1424-05/Sinjai Selatan Kodim 1424/Sinjai Gelar Karya Bakti Pembersihan Jalan di Dusun Bola Desa Bulukamase Kec. Sinjai Selatan Kab. Sinjai

#tniad
#dispenad
#puspentni
#TNIindonesia
#kodam14hasanuddin",Kodim 1424 Sinjai
@kodimainjai,2025-03-22 02:35,"Bamin Tuud Koramil 05/Sinjai Borong Kodim 1424/Sinjai Komsos Hadiri Acara Syukuran dan Buka Bersama Atas Selesainya Ujian Madrasah MA Al Ikhwan Pasir Putih di Kec. Sinjai Borong Kab. Sinjai

#tniad
#dispenad
#puspentni
#TNIindonesia
#kodam14hasanuddin",Kodim 1424 Sinjai
@kodimainjai,2025-03-22 02:31,"Babinsa Turungan Baji Koramil 02/Sinjai Barat Kodim 1424/Sinjai Komsos Dengan Tokoh Masyarakat bertempat di Dusun Cakkelembang Desa Turungan Baji Kec. Sinjai Barat Kab. Sinjai

#tniad
#dispenad
#puspentni
#TNIindonesia
#kodam14hasanuddin",Kodim 1424 Sinjai
@kodimainjai,2025-03-22 02:26,"Babinsa Kampala Koramil 04/Sinjai Timur Kodim 1424/Sinjai Dampingi Pemantauan Tanaman Padi Milik Petan di Dusun Kolasa Desa Kampala Kec. Sinjai Timur Kab. Sinjai

#tniad
#dispenad
#puspentni
#TNIindonesia
#kodam14hasanuddin",Kodim 1424 Sinjai
@kodimainjai,2025-03-22 02:21,"Babinsa Kalobba Pos Ramil 05/Tellulimpoe Kodim 1424/Sinjai Komsos Dampingi Penyaluran Bantuan Langsung Tunai Dana Desa di Kantor Desa Kalobba Kec. Tellulimpoe Kab. Sinjai

#tniad
#dispenad
#puspentni
#TNIindonesia
#kodam14hasanuddin",Kodim 1424 Sinjai
@kodimainjai,2025-03-22 02:16,"Babinsa Saotengnga Koramil 03/Sinjai Tengah Kodim 1424/Sinjai Komsos Bantu Pengecoran Pondasi Kios Milik Warga di Dusun Manimpahoi Desa Saotengnga Kec. Sinjai Tengah Kab. Sinjai

#tniad
#dispenad
#puspentni
#TNIindonesia
#kodam14hasanuddin",Kodim 1424 Sinjai
@kodimainjai,2025-03-22 02:12,"Babinsa Sangiasseri Koramil 05/Sinjai Selatan Kodim 1424/Sinjai Komsos Bersama Warga Binaan di Lingk. Caile Kel. Sangiasseri Kec. Sinjai Selatan Kab. Sinjai

#tniad
#dispenad
#puspentni
#TNIindonesia
#kodam14hasanuddin",Kodim 1424 Sinjai
@kodimainjai,2025-03-22 01:59,"Babinsa Koramil 04/Sinjai Timur Kodim 1424/Sinjai Dampingi Petani dalam Panen Jagung Program PKTD di Dusun Rombo, Desa Saukang, Kecamatan Sinjai Timur, Kabupaten Sinjai, Sabtu (22/03/2025)

#tniad
#dispenad
#puspentni
#TNIindonesia
#kodam14hasanuddin",Kodim 1424 Sinjai
@kodimainjai,2025-03-22 01:50,"Babinsa Pattongko Pos Ramil 05/Tellulimpoe Kodim 1424/Sinjai Dampingi Bulog Sinjai Lakukan Penyerapan Gabah Milik Petani di Dusun Pakka Desa Pattongko Kec. Tellulimpoe Kab. Sinjai.

#tniad
#dispenad
#puspentni
#TNIindonesia
#kodam14hasanuddin",Kodim 1424 Sinjai
@kodimainjai,2025-03-22 01:46,"Danramil 1424-05/Sinjai Selatan Kodim 1424/Sinjai Komsos Hadiri Giat Musrenbang Penyusunan RKPD Kab Sinjai TA 2026 di Aula Kantor Kec Sinjai Selatan Jl. Persatuan Raya Kel. Sangiaseri Kec. Sinjai Selatan Kab. Sinjai.

#tniad
#dispenad
#puspentni
#TNIindonesia
#kodam14hasanuddin",Kodim 1424 Sinjai
@kodimainjai,2025-03-22 01:39,"Babinsa Lembang Lohe Pos Ramil 05/Tellulimpoe Kodim 1424/Sinjai Dampingi Penyaluran Bantuan Benih Jagung Hibrida Kepada Petani di Dusun Tippulue Desa Lembang Lohe Kec. Tellulimpoe Kab. Sinjai

#tniad
#dispenad
#puspentni
#TNIindonesia
#kodam14hasanuddin",Kodim 1424 Sinjai
@kodimainjai,2025-03-22 01:32,"Babinsa Samaenre Koramil 03/Sinjai Tengah Kodim 1424/Sinjai Pantau Perkembangan Tanaman Padi Milik Petani di Lonra I Kel. Samaenre Kec. Sinjai Tengah Kab. Sinjai

#tniad
#dispenad
#puspentni
#TNIindonesia
#kodam14hasanuddin",Kodim 1424 Sinjai
@kodimainjai,2025-03-22 01:27,"Babinsa Sukamaju Pos Ramil 05/Tellulimpoe Kodim 1424/Sinjai Dampingi Penyerapan Gabah Milik Petani di Dusun Banoa Desa Sukamaju Kec. Tellulimpoe Kab. Sinjai

#tniad
#dispenad
#puspentni
#TNIindonesia
#kodam14hasanuddin",Kodim 1424 Sinjai
@kodimainjai,2025-03-22 01:22,"Babinsa Bontosalama Koramil 02/Sinjai Barat Kodim 1424/Sinjai Laksanakan Safari Ramadhan di Masjid Miftahussalam  Dusun Lembang Desa Bontosalama Kec. Sinjai Barat Kab. Sinjai

#tniad
#dispenad
#puspentni
#TNIindonesia
#kodam14hasanuddin",Kodim 1424 Sinjai
@kodimainjai,2025-03-22 01:13,"Dandim 1424/Sinjai Hadiri Safari Ramadhan di Kecamatan Sinjai Selatan Kabupaten Sinjai.

#tniad
#dispenad
#puspentni
#TNIindonesia
#kodam14hasanuddin",Kodim 1424 Sinjai
@takalar_kodim,2025-03-22 00:43,"Jelang Buka Puasa, Koramil 1426-07/Pattallassang Bagi-bagi Takjil Kepada Para Pengguna Jalan 

#tniad
#dispenad
#puspentni
#TNIindonesia
#kodam14hasanuddin
#korem141toddopuli",Kodim_Takalar
@takalar_kodim,2025-03-22 00:33,"Cipta Kondisi Jelang Lebaran, Personel Koramil 1426-04/Galesong Laksanakan Patroli Pada Malam Hari  

#tniad
#dispenad
#puspentni
#TNIindonesia
#kodam14hasanuddin",Kodim_Takalar
@korem091asn,2025-03-21 23:35,"Kunker ke Korem 091/ASN, Kasad: Jalani Hidup dengan Iman dan Rasa Syukur
#tniprima #profesional #responsif #integratif #modern #adaptif #tniadmengabdidanmembangunbersamarakyat #tentararakyat #infokomando #tniad #korem091asn #korem091 #bersamarakyattnikuat",KOREM 091/ASN
@kodam_mlw,2025-03-21 22:48,"Tabalong - Indahnya Ramadhan 1446 H, Koramil 1008-04/Tanta Berbagi Takjil di Halaman Makoramil 1008-04/Tanta, Jumat (21/03/25).

#kodamvimulawarman 
#tniad
#tniprima
#marhabanyaramadhan",Kodam VI/Mulawarman
@kodam_mlw,2025-03-21 22:36,"Barito Kuala - Indahnya Ramadhan 1446 H, Kodim 1005/Barito Kuala Berbagi Takjil Kepada Masyarakat Sekitar, Jumat (21/03/25).

#kodamvimulawarman 
#tniad
#tniprima
#marhabanyaramadhan",Kodam VI/Mulawarman
@tni_ad,2025-03-21 21:29,"TNI ANGKATAN DARAT, BERBAGI BERKAH SAHUR DI MASJID ISTIQLAL
instagram.com/p/DHefeTJM3Kj/

#TNIAD
#TNIADBerjuangBersamaRakyat
#TNIADBekerjaDenganHati
#TNIADdihatiRakyat
#TNIADPrima",TNI AD
@korem091asn,2025-03-21 20:54,"Kunker ke Korem 091/ASN, Kasad: Jalani Hidup dengan Iman dan Rasa Syukur #tniprima #profesional #responsif #integratif #modern #adaptif #tniadmengabdidanmembangunbersamarakyat #tentararakyat #infokomando #tniad #korem091asn #korem091 #bersamarakyattnikuat",KOREM 091/ASN
@kodim_jeneponto,2025-03-21 20:45,"Tebar Kebahagiaan dan Raih Keberkahan Di Bulan Suci Ramadhan

#tni 
#tniindonesia 
#puspentni 
#tniad 
#kodam14hasanuddin 
#korem141toddopuli",Kodim_Jeneponto
@kodim_jeneponto,2025-03-21 20:38,"Dukung Ketahanan Pangan, Babinsa Turun Ke Lapangan Dampingi Petani

#tni 
#tniindonesia 
#puspentni 
#tniad 
#kodam14hasanuddin 
#korem141toddopuli 
#petanimilineal",Kodim_Jeneponto
@kodim_jeneponto,2025-03-21 20:04,"Koramil 1425-01/Binamu Berbagi Kebahagiaan Di Bulan Suci Ramadhan. Jum'at, 21/03/2025.

#tni
#tniindonesia
#puspentni
#tniad
#kodam14hasanuddin
#korem141toddoppuli
#tnimanunggalrakyat",Kodim_Jeneponto
@sambar_pers,2025-03-21 16:46,"Melalui Bintara Pembina Desa (Babinsa) Koramil 0509-07/Cikarang dan Ketertiban Masyarakat (Bhabinkamtibmas) Desa Sukaraya, Kacamatan Karang Bahagia, Kabupaten Bekasi, Jawa Barat.

#polripresisi #humaspolri #humaspoldajabar #tniad",Sambar.id
@Jurnalpatroli_,2025-03-21 16:30,"jurnalpatrolinews.co.id/pusp…
Panglima TNI Jenderal TNI Agus Subiyanto bersama Menteri Pertahanan RI Sjafrie Sjamsoeddin menghadiri Rapat Paripurna DPR RI ke-15 Masa Persidangan II #ruutni #tniad #tni #kemhan #dprri #PanglimaTNI",JurnalPatroliNews
@Jurnalpatroli_,2025-03-21 16:23,"jurnalpatrolinews.co.id/pusp…  Kepala Staf Angkatan Darat (Kasad) Jenderal TNI Maruli Simanjuntak, M.Sc., meninjau langsung kegiatan pembersihan Danau Tondano di Kabupaten Minahasa #tniad #tniad #kasad #dispenad #minahasa #manadoviral",JurnalPatroliNews
@AlorKodim,2025-03-21 14:27,"Dandim 1622/Alor Beri Arahan Dan Motivasi Kepada Casis Bintara dan Tamtama TNI AD

Penulis : IsraelAriyanto
(Pendim1622/Alor)
#tniad 
#tniprima 
#tnibersamarakyat 
#tnidihatirakyat 
#prajaraksakaperdulirakyat

Cek berita selengkapnya disini>>
suararossa.com/dandim-1622-a…",Kodim 1622 Alor
@Kodam12Tpr,2025-03-21 13:31,"Berbincang Tentang Kesehatan Bersama Kepala Kesehatan Kodam XII/Tanjungpura. Saksikan selengkapnya di Chanel YouTube Kodam XII/Tanjungpura.

#TNI #TNIAD #tniadberjuangbersamarakyat #kodamtanjungpura #tanjungpurapodcast",Kodam Tanjungpura
@kodimbone,2025-03-21 13:22,"Edukasi Masyarakat Hadirkan Lingkungan Bersih, Dandim 1407/Bone Pimpin Karya Bakti TNI
#tniad
#puspentni
#TNIindonesia
#kodam14hasanuddin

Selengkapnya>>>

piped.video/6PWePkSsUDk",kodimbone
@kodim1418mamuju,2025-03-21 10:11,"“Pangdam XIV/Hasanuddin Laksanakan Kunjungan Kerja di Makorem 142/Tatag”
 
 #tniad
 #dispenad
 #puspentni
 #TNIindonesia
 #kodam14hasanuddin",Kodim1418/Mamuju
@tni_ad,2025-03-21 09:40,"KUNJUNGAN KERJA KASAD MENINJAU DANAU TONDANO
instagram.com/reel/DHdN3Jbv5…

#TNIAD
#TNIADBerjuangBersamaRakyat
#TNIADBekerjaDenganHati
#TNIADdihatiRakyat
#TNIADPrima",TNI AD
@jereee345,2025-03-21 08:35,"Terungkap! Fakta di balik senjata rakitan yang gagal total. Selongsong ‘bicara’, tapi apa yang sebenarnya terjadi? Simak selengkapnya di video ini!

#SenjataRakitan #FaktaTerbongkar #Investigasi #Viral #BeritaTerkini #PanglimaTNI #TNIAD #Komisi1""",Jeremi
@1420_sidrap,2025-03-21 07:41,"Babinsa  Koramil 1420-02/Tellu Limpoe  bersama  warga gotong royong bersihkan lingkungan.
Jumat (21/03/2025).

#tniad
#dispenad
#puspentni
#TNIindonesia
#kodam14hasanuddin
#korem141toddopuli",Kodim 1420 Sidrap
@takalar_kodim,2025-03-21 07:30,"Sukseskan Ketahanan Pangan, Babinsa Koramil 1426-01/Polut Pendampingan Petani Panen Padi 

#tniad
#dispenad
#puspentni
#TNIindonesia
#kodam14hasanuddin
#korem141toddopuli",Kodim_Takalar
@PapuaWahananews,2025-03-21 07:25,Jaringan Damai Papua (JDP) Menolak Tegas Lakukan Revisi Undang-Undang TNI papua.wahananews.co/serba-se… #TNIAD #TNI #prabowobersihbersih,WAHANANEWS PAPUA
@hotbertpurba,2025-03-21 07:24,Jaringan Damai Papua (JDP) Menolak Tegas Lakukan Revisi Undang-Undang TNI papua.wahananews.co/serba-se… #TNIAD  #TNI #prabowobersihbersih,HOTBERT PURBA
@aceh_antaranews,2025-03-21 07:24,"senjata yang diserahkan masyarakat berupa satu pucuk senjata SS1 lengkap beserta tiga magasin, satu pucuk pistol rakitan beserta satu magasin dan tiga puluh butir amunisi kaliber 5,56 mm, serta dua buah granat tangan jenis nanas #senjataapi #TNIAD

aceh.antaranews.com/berita/3…",ANTARA Aceh
@KodamKasuari,2025-03-21 07:22,"Rutin Melaksanakan Komsos di wilayah binaan Babinsa Koramil 1803-01/Fakfak Serka Ramli melaksanakan kegiatan sosialisasi penerimaan prajurit TNI bersama warga desa binaan nya,  yang bertempat di Kelurahan Fakfak Utara

#TNIADbekerjadenganhati
#TNIADDihatiRakyat
#TNIADPrima
#TNIAD",Kodam XVIII/Kasuari
@takalar_kodim,2025-03-21 06:44,"Koramil 1426-07/Pattallassang Bersama Masyarakat Kerja Bakti Bersihkan Saluran Air 

#tniad
#dispenad
#puspentni
#TNIindonesia
#kodam14hasanuddin
#korem141toddopuli",Kodim_Takalar
@puspom_tni_ad,2025-03-21 06:24,"Danpomdam XII/Tpr Hadiri Rakor Lintas Sektoral Operasi Kepolisian Terpusat ""Ketupat Kapuas 2025""

#tniadprima 
#tniadmengabdimembangunbersamarakyat 
#tniad 
#pomdamxiitpr",puspom_tni_ad
@puspom_tni_ad,2025-03-21 06:13,"Pomdam XVIII/Kasuari Laksanakan Operasi Gakrik Lalin Di Wilayah Kab. Manokwari

#tniadprima 
#tniadmengabdimembangunbersamarakyat 
#tniad 
#pomdamkasuari",puspom_tni_ad
@puspom_tni_ad,2025-03-21 06:05,"Pomdam XIII/Mdk Laksanakan Walakir Kunjungan Kerja Menhan RI beserta rombongan di Wilayah Manado.

#tniadprima 
#tniadmengabdimembangunbersamarakyat 
#tniad 
#pomdamxiiimerdeka",puspom_tni_ad
@kodamhasanuddin,2025-03-21 06:02,"Kasdam XIV/Hsn Ikuti Rakor Pilkada Ulang dan Pemungutan Suara Ulang Hasil Pemilukada Serentak tahun 2024 Secara Vicon

 ""Rapat Koordinasi Nasional: Pastikan Pilkada Ulang dan PSU Berjalan Lancar""

#tniad
#dispenad
#puspentni
#TNIindonesia",Kodam Hasanuddin
@WajoKodim,2025-03-21 05:34,"Babinsa Koramil 1406-10/Pitumpanua Ajak Warga Tingkatkan Iman dan Kebersamaan di Bulan Ramadhan
#tniad
#dispenad
#puspentni
#TNIindonesia
#kodam14hasanuddin
#korem141toddopuli",Kodim Wajo
@WajoKodim,2025-03-21 05:33,"Babinsa Koramil 1406-09/Sajoanging Koordinasi dengan Tokoh Masyarakat Bahas Keamanan dan Ketertiban
#tniad
#dispenad
#puspentni
#TNIindonesia
#kodam14hasanuddin
#korem141toddopuli",Kodim Wajo
@WajoKodim,2025-03-21 05:32,"Babinsa Koramil 1406-08/Sabbangparu Dampingi Kegiatan Posyandu di Desa Ugi
#tniad
#dispenad
#puspentni
#TNIindonesia
#kodam14hasanuddin
#korem141toddopuli",Kodim Wajo
@WajoKodim,2025-03-21 05:31,"Babinsa Koramil 1406-07/Takkalalla Dampingi Petani dalam Panen Padi di Kelurahan Bocco
#tniad
#dispenad
#puspentni
#TNIindonesia
#kodam14hasanuddin
#korem141toddopuli",Kodim Wajo
@WajoKodim,2025-03-21 05:30,"Babinsa Koramil 1406-06/Pammana Jalin Komunikasi dengan Ibu Rumah Tangga di Desa Wecudai
#tniad
#dispenad
#puspentni
#TNIindonesia
#kodam14hasanuddin
#korem141toddopuli",Kodim Wajo
@WajoKodim,2025-03-21 05:30,"Babinsa Koramil 1406-05/Majauleng Ajak Warga Jaga Kebersihan Lingkungan
#tniad
#dispenad
#puspentni
#TNIindonesia
#kodam14hasanuddin
#korem141toddopuli",Kodim Wajo
@media_center10,2025-03-21 05:29,"TRADISI PEMBARETAN, SIMBOL KEHORMATAN PRAJURIT INFANTERI DALAM PENUTUPAN LATIHAN YUDDHAWASTU PRAMUKA
#TNI #Indonesia #tniprima #TNIAD",Rindam IX Udayana
@WajoKodim,2025-03-21 05:29,"Babinsa Koramil 1406-04/Belawa Bantu Warga Bersihkan Jalan dari Material Sirtu
#tniad
#dispenad
#puspentni
#TNIindonesia
#kodam14hasanuddin
#korem141toddopuli",Kodim Wajo
@WajoKodim,2025-03-21 05:28,"Babinsa Koramil 1406-03/Maniangpajo Ajak Tokoh Pemuda Jaga Keamanan dan Ketertiban
#tniad
#dispenad
#puspentni
#TNIindonesia
#kodam14hasanuddin
#korem141toddopuli",Kodim Wajo
@Kodim_Tator,2025-03-21 05:25,"Babinsa Koramil 1414-01/Makale Serda Silvester melaksanakan kegiatan ketahanan pangan bersama Masyarakat binaan di Kel. Lapandan Kec. Makale Kab. Tana Toraja.
Jumat, 21/03/2025

#tniad
#dispenad
#puspentni
#TNIindonesia
#kodam14hasanuddin",Kodim Tator
@Kodim_Tator,2025-03-21 05:24,"Babinsa Koramil 1414-02/Rantepao Pelda Raba Sarawa melaksanakan komsos bersama Masyarakat binaan di Lembang/Desa Limbong Kec. Rantepao Kab. Toraja Utara.
Jumat, 21/03/2025

#tniad
#dispenad
#puspentni
#TNIindonesia
#kodam14hasanuddin",Kodim Tator
@Kodim_Tator,2025-03-21 05:24,"Personil Koramil 1414-01/Makale gotong royong bersama masyarakat melaksanakan pembersihan ruas jalan poros bertempat Kel. Kampen, Kec. Makale, Kab. Tana Toraja, 
Jumat, 21/03/2025

#tniad
#dispenad
#puspentni
#TNIindonesia
#kodam14hasanuddin",Kodim Tator
@WajoKodim,2025-03-21 05:23,"Babinsa Koramil 1406-01/Tempe Sosialisasikan Harga Serapan Gabah kepada Kelompok Tani
#tniad
#dispenad
#puspentni
#TNIindonesia
#kodam14hasanuddin
#korem141toddopuli",Kodim Wajo
@WajoKodim,2025-03-21 05:22,"Koramil 1406-02/Tanasitolo Gelar Karya Bhakti di TMP Empagae untuk Jaga Kebersihan dan Kelestarian
#tniad
#dispenad
#puspentni
#TNIindonesia
#kodam14hasanuddin
#korem141toddopuli",Kodim Wajo
@kodam_mlw,2025-03-21 05:08,"Balikpapan - Indahnya Ramadhan 1446 H, Kodam VI/Mulawarman Berbagi Takjil di Halaman Makodam VI/Mulawarman, Kamis (20/03/25).

#kodamvimulawarman 
#tniad
#tniprima
#marhabanyaramadhan",Kodam VI/Mulawarman
@WajoKodim,2025-03-21 03:25,"Silaturahmi dan Buka Puasa Bersama Pramuka SWK Cabang Wajo dengan Panti Asuhan Darussalam Sengkang
#tniad
#dispenad
#puspentni
#TNIindonesia
#kodam14hasanuddin
#korem141toddopuli",Kodim Wajo
@WajoKodim,2025-03-21 03:21,"Kodim 1406/Wajo Ikuti Apel Gelar Pasukan Operasi Ketupat 2025 untuk Pengamanan Idul Fitri 1446 H
#tniad
#dispenad
#puspentni
#TNIindonesia
#kodam14hasanuddin
#korem141toddopuli",Kodim Wajo
@kodamhasanuddin,2025-03-21 03:12,"Peduli Pejuang Bangsa: Anjangsana dan Pemeriksaan Kesehatan bagi Veteran RI dan Tundayatu

#tniad
#dispenad
#puspentni
#TNIindonesia",Kodam Hasanuddin
@takalar_kodim,2025-03-21 03:06,"Personel Koramil 1426-07/Pattallassang, Safari Sholat Subuh Berjamaah di Masjid Wilayah Binaan 

#tniad
#dispenad
#puspentni
#TNIindonesia
#kodam14hasanuddin
#korem141toddopuli",Kodim_Takalar
@Cakra_Kostrad,2025-03-21 02:50,"Kokohkan Kebersamaan di Perbatasan, Satgas Pamtas Yonarmed 11 Kostrad Bantu Pembangunan Gereja
@Puspen_TNI @tni_ad @divif_1_kostrad @divif2kostrad @divif3kostrad #tni #tniad #Kostrad #Cakra   #kostradpeduli #kostradberbagi #TNIADMengabdiDanMembangunBersamaRakyat #penkostrad",Kostrad
@Cakra_Kostrad,2025-03-21 02:49,"Satgas Kontingen Garuda UNIFIL Peringati 47 Tahun Kehadiran UNIFIL di Lebanon
@Puspen_TNI @tni_ad @divif_1_kostrad @divif2kostrad @divif3kostrad #tni #tniad #Kostrad #Cakra   #kostradpeduli #kostradberbagi #TNIADMengabdiDanMembangunBersamaRakyat #penkostrad",Kostrad
@Cakra_Kostrad,2025-03-21 02:49,"Danmenarmed 1 Kostrad menghadiri Apel Gelar Pasukan Operasi Ketupat Lodaya 2025
@Puspen_TNI @tni_ad @divif_1_kostrad @divif2kostrad @divif3kostrad #tni #tniad #Kostrad #Cakra   #kostradpeduli #kostradberbagi #TNIADMengabdiDanMembangunBersamaRakyat #penkostrad",Kostrad
@Cakra_Kostrad,2025-03-21 02:48,"Pastikan Keamanan dan Ketertiban Berkendara, Yonarhanud 2 Kostrad Laksanakan Pemeriksaan Kondisi dan Surat-Surat Kendaraan
@Puspen_TNI @tni_ad   #tni #tniad #Kostrad #Cakra   #kostradpeduli #kostradberbagi #TNIADMengabdiDanMembangunBersamaRakyat #penkostrad",Kostrad
@Cakra_Kostrad,2025-03-21 02:48,"Nuzulul Qur'an : Kuatkan Aqidah, Mantapkan Ibadah dan Perbanyak Sedekah
@Puspen_TNI @tni_ad @divif_1_kostrad @divif2kostrad @divif3kostrad #tni #tniad #Kostrad #Cakra   #kostradpeduli #kostradberbagi #TNIADMengabdiDanMembangunBersamaRakyat #penkostrad",Kostrad
@Cakra_Kostrad,2025-03-21 02:48,"Brigif 13 Kostrad Gelar Aksi Berbagi Takjil On The Road
@Puspen_TNI @tni_ad @divif_1_kostrad @divif2kostrad @divif3kostrad #tni #tniad #Kostrad #Cakra   #kostradpeduli #kostradberbagi #TNIADMengabdiDanMembangunBersamaRakyat #penkostrad",Kostrad
@Cakra_Kostrad,2025-03-21 02:47,"Resimen Armed 1  Kostrad Berbagi Kebaikan Dengan Pembagian Takjil Gratis di Bulan Suci Ramadhan
@Puspen_TNI @tni_ad @divif_1_kostrad @divif2kostrad @divif3kostrad #tni #tniad #Kostrad #Cakra   #kostradpeduli #kostradberbagi #TNIADMengabdiDanMembangunBersamaRakyat #penkostrad",Kostrad
@kodimbone,2025-03-21 02:39,"Babinsa Koramil 09/Lapri Kodim 1407/Bone Serda Lukman melakukan Komunikasi Sosial (Komsos) dengan warga di wilayah binaan Desa Tungke, Kecamatan Bengo, Kabupaten Bone.
#tniad
#puspentni
#TNIindonesia
#kodam14hasanuddin",kodimbone
@kodimbone,2025-03-21 02:38,"Babinsa Koramil 09/Lapri Kodim 1407/Bone Sertu Lukman hadiri buka puasa bersama pada Bulan suci Ramadhan 1446 H/2025 M bersama Kepala Desa dan perangkat desa di Desa Walimpong, Kecamatan Bengo, Kabupaten Bone. 
#tniad
#puspentni
#TNIindonesia
#kodam14hasanuddin",kodimbone
@kodimbone,2025-03-21 02:38,"Babinsa Koramil 02/Dua Boccoe Kodim 1407/Bone Serda Hamsyar melaksanakan pendampingan kepada Bulog dalam penyerapan gabah petani di Desa Cabbeng, Kec. Dua Boccoe, Kab. Bone. 
#tniad
#puspentni
#TNIindonesia
#kodam14hasanuddin",kodimbone
@kodimbone,2025-03-21 02:37,"Danramil 1407-20/Bontocani Perlu Andi Raja Abdillah melaksanakan Komunikasi Sosial (Komsos) sembari menanti waktu berbuka puasa bersama dengan warga di Masjid Ar Rahman Pattiro, Desa Pammusureng, Kec. Bontocani, Kab. Bone. 
#tniad
#puspentni
#TNIindonesia
#kodam14hasanuddin",kodimbone
@kodimbone,2025-03-21 02:35,"Danramil 1407-20/Bontocani Perlu Andi Raja Abdillah melaksanakan Komunikasi Sosial (Komsos) sembari menanti waktu berbuka puasa bersama dengan warga di Masjid Ar Rahman Pattiro, Desa Pammusureng, Kec. Bontocani, Kab. Bone. 
#tniad
#puspentni
#TNIindonesia
#kodam14hasanuddin",kodimbone
@kodimbone,2025-03-21 02:33,"Pasca panen, Babinsa Koramil 09/Lapri Kodim 1407/Bone Kopda Sulaiman bantu petani mengupas kulit jagung di Dusun Padang Lampe, Desa Tenri Pakkua, Kecamatan Lapri, Kabupaten Bone.
#tniad
#puspentni
#TNIindonesia
#kodam14hasanuddin",kodimbone
@kodimbone,2025-03-21 02:33,"Menjadi motivator dan penggerak peduli terhadap kebersihan lingkungan,  Babinsa Koramil 1407-15/Mare bersama masyarakat lakukan kerja bakti pembersihan sisi kiri kanan jalan Desa Lapasa, Kec. Mare, Kab. Bone.
#tniad
#puspentni
#TNIindonesia
#kodam14hasanuddin",kodimbone
@kodimbone,2025-03-21 02:32,"Babinsa Koramil 1407-11/Barebbo Sertu Pirman Usti dampingi Bulog dalam proses penimbangan gabah petani guna memastikan stabilitas harga gabah serta bentuk dukungan kesejahteraan petani di Desa kajaolidong, Kec. Barebbo, Kab. Bone. 
#tniad
#TNIindonesia
#kodam14hasanuddin",kodimbone
@kodimbone,2025-03-21 02:31,"Babinsa Koramil 1407-10/Ponre dan Bhabinkamtibmas bagikan buku bacaan gratis kepada anak - anak yang berlokasi di Masjid Nurul Yaqim, Dusun Watang Ponre, Desa Salebba, Kec. Ponre, Kab. Bone. 
#tniad
#puspentni
#TNIindonesia
#kodam14hasanuddin",kodimbone
@kodimbone,2025-03-21 02:30,"Pelda Bahri Babinsa Koramil 08/Lamuru Kodim 1407/Bone mendampingi petugas UPT Puskesmas Lamuru mengecek kelayakan makanan Takjil untuk berbuka puasa, bertempat di Kel. Lalebata, Kecamatan Lamuru, Kab. Bone.
#tniad
#puspentni
#TNIindonesia
#kodam14hasanuddin",kodimbone
@kodimainjai,2025-03-21 02:29,"Babinsa Desa Lasiai Koramil 04/Sinjai Timur Kodim 1424/Sinjai Gelar Karya Bakti Pembersihan Kiri Kanan Jalan di Dusun Campaga Desa Lasiai  Kec. Sinjai Timur Kab. Sinjai

#tniad
#dispenad
#puspentni
#TNIindonesia
#kodam14hasanuddin",Kodim 1424 Sinjai
@1420_sidrap,2025-03-21 02:28,"Babinsa  Koramil 1420-02/Tellu Limpoe  bersama  warga gotong royong bersihkan lingkungan.
Jumat (21/03/2025).

#tniad
#dispenad
#puspentni
#TNIindonesia
#kodam14hasanuddin
#korem141toddopuli",Kodim 1420 Sidrap
@kodimbone,2025-03-21 02:28,"Serka Andi Rustang Anggota Koramil 13/Sibulue Kodim 1407/Bone melaksanakan gotong royong bersama warga meratakan timbunan tanah di pinggir jalan Desa Pattiro Sompe, Kecamatan Sibulue, Kabupaten Bone.
#tniad
#puspentni
#TNIindonesia
#kodam14hasanuddin",kodimbone
@kodimbone,2025-03-21 02:27,"Salah satu wujud ketahanan pangan, Babinsa Koramil 19/Kahu Kodim 1407/Bone Serda Awaluddin membantu warga memanen kacang tanah, berlokasi di Desa Pasaka, Kec. Kahu. Kab. Bone.
#tniad
#puspentni
#TNIindonesia
#kodam14hasanuddin",kodimbone
@kodimbone,2025-03-21 02:27,"Jelang buka puasa, Personel Koramil 1407-08/Lamuru bersama anggota Persit membagikan Takjil kepada Warga dan pengguna jalan di Jalan Poros Bone Soppeng Kelurahan Lalebata, Kec. Lamuru, Kab. Bone. #tniad
#puspentni
#TNIindonesia
#kodam14hasanuddin",kodimbone
@kodimbone,2025-03-21 02:26,"Babinsa Koramil 1407-13/Sibulue Sertu Sukardi.S dampingi Penyaluran BLT DD Tahap I Bulan Januari - Maret 2025 Dalam Penanganan Kerawanan Sosial dan Kemiskinan Ekstrim di Desa Sumpang Minangae, Kec. Sibulue, Kab. Bone.
#tniad
#puspentni
#TNIindonesia
#kodam14hasanuddin",kodimbone
@kodimbone,2025-03-21 02:25,"Babinsa Koramil 18/Kajuara Kodim 1407/Bone Serda Rasul melaksanakan pendampingan swasembada pangan dan memantau hasil panen padi milik petani di wilayah binaan Desa Gona, Kec. Kajuara, Kab. Bone.
#tniad
#puspentni
#TNIindonesia
#kodam14hasanuddin",kodimbone
@kodimainjai,2025-03-21 02:24,"Babinsa Sanjai Koramil 04/Sinjai Timur Kodim 1424/Sinjai Komsos Komsos Dengan Kepala Dusun Dan Tokoh Masyarakat di Dusun Bisokeng Desa Sanjai Kec. Sinjai Timur Kab. Sinjai

#tniad
#dispenad
#puspentni
#TNIindonesia
#kodam14hasanuddin",Kodim 1424 Sinjai
@kodimbone,2025-03-21 02:23,"Dalam rangka menjaga kebersihan di wilayah binaan, Anggota Koramil 1407-10/Ponre melaksanakan pembersihan pasar tradisional bersama masyarakat sekitar, berlokasi di Dusun Lonrong, Desa Pattimpa, Kec. Ponre, Kab. Bone.
#tniad
#puspentni
#TNIindonesia
#kodam14hasanuddin",kodimbone
@kodimbone,2025-03-21 02:22,"Babinsa Koramil 15/Mare Kodim 1407/Bone Sertu Ismail terus melakukan pendampingan Tim Bulog, dalam penyerapan gabah milik petani di Desa Batu Gading, Kec. Mare, Kab. Bone.
#tniad
#puspentni
#TNIindonesia
#kodam14hasanuddin",kodimbone
@kodimbone,2025-03-21 02:21,"Serda Irsan. S Babinsa Koramil 1407-05/Ulaweng melaksanakan Komunikasi Sosial (Komsos) dengan warga binaan guna meningkatkan silaturahmi bertempat di Dusun Mangile, Desa Teamalala, Kecamatan Ulaweng, Kabupaten Bone.
#tniad
#puspentni
#TNIindonesia
#kodam14hasanuddin",kodimbone
@kodimbone,2025-03-21 02:21,"Babinsa Koramil 1407-08/Lamuru Serda Kasruddin seusai melaksanakan sholat dhuha meluangkan waktunya sambangi anak - anak TPA dan melaksanakan Komsos, bertempat di Masjid Nurul Iman, Desa Seberang, Kec. Lamuru, Kab. Bone.
#tniad
#puspentni
#TNIindonesia
#kodam14hasanuddin",kodimbone
@kodimbone,2025-03-21 02:20,"Serda Mustaming Babinsa Koramil 02/Dua Boccoe Kodim 1407/Bone ikut serta mendampingi serta memonitoring pelayanan Posyandu Balita yang dilaksanakan di Posbindu Desa Tawaroe, Kecamatan Dua Boccoe, Kabupaten Bone,
#tniad
#puspentni
#TNIindonesia
#kodam14hasanuddin",kodimbone
@kodimainjai,2025-03-21 02:19,"Babinsa Tongke-Tongke Koramil 04/Sinjai Timur Kodim 1424/Sinjai Komsos Hadiri Kegiatan Musyawarah Desa  di Aula Kantor BPP Sinjai Timur Desa Tongke-Tongke Kec. Sinjai Timur Kab. Sinjai

#tniad
#dispenad
#puspentni
#TNIindonesia
#kodam14hasanuddin",Kodim 1424 Sinjai
@kodimainjai,2025-03-21 02:13,"Babinsa Sangiasseri Koramil 05/Sinjai Selatan Kodim 1424/Sinjai Komsos Hadiri Rapat Koordinasi Penetapan Lokasio Sholat Idul Fitri di Aula Kantor Kec. Sinjai Selatan Kab. Sinjai

#tniad
#dispenad
#puspentni
#TNIindonesia
#kodam14hasanuddin",Kodim 1424 Sinjai
@kodimainjai,2025-03-21 02:11,"Babinsa Sangiasseri Koramil 05/Sinjai Selatan Kodim 1424/Sinjai Komsos Hadiri Rapat Koordinasi Penetapan Lokasio Sholat Idul Fitri  di Aula Kantor Kec. Sinjai Selatan Kab. Sinjai

#tniad
#dispenad
#puspentni
#TNIindonesia
#kodam14hasanuddin",Kodim 1424 Sinjai
@KarnusCare,2025-03-21 02:10,"⚠️Pertahanan bangsa Indonesia mulai terancam⚠️

#KonsepKarnus
#TokoKarnus
#NutrisiSel
#Algatea
#AGSereal 
#AGKarnus 
#caracerdasuntuksehat
#kanker
#cancer
#jantung
#jantungkoroner
#tniad
#tnial
#tniau
#tni",Karnus Care
@kodimainjai,2025-03-21 02:05,"Babinsa Aska Koramil 05/Sinjai Selatan Kodim 1424/Sinjai Komsos Bersama Warga Binaan bertempat di Dusun Hempengnge Desa Aska Kec. Sinjai Selatan Kab. Sinjai

#tniad
#dispenad
#puspentni
#TNIindonesia
#kodam14hasanuddin",Kodim 1424 Sinjai
@itsokey687,2025-03-21 01:55,"Babinsa Koramil 1701/12/Demta, memberikan materi wawasan kebangsaan dan pelatihan Peraturan Baris-Berbaris (PBB) kepada siswa-siswi SMP Negeri 1 Demta, di Kamp Ambora, Distrik Demta, Kab Jayapura. Kamis (20/3/2025).
#TNIAD
#TNIADBerjuangBersamaRakyat

papua.indonesiasatu.co.id/ta…",Joanna Grace
@kodimainjai,2025-03-21 01:51,"Babinsa Saukang Koramil 04/Sinjai Timur Kodim 1424/Sinjai Dampingi Petugas Kesehatan dalam Upaya Pencegahan Stunting

#tniad
#dispenad
#puspentni
#TNIindonesia
#kodam14hasanuddin",Kodim 1424 Sinjai
@N21820Garuda,2025-03-21 01:50,"ISI DARI REVISI UU TNI, PANGLIMA TNI TEGASKAN TIDAK AKAN MENGHIDUPKAN KEMBALI DWIFUNGSI ABRI #RamadanEkstraSeru #TolakRevisiUUTNI #KluivertOut #Prabowo #Indonesia #IndonesiaGelap #KaburAjaDulu #kaburduluaja  #TNI #TNIAD #TNIAL #TNIAU #MabesTNI #PalimaTNI #TolakRevisiUUTNI",SuaraBersama
@sejatidindaa,2025-03-21 01:49,"Orang orang tidak jelas

#KSTP #OPM #opmmusuhmasyarakat #OPMgallery #KKB #TolakOPM #Papua #PapuaIndonesia  #TNIAD #papuaviral  #TNIADbekerjadenganhati  #KNPB",dinda sejati
@sejatidindaa,2025-03-21 01:49,"Stop sudah bikin gerakan tidak jelas

#KSTP #OPM #opmmusuhmasyarakat #OPMgallery #KKB #TolakOPM #Papua #PapuaIndonesia  #TNIAD #papuaviral  #TNIADbekerjadenganhati  #KNPB",dinda sejati
@Utari_Rhyu,2025-03-21 01:45,"Babinsa Koramil 1701/12/Demta, memberikan materi wawasan kebangsaan dan pelatihan Peraturan Baris-Berbaris (PBB) kepada siswa-siswi SMP Negeri 1 Demta, di Kamp Ambora, Distrik Demta, Kab Jayapura. Kamis (20/3/2025).
#TNIAD
#TNIADBerjuangBersamaRakyat

papua.indonesiasatu.co.id/ta…",Utari Rahayu
@kodimainjai,2025-03-21 01:43,"Babinsa Lamatti Riattan Pos Ramil 01/Bulupoddo Kodim 1424/Sinjai Komsos Hadiri Musrembang Penyusunan RKPD Kab Sinjai TA 2026 di Aula Kantor Kecamatan Bulupoddo  Desa Lamatti Riattang Kec. Bulupoddo  Kab. Sinjai

#tniad
#dispenad
#puspentni
#TNIindonesia
#kodam14hasanuddin",Kodim 1424 Sinjai
@kodimainjai,2025-03-21 01:37,"Babinsa Bontosinala Koramil 06/Sinjai Borong Kodim 1424/Sinjai Hadiri Penutupan Musabaqah Tilawatil Qur'an (MTQ) ke XXII Tingkat Desa Bontosianala Tahun 2025

#tniad
#dispenad
#puspentni
#TNIindonesia
#kodam14hasanuddin",Kodim 1424 Sinjai
@itsokey687,2025-03-21 01:36,"Satgas Yonif 715/Mtl melaksanakan kegiatan Komunikasi Sosial untuk membantu kesulitan dan mendengarkan keluhan masyarakat binaan di sekitar Talilime Distrik Mulia, Puncak Jaya, Papua, Kamis (20/03/2025).
#TNIAD
#TNIADBerjuangBersamaRakyat

portal-komando.com/2025/03/s…",Joanna Grace
@itsokey687,2025-03-21 01:35,"Satgas Pamtas Mobile Yonif 700/Wyc kembali menunjukkan kepedulian kepada masyarakat Papua dengan melaksanakan aksi sosial pembersihan Gereja Injili III Bukit Sion Sinak, Kab Puncak Jaya, pada Kamis (20/3/2025).
#TNIAD
#TNIADBerjuangBersamaRakyat

papua.indonesiasatu.co.id/bh…",Joanna Grace
@Utari_Rhyu,2025-03-21 01:33,"Satgas Pamtas Mobile Yonif 700/Wyc kembali menunjukkan kepedulian kepada masyarakat Papua dengan melaksanakan aksi sosial pembersihan Gereja Injili III Bukit Sion Sinak, Kab Puncak Jaya, pada Kamis (20/3/2025).
#TNIAD
#TNIADBerjuangBersamaRakyat

papua.indonesiasatu.co.id/bh…",Utari Rahayu
@kodimainjai,2025-03-21 01:31,"Babinsa Palangka Koramil 05/Sinjai Selatan Kodim 1424/Sinjai Komsos Hadiri Acara Buka Puasa Bersama di Masjid Nurkhalifa Dusun Pao-Pao Desa Palangka Kec. Sinjai Selatan Kab. Sinjai

#tniad
#dispenad
#puspentni
#TNIindonesia
#kodam14hasanuddin",Kodim 1424 Sinjai
@kodimainjai,2025-03-21 01:25,"Dandim 1424/Sinjai, Letkol Arm Dian Akhmad Arifandi, S.E., M.Han., menghadiri acara Safari Ramadhan yang digelar di Kecamatan Bulupoddo, Kabupaten Sinjai.

#tniad
#dispenad
#puspentni
#TNIindonesia
#kodam14hasanuddin",Kodim 1424 Sinjai
@takalar_kodim,2025-03-21 01:11,"Wujudkan Swasembada Pangan, Babinsa Koramil 1426-04/Galesong Pendampingan Petani Panen Padi

#tniad
#dispenad
#puspentni
#TNIindonesia
#kodam14hasanuddin
#korem141toddopuli",Kodim_Takalar
@KodamKasuari,2025-03-21 01:03,"Komandan Kodim (Dandim) 1805/RA Letkol Czi Tri Wibowo Angga Astono menghadiri Kegiatan Apel Gelar Pasukan Dalam Rangka Operasi Ketupat Dofior Tahun 2025, Di Kab. Raja Ampat, Guna Menyambut Hari Raya Lebaran Idul Fitri Tahun 2025

#TNIADbekerjadenganhati
#TNIADDihatiRakyat
#TNIAD",Kodam XVIII/Kasuari
@kodamhasanuddin,2025-03-21 00:40,"TMMD Ke-123 Resmi Ditutup, Pangdam XIV/Hasanuddin : Upaya Pembangunan Kualitas dan Kesejahteraan Masyarakat

""Sinergi TNI dan Masyarakat: TMMD Ke-123 Sukses Tingkatkan Infrastruktur dan Kualitas Hidup""

#tniad
#dispenad
#puspentni
#TNIindonesia",Kodam Hasanuddin
@tni_ad,2025-03-20 21:38,"KASAD TUTUP TMMD KE-123 TA 2025 DI MOROWALI, SULAWESI TENGAH
instagram.com/reel/DHb7MeGSQ…

#TNIAD
#TNIADBerjuangBersamaRakyat
#TNIADBekerjaDenganHati
#TNIADdihatiRakyat
#TNIADPrima",TNI AD
@ChannelRedaksi,2025-03-20 20:03,"Penutupan TMMD ke 123, Danlanudal Biak Jadi Saksi Serahkan 10 Unit Kunci Rumah kepada Warga bacaberita.id/penutupan-tmmd… 
#TMMD #TNI #TNIAD #IndonesiaGelap #Mahasiswa #RUUTNISesuaiReformasi #TolakRevisiUUTNI #TolakDwifungsiABRI #TolakUUTNI #TolakDwifungsiTNI #PeringatanDarurat #TNIAU",bacaberita.id
@KodamJayakarta,2025-03-20 20:02,"Safari Ramadhan Kodim 0506/Tangerang

#tniad #tniadprima #kodamjaya",Kodam Jaya/Jayakarta
@KodamJayakarta,2025-03-20 20:00,"Pangdam Jaya : Sayangi anakmu, Sayangi istrimu Jalin keluarga yang Harmonis karena itu akan mendatangkan rezki

#tniad #tniadprima #kodamjaya",Kodam Jaya/Jayakarta
@ChannelRedaksi,2025-03-20 19:39,"Satgas Yonif 641/Bru Bagikan Selimut Kepada Warga Kampung Eroma bacaberita.id/satgas-yonif-6…
#TNI #tniad #papua #Indonesia #IndonesiaGelap #RUUTNI #RUUTNIPerkuatNKRI #TolakRevisiUUTNI #TolakDwifungsiABRI #TolakUUTNI #TolakDwifungsiTNI #mahasiswa #TolakRUUTNI",bacaberita.id
@ChannelRedaksi,2025-03-20 19:25,"Satgas Yonif 642 Bantu Masyarakat Perbaiki Jalan Kampung di Teluk Bintuni bacaberita.id/satgas-yonif-6… 
#TNI #TNIProfesional #tniad #Papua #papuankri #TolakRevisiUUTNI #IndonesiaGelap #TolakDwifungsiABRI #PeringatanDarurat #TolakDwifungsiTNI #RUUTNI #RUUTNISesuaiReformasi",bacaberita.id
@ChannelRedaksi,2025-03-20 19:11,"TMMD ke 123 Natuna , Bazar Murah dan Baksos Kes ‘Diserbu’Ratusan Warga bacaberita.id/tmmd-ke-123-ba…
#TMMD #tni #tniad #Indonesia #Mahasiswa #TolakRevisiUUTNI #TolakDwifungsiTNI #PeringatanDarurat #IndonesiaGelap #RUUTNI #RUUTNISesuaiReformasi #TolakDwifungsiTNI",bacaberita.id
@ChannelRedaksi,2025-03-20 18:55,"Resmi Tutup TMMD ke-123 di Morowali, Kasad: TNI Hadir untuk Pembangunan dan Kesejahteraan Rakyat bacaberita.id/resmi-tutup-tm…
#TNI #tniad #TMMD #Mahasiswa #PeringatanDarurat #IndonesiaGelap #TolakRevisiUUTNI #RUUTNI #RUUTNIPerkuatNKRI #RUUTNISesuaiReformasi #TolakDwifungsiTNI",bacaberita.id
@kodim1418mamuju,2025-03-20 16:20,"Pangdam XIV/Hasanuddin Kunjungi Kodim 1418/Mamuju, Gelar Baksos untuk Tukang Becak

#tniad
#dispenad
#puspentni
#TNIindonesia
#kodam14hasanuddin",Kodim1418/Mamuju
@kodim1418mamuju,2025-03-20 16:18,"“Pangdam XIV/Hasanuddin Tinjau Ketahanan Pangan Korem 142/Tatag Dan Kodim 1418/Mamuju, Dukung Swasembada Pangan Nasional”

#tniad 
 #dispenad 
 #puspentni 
 #TNIindonesia
 #kodam14hasanuddin",Kodim1418/Mamuju
@AlorKodim,2025-03-20 15:18,"Dandim 1622/Alor Hadiri Apel Gelar Operasi Kepolisian Terpusat “KETUPAT” 2025.

Penulis: FaisalMuhammad 
(Pendim1622/Alor)
#tniad 
#tniprima 
#tnibersamarakyat 
#tnidihatirakyat
#tnimengabdi 
#prajaraksakaperdulirakyat
Cek berita selengkapnya disini>>
gentra.co.id/dandim-1622-alo…",Kodim 1622 Alor
@Jurnalpatroli_,2025-03-20 14:37,"jurnalpatrolinews.co.id/pusp…  Kepala Staf Angkatan Darat (Kasad) Jenderal TNI Maruli Simanjuntak, M.Sc. menegaskan komitmen TNI AD #kasad #tniad #dispenad #tni #sulteng",JurnalPatroliNews
@Jurnalpatroli_,2025-03-20 14:23,"jurnalpatrolinews.co.id/pusp… Satgas Yonif 715/Mtl melaksanakan kegiatan Komunikasi Sosial untuk membantu kesulitan dan mendengarkan keluhan masyarakat binaan di sekitar Talilime Distrik Mulia, Puncak Jaya #papua #tniad #tni #puspentni",JurnalPatroliNews
@kodam_mlw,2025-03-20 13:20,"Nunukan – Satgas Pamtas Yonarmed 11 Kostrad Gagalkan Pemberangkatan Dua CPMI Ilegal ke Malaysia di Pelabuhan Tradisional Somel, Kec. Sebatik Utara, Kab. Nunukan, Kalimantan Utara, pada Kamis (20/03/25).

#kodamvimulawarman
#tniad
#tniprima",Kodam VI/Mulawarman
@kodam_mlw,2025-03-20 13:09,"Balikpapan – Penutupan TMMD Ke-123 Tahun 2025 di Balikpapan, Kodam VI/Mulawarman Serahkan Hasil Pembangunan Untuk Masyarakat, Kamis (20/03/25).

#kodamvimulawarman
#tniad
#tniprima",Kodam VI/Mulawarman
@kodamhasanuddin,2025-03-20 11:33,"Aspers Kasdam XIV/Hasanuddin Ikuti Sosialisasi Perubahan Suku Bunga KPR TWP AD Secara Virtual

 “Sosialisasi Virtual KPR TWP AD: Langkah Strategis TNI AD dalam Penyediaan Perumahan Prajurit""

#tniad
#dispenad
#puspentni
#TNIindonesia",Kodam Hasanuddin
@kodamhasanuddin,2025-03-20 10:49,"Kasdam XIV/Hasanuddin Ikuti Puncak Acara Rakornas PB Tahun 2025 Secara Virtual

“Rakornas PB 2025 Dorong Kesiapan Daerah dalam Menghadapi Ancaman Bencana”

#tniad
#dispenad
#puspentni
#TNIindonesia",Kodam Hasanuddin
@kontekscoid,2025-03-20 10:44,"#konteksinfo - Jumlah Pasukan Tentara Indonesia Terbanyak di ASEAN! (zd)

#TNI #TNIindonesia #Tentara #TentaraIndonesia #TNIAD #TNIAL #TNIAU",Kontekscoid
@Kodim_Tator,2025-03-20 09:11,"Babinsa Koramil 1414-09/Saluputti Sertu Suhardi melaksanakan kegiatan Hanpangan tanam padi bersama maayarakat di Kelurahan Malimbong, Kec. Malimbong Balepe, Kab. Tana Toraja.
Kamis, 20/03/2025

#tniad
#dispenad
#puspentni
#TNIindonesia
#kodam14hasanuddin",Kodim Tator
@ditkumad,2025-03-20 08:35,"Ditkumad Selenggarakan Bimtek Peraturan di Lingkungan TNI AD 

#tniprima #tniad #tnikuatbersamarakyat 
#korpschk #korpshukumtniad #armylegalservice #penditkumad #bimtekperaturantniad #subditundang 

facebook.com/share/p/18kQbAt…

instagram.com/p/DHahu33ypFb/…",DITKUMAD
@1420_sidrap,2025-03-20 08:23,"Babinsa Kelurahan Rappang, Koramil 1420-06/Panca Rijang, Sertu Alimuddin, melakukan pemantauan harga dan ketersediaan bahan pokok di Pasar Sentral Rappang, Kab Sidrap, Kamis (20/3/2025).

#tniad
#dispenad
#puspentni
#TNIindonesia
#kodam14hasanuddin
#korem141toddopuli",Kodim 1420 Sidrap
@takalar_kodim,2025-03-20 08:04,"Ketua Persit KCK Cabang XXXIV Dim 1426 Koorcab Rem 141 PD XIV Hasanuddin Pimpin Ziarah Rombongan HUT Persit Ke-79

#tniad
#dispenad
#puspentni
#TNIindonesia
#kodam14hasanuddin
#korem141toddopuli",Kodim_Takalar
@takalar_kodim,2025-03-20 07:54,"Personel Koramil 1426-06/Mapsu Bersama Warga Kerja Bakti Bersihkan Selokan Dan Bahu Jalan 

#tniad
#dispenad
#puspentni
#TNIindonesia
#kodam14hasanuddin
#korem141toddopuli",Kodim_Takalar
@puspom_tni_ad,2025-03-20 07:46,"Ws. Danpuspomad Laksanakan Safari Ramadhan Di Pomdam Jaya/Jayakarta

#tniadprima 
#tniadmengabdimembangunbersamarakyat 
#tniad 
#pomdamjaya",puspom_tni_ad
@Cakra_Kostrad,2025-03-20 07:09,"Yonif 303 Kostrad Gelar Upacara Korps Pindah Satuan, Penghormatan bagi Prajurit
@Puspen_TNI @tni_ad @divif_1_kostrad @divif2kostrad @divif3kostrad #tni #tniad #Kostrad #Cakra   #kostradpeduli #kostradberbagi #TNIADMengabdiDanMembangunBersamaRakyat #penkostrad",Kostrad
@Cakra_Kostrad,2025-03-20 07:09,"Denpom Divif 2 Kostrad Menggelar Sosialisasi Safety Riding dan Safety Driving Satuan Jajaran Divif 2 Kostrad
@Puspen_TNI @tni_ad   #tni #tniad #Kostrad #Cakra   #kostradpeduli #kostradberbagi #TNIADMengabdiDanMembangunBersamaRakyat #penkostrad",Kostrad
@Cakra_Kostrad,2025-03-20 07:08,"Divisi Infanteri 1 Kostrad Gelar Peringatan Nuzulul Qur’an, Teguhkan Keimanan di Bulan Suci Ramadhan
@Puspen_TNI @tni_ad @divif_1_kostrad @divif2kostrad @divif3kostrad #tni #tniad #Kostrad #Cakra   #kostradpeduli #kostradberbagi #TNIADMengabdiDanMembangunBersamaRakyat #penkostrad",Kostrad
@Cakra_Kostrad,2025-03-20 07:07,"Penyuluhan Hukum Kepada Prajurit dan Persit Menarmed 2 Kostrad
@Puspen_TNI @tni_ad @divif_1_kostrad @divif2kostrad @divif3kostrad #tni #tniad #Kostrad #Cakra   #kostradpeduli #kostradberbagi #TNIADMengabdiDanMembangunBersamaRakyat #penkostrad",Kostrad
@Cakra_Kostrad,2025-03-20 07:06,"Jelajah Medan, Cara Prajurit Yonif 754 Kostrad Menunggu Buka Puasa
@Puspen_TNI @tni_ad @divif_1_kostrad @divif2kostrad @divif3kostrad #tni #tniad #Kostrad #Cakra   #kostradpeduli #kostradberbagi #TNIADMengabdiDanMembangunBersamaRakyat #penkostrad",Kostrad
@Cakra_Kostrad,2025-03-20 07:05,"Dansatgas Pamtas Yonarmed 11 Kostrad Hadiri Bersih-Bersih di Lapas Nunukan dalam Peringatan Hari Bhakti Pemasyarakatan ke-61
@Puspen_TNI @tni_ad  #tni #tniad #Kostrad #Cakra   #kostradpeduli #kostradberbagi #TNIADMengabdiDanMembangunBersamaRakyat #penkostrad",Kostrad
@Kodim_Tator,2025-03-20 06:14,"Babinsa Koramil 1414-08/Bonggakaradeng Koptu Aweng melaksanakan kegiatan ketahanan pangan jemur gabah padi bersama Masyarakat binaan di Dusun Bombong Lembang/Desa Rano Tengah Kec. Rano Kab. Tator
Kamis, 20/03/2025

#tniad
#dispenad
#puspentni
#TNIindonesia
#kodam14hasanuddin",Kodim Tator
@Kodim_Tator,2025-03-20 06:10,"Babinsa Koramil 1414-01/Makale Sertu Kornelius melaksanakan komsos bersama Masyarakat binaan di Kel. Manggau Kec. Makale Kab. Tana Toraja.
Kamis, 20/03/2025

#tniad
#dispenad
#puspentni
#TNIindonesia
#kodam14hasanuddin",Kodim Tator
@Kodim_Tator,2025-03-20 06:07,"Personil Koramil 1414-09/Saluputti gotong royong bersama dengan masyarakat bersihkan ruas jalan poros bertempat di Lembang Lemo Menduruk, Kec. Malimbong Balepe, Kab. Tana Toraja.
Kamis, 20/03/2025

#tniad
#dispenad
#puspentni
#TNIindonesia
#kodam14hasanuddin",Kodim Tator
@kodimainjai,2025-03-20 05:52,"Kodim 1424/Sinjai Berikan 20 Paket Sembako kepada Warga yang Membutuhkan dalam rangkaian penutupan TMMD ke-123. di Lapangan Sepak Bola Desa Lamatti Riaja, Kecamatan Bulupoddo, Kabupaten Sinjai, Kamis (20/3/2025).

#tniad
#dispenad
#puspentni
#TNIindonesia
#kodam14hasanuddin",Kodim 1424 Sinjai
@kodimainjai,2025-03-20 05:48,"Irdam XIV/Hasanuddin Didampingi Dandim 1424/Sinjai Meninjau Infrastruktur Jembatan Hasil TMMD ke-123 di Desa Lamatti Riawang, Kecamatan Bulupoddo, Kabupaten Sinjai, Kamis (20/03/2025).

#tniad
#dispenad
#puspentni
#TNIindonesia
#kodam14hasanuddin",Kodim 1424 Sinjai
@kodimainjai,2025-03-20 05:38,"Irdam XIV/Hasanuddin Tinjau Sumur Bor Hasil TMMD ke-123 Kodim 1424/Sinjai di Desa Lamatti Riawang, Kecamatan Bulupoddo, Kabupaten Sinjai, Kamis (20/03/2025)

#tniad
#dispenad
#puspentni
#TNIindonesia
#kodam14hasanuddin",Kodim 1424 Sinjai
@kodimainjai,2025-03-20 05:34,"Penandatanganan Naskah Berita Acara Penyerahan Hasil Kegiatan TMMD ke-123 Kodim 1424/Sinjai.  pada upacara penutupan TMMD di lapangan Sepak Bola Desa Lamatti Riaja, Kec Bulupoddo, Kab Sinjai, Kamis (20/3/2025).

#tniad
#dispenad
#puspentni
#TNIindonesia
#kodam14hasanuddin",Kodim 1424 Sinjai
@kodimainjai,2025-03-20 05:29,"Kodim 1424/Sinjai Gelar Pasar Murah dalam Rangka Penutupan TMMD ke-123 di Lapangan Sepak Bola Desa Lamatti Riaja Kec Bulupoddo Kab Sinjai, Kamis (20/3/2025).

#tniad
#dispenad
#puspentni
#TNIindonesia
#kodam14hasanuddin",Kodim 1424 Sinjai
@KodamKasuari,2025-03-20 05:25,"Babinsa Koramil 1802-06/Klamono Sertu Mahmud monitoring wilayah binaan dan menghadiri kegiatan KKN Mahasiswa Mahasiswi merupakan program kampus universitas kedokteran UNIPA kabupaten sorong  yang mana setiap tahunnya dilaksanakan setiap Desa/Kelurahan yang ada.

#TNIAD",Kodam XVIII/Kasuari
@kodimainjai,2025-03-20 05:23,"Kodim 1424/Sinjai Gelar Bakti Sosial Pengobatan Massal dalam Penutupan TMMD ke-123 di Desa Lamatti Riaja, Kecamatan Bulupoddo, Kabupaten Sinjai, Kamis (20/3/2025).

#tniad
#dispenad
#puspentni
#TNIindonesia
#kodam14hasanuddin",Kodim 1424 Sinjai
@penrem_051,2025-03-20 05:16,"Kodim 0509/Kab.Bekasi: Pembuatan Akte Kelahiran untuk Anak anak Panti Asuhan

#puspentni #tni_angkatan_darat #tniadprima #tniad #dispenad #kodam_jayakarta",KOREM 051 WKT
@kodimainjai,2025-03-20 05:15,"Pasiren Korem 141/Tp, Mayor Inf Arfad Maudjik, S.Ag, Bertindak sebagai Komandan Upacara pada Penutupan TMMD ke-123 di Wilayah Kodim 1424/Sinjai, Kamis (20/3/2025).

#tniad
#dispenad
#puspentni
#TNIindonesia
#kodam14hasanuddin",Kodim 1424 Sinjai
@WajoKodim,2025-03-20 05:13,"Babinsa Koramil 1406-10/Pitumpanua Ajak Warga Pererat Silaturahmi di Bulan Ramadhan
#tniad
#dispenad
#puspentni
#TNIindonesia
#kodam14hasanuddin
#korem141toddopuli",Kodim Wajo
@15Malili,2025-03-20 05:13,"Serka Ruswanto Babinsa Tawakua Koramil 1403-15/Malili awasi panen dan  Penimbangan Gabah Petani guna Mendukung program ketahanan pangan nasional dengan harga timbang per kilogram 6.500.00' di Desa Tawakua Kec Angkona Kab Luwu Timur 
#tniad 
#puspentni 
#dispenad",Koramil 1403-15 Malili
@WajoKodim,2025-03-20 05:13,"Babinsa Koramil 1406-09/Sajoanging Pantau Harga Sembako di Pasar Jalang Jelang Idulfitri
#tniad
#dispenad
#puspentni
#TNIindonesia
#kodam14hasanuddin
#korem141toddopuli",Kodim Wajo
@WajoKodim,2025-03-20 05:12,"Babinsa Koramil 1406-07/Takkalalla Dampingi Penimbangan Gabah Petani di Kelurahan Solo
#tniad
#dispenad
#puspentni
#TNIindonesia
#kodam14hasanuddin
#korem141toddopuli",Kodim Wajo
@KodamJayakarta,2025-03-20 05:11,"Buka Puasa Bersama Batalyon Arhanud 6/BAY

@yonarhanud6 

#tniad #tniadprima #kodamjaya",Kodam Jaya/Jayakarta
@kodimainjai,2025-03-20 05:11,"Dandim 1424/Sinjai Bacakan Laporan Hasil TMMD ke-123 Kodim 1424Sinjai dalam Upacara Penutupan di Desa Lamatti Riaja, Kecamatan Bulupoddo, Kabupaten Sinjai, Kamis (20/3/2025).

#tniad
#dispenad
#puspentni
#TNIindonesia
#kodam14hasanuddin",Kodim 1424 Sinjai
@WajoKodim,2025-03-20 05:10,"Babinsa Koramil 1406-08/Sabbangparu Berikan Bantuan Sembako kepada Warga Kurang Mampu
#tniad
#dispenad
#puspentni
#TNIindonesia
#kodam14hasanuddin
#korem141toddopuli",Kodim Wajo
@WajoKodim,2025-03-20 05:08,"Babinsa Koramil 1406-06/Pammana Koordinasi dengan Apdes dan Kapoktan Bahas Solusi Pertanian
#tniad
#dispenad
#puspentni
#TNIindonesia
#kodam14hasanuddin
#korem141toddopuli",Kodim Wajo
@WajoKodim,2025-03-20 05:07,"Babinsa Koramil 1406-05/Majauleng Jalin Silaturahmi dengan Guru dan Siswa MA As'adiyah Atapange
#tniad
#dispenad
#puspentni
#TNIindonesia
#kodam14hasanuddin
#korem141toddopuli",Kodim Wajo
@WajoKodim,2025-03-20 05:07,"Babinsa Koramil 1406-04/Belawa Ingatkan Warga Waspada Banjir dan Longsor di Desa Lautang
#tniad
#dispenad
#puspentni
#TNIindonesia
#kodam14hasanuddin
#korem141toddopuli",Kodim Wajo
@WajoKodim,2025-03-20 05:04,"Babinsa Koramil 1406-02/Tanasitolo Bantu Petani Panen Padi di Kelurahan Tancung
#tniad
#dispenad
#puspentni
#TNIindonesia
#kodam14hasanuddin
#korem141toddopuli",Kodim Wajo
@WajoKodim,2025-03-20 05:03,"Koramil 1406-01/Tempe Gelar Karya Bhakti Bersihkan Saluran Air di Kelurahan Siengkang
#tniad
#dispenad
#puspentni
#TNIindonesia
#kodam14hasanuddin
#korem141toddopuli",Kodim Wajo
@KodamJayakarta,2025-03-20 04:41,"Penyerahan Alat Angkut Air Bantuan Panglima TNI

@puspentni 

#tniad #tniadprima #kodamjaya",Kodam Jaya/Jayakarta
@kodimainjai,2025-03-20 04:02,"Irdam XIV/Hsn, Brigjen TNI Berlin Germany, S.Sos., M.M., C. Fr.A Bertindak Sebagai Inspektur Upacara pada Penutupan TMMD ke-123 Kodim 1424/Sinjai, Kamis (20/3/2025).

#tniad
#dispenad
#puspentni
#TNIindonesia
#kodam14hasanuddin",Kodim 1424 Sinjai
@kodimainjai,2025-03-20 03:58,"Upacara Penutupan TMMD ke-123 Kodim 1424/Sinjai di Lapangan Sepak Bola Desa Lamatti Riaja Berlangsung Khidmat di Lapangan Sepak Bola Desa Lamatti Riaja, Kecamatan Bulupoddo, Kabupaten Sinjai,  Kamis (20/3/2024).

#tniad
#dispenad
#puspentni
#TNIindonesia
#kodam14hasanuddin",Kodim 1424 Sinjai
@kodimainjai,2025-03-20 03:52,"Komandan Satgas TMMD ke-123 Kodim 1424/Sinjai Paparkan Hasil Pelaksanaan Program kepada Irdam XIV/Hasanuddin terkait pelaksanaan program TMMD ke-123 di wilayah Kodim 1424/Sinjai, Rabu (19/3/2025) sore.

#tniad
#dispenad
#puspentni
#TNIindonesia
#kodam14hasanuddin",Kodim 1424 Sinjai
@AlorKodim,2025-03-20 03:37,"Tingkatkan LTT, Babinsa Bersama Petani Tanam Padi di Desa Nailang

#tniad 
#tniprima 
#tnibersamarakyat 
#tnidihatirakyat
#tnimengabdidanmembangunbersamarakyat
#prajaraksakaperdulirakyat

Cek berita selengkapnya disini>>
suararossa.com/tingkatkan-lt…",Kodim 1622 Alor
@KasuariRindam,2025-03-20 03:08,"Pembenahan Lapangan Tembak Pistol Silas Papare

#tniad #puspentni #kodamxviiikasuari 

@tni_angkatan_darat @puspentni @KodamKasuari",RINDAM KASUARI
@1420_sidrap,2025-03-20 02:54,"Babinsa Koramil 01/Panca Lautang  Bersama Poktan  Gotong Royong Bersihkan Saluran Irigasi.
Kamis  (20/03/2025). 

#tniad
#dispenad
#puspentni
#TNIindonesia
#kodam14hasanuddin
#korem141toddopuli",Kodim 1420 Sidrap
@kodimainjai,2025-03-20 02:25,"Babinsa Koramil 04/Sinjai Timur Kodim 1424/Sinjai Dampingi Petani Panen Padi di Desa Tongke-Tongke, Kecamatan Sinjai Timur, Kabupaten Sinjai.

#tniad
#dispenad
#puspentni
#TNIindonesia
#kodam14hasanuddin",Kodim 1424 Sinjai
@kodim1418mamuju,2025-03-20 02:22,"“Kodim 1418/Mamuju dan Polresta Mamuju Gelar Apel Pasukan Operasi Ketupat Marano 2025 untuk Pengamanan Idul Fitri 1446 H”

#tniad
 #dispenad
 #puspentni
 #TNIindonesia
 #kodam14hasanuddin",Kodim1418/Mamuju
@kodimainjai,2025-03-20 02:17,"Babinsa Lembang Lohe Pos Ramil 05/Tellulimpoe Kodim 1424/Sinjai Laksanakan Pendampingan Panen Jagung Program Padat Karya Tunai Desa di Dusun Tippulue Desa Lembang Lohe Kec. Tellulimpoe Kab. Sinjai

#tniad
#dispenad
#puspentni
#TNIindonesia
#kodam14hasanuddin",Kodim 1424 Sinjai
@silverquein45,2025-03-20 02:17,"Personel Satgas Yonif 611/Awang Long melaksanakan tugas sebagai tenaga pendidik di Sekolah Dasar (SD) Inpres Nayaro, Kabupaten Mimika, Selasa (18/3/2025). 
#TNIADbekerjadenganhati
#TNIAD
#TNIADBerjuangBersamaRakyat
#tniprima
#kodamvimulawarman

papua60detik.id/berita/tni-m…",Harfi Khair
@kodimainjai,2025-03-20 02:13,"Babinsa Patallassang Koramil 04/Sinjai Timur Kodim 1424/Sinjai Bersama Warga Bersihkan Lingkungan Tempat Pemakaman Umum di Dusun Bonto Bundu Desa Patallassang Kec. Sinjai Timur Kab. Sinjai

#tniad
#dispenad
#puspentni
#TNIindonesia
#kodam14hasanuddin",Kodim 1424 Sinjai
@kodimainjai,2025-03-20 02:08,"Babinsa  Bontokatute Koramil 1424-06/Sinjai Borong Kodim 1424/Sinjai Bantu Perbaikan Lantai Rumah Milik Masyarakat di Dusun  Morowanging Desa Bontokatute Kec. Sinjai Borong Kab. Sinjai

#tniad
#dispenad
#puspentni
#TNIindonesia
#kodam14hasanuddin",Kodim 1424 Sinjai
@kodimainjai,2025-03-20 02:03,"Babinsa Panaikang Koramil 04/Sinjai Timur Kodim 1424/Sinjai Komsos Dengan Melayat Di Rumah Duka Almarhum Puang Jumasing bertempat di Dusun Baringeng Desa Panaikang Kec. Sinjai Timur Kab. Sinjai

#tniad
#dispenad
#puspentni
#TNIindonesia",Kodim 1424 Sinjai
@kodimainjai,2025-03-20 01:57,"Babinsa Bongki Lengkese Koramil 04/Sinjai Timur Kodim 1424/Sinjai Dampingi Pemantauan Perkembangan Tanaman Padi Milik Petani di Dusun Bongki Desa Bongki Lengkese  Kec. Sinjai Timur Kab. Sinjai

#tniad
#dispenad
#puspentni
#TNIindonesia
#kodam14hasanuddin",Kodim 1424 Sinjai
@kodimainjai,2025-03-20 01:52,"Babinsa Massaile Pos Ramil 05/Tellulimpoe Kodim 1424/Sinjai Laksanakan Pendampingan Posyandu di Aula Kantor Desa Massaile Kec. Tellulimpoe Kab. Sinjai

#tniad
#dispenad
#puspentni
#TNIindonesia
#kodam14hasanuddin",Kodim 1424 Sinjai
@kodimainjai,2025-03-20 01:47,"Babinsa Pasir Putih Koramil 06/Sinjai Borong Kodim 1424/Sinjai Komsos Bersama Warga Binaan di Lingk. Mannyaha Kel. Pasir Putih Kec. Sinjai Borong Kab. Sinjai

#tniad
#dispenad
#puspentni
#TNIindonesia
#kodam14hasanuddin",Kodim 1424 Sinjai
@kodimainjai,2025-03-20 01:42,"Babinsa Barania Koramil 02/Sinjai Barat Kodim 1424/Sinjai Komsos Bersama Kepala Desa, Kepala Dusun Dan Tokoh Masyarakat bertempat di Kantor Desa BaraniaKec. Sinjai Barat Kab. Sinjai

#tniad
#dispenad
#puspentni
#TNIindonesia
#kodam14hasanuddin",Kodim 1424 Sinjai
@kodimainjai,2025-03-20 01:34,"Babinsa Pulau Persatuan Pos Ramil 04/Pulau Sembilan Kodim 1424/Sinjai Berikan Bantuan Sembako Kepada Masyarakat Kurang Mampu bertempat di Dusun Kanalo I Desa Pulau Persatuan Kec. Pulau Sembilan Kab. Sinjai

#tniad
#dispenad
#puspentni
#TNIindonesia
#kodam14hasanuddin",Kodim 1424 Sinjai
@kodimainjai,2025-03-20 01:28,"Menjelang Waktu Berbuka  Puasa, Pers. Babinsa Koramil 04/Sinjai Timur Kodim 1424/Sinjai Bagikan Takjil Kepada Masyarakat  di Kel. Samataring Kec. Sinjai Timur Kab. Sinjai

#tniad
#dispenad
#puspentni
#TNIindonesia
#kodam14hasanuddin",Kodim 1424 Sinjai
@kodimainjai,2025-03-20 01:21,"Babinsa Palae Koramil 05/Sinjai Selatan Kodim 1424/Sinjai Hadiri Acara Buka Puasa Bersama Di SMPN 12 Palae Desa Palae Kec. Sinjai Selatan Kab. Sinjai

#tniad
#dispenad
#puspentni
#TNIindonesia
#kodam14hasanuddin",Kodim 1424 Sinjai
@kodimainjai,2025-03-20 01:15,"Dan Pos Ramil 05/Tellulimpoe Kodim 1424/Sinjai Hadiri Musyawarah Perencanaan Pembanguan Penyusunan RKPD Kab Sinjai Tahun 2026 di Aula Kantor Desa Saotengah Kec. Tellulimpoe Kab. Sinjai

#tniad
#dispenad
#puspentni
#TNIindonesia
#kodam14hasanuddin",Kodim 1424 Sinjai
@kodimainjai,2025-03-20 01:09,"Babinsa Bontosalama Koramil 02/Sinjai Barat Kodim 1424/Sinjai Hadiri Giat Safari Ramadhan Di Masjid Nurul Huda Dusun Carumbang Desa Bontosalama Kec. Sinjai Barat Kab. Sinjai

#tniad
#dispenad
#puspentni
#TNIindonesia
#kodam14hasanuddin",Kodim 1424 Sinjai
@kodimbone,2025-03-20 01:07,"Babinsa Koramil 06/Awangpone Kodim 1407/Bone Serda Kiswanto melaksanakan Komunikasi Sosial (Komsos) dengan warga binaannya di Desa Lattekko, Kecamatan Awangpone, Kabupaten Bone.
#tniad
#puspentni
#TNIindonesia
#kodam14hasanuddin",kodimbone
@kodimbone,2025-03-20 01:05,"Babinsa Koramil 06/Awangpone Kodim 1407/Bone bersama masyarakat melaksanakan gotong royong pembersihan ruas kanan kiri jalan di Dusun 3, Desa Matuju, Kecamatan Awangpone, Kabupaten Bone.
#tniad
#puspentni
#TNIindonesia
#kodam14hasanuddin",kodimbone
@kodimbone,2025-03-20 01:05,"Menjalin silaturahmi yang erat, Personel Koramil 10/Ponre Kodim 1407/Bone melaksanakan buka puasa bersama sebagai bentuk kekompakan, bertempat di kantor Koramil Desa Pattimpa, Kec. Ponre, Kab. Bone. 
#tniad
#puspentni
#TNIindonesia
#kodam14hasanuddin",kodimbone
@kodimbone,2025-03-20 01:04,"Babinsa Koramil 140713/Sibulue Serma Usman melaksanakan pendampingan posyandu balita yang diselenggarakan oleh perangkat Desa dan petugas kesehatan di Desa Letta Tana, Kec. Sibulue, Kab. Bone.
#tniad
#puspentni
#TNIindonesia
#kodam14hasanuddin",kodimbone
@kodimbone,2025-03-20 01:03,"Babinsa Koramil 06/Awangpone Kodim 1407/Bone Serda Sunardi menghadiri pendampingan pembagian BLT DD yang dibagikan kepada masyarakat di Desa Bulumpare, Kecamatan Awangpone, Kabupaten Bone.
#tniad
#puspentni
#TNIindonesia
#kodam14hasanuddin",kodimbone
@kodimainjai,2025-03-20 01:01,"Dandim 1424/Sinjai Hadiri Safari Ramadhan di Masjid Besar Makanul Iman, Kelurahan Mananti, Kecamatan Tellulimpoe, Kabupaten Sinjai, Rabu (19/03/2025)

#tniad
#dispenad
#puspentni
#TNIindonesia
#kodam14hasanuddin",Kodim 1424 Sinjai
@kodimbone,2025-03-20 01:01,"Babinsa Koramil 11/Barebbo Kodim 1407/Bone Koptu Asdar pantau sekaligus mendampingi warga binaannya sedang panen padi, bertempat di Dusun Tengnge, Desa Kading, Kecamatan Barebbo, Kabupaten Bone.
#tniad
#TNIindonesia
#kodam14hasanuddin
#bulog 
@kementerianpertanian",kodimbone
@kodimbone,2025-03-20 01:00,"Dengan penuh semangat dan kebersamaan, Babinsa Koramil 1407-20/Bontocani Sertu Muhlis turut serta membantu warga membangun pondasi rumah di Lingk. Maroanging, Kel. Kahu, Kec. Bontocani, Kab. Bone.
#tniad
#puspentni
#TNIindonesia
#kodam14hasanuddin",kodimbone
@kodimbone,2025-03-20 00:59,"Sertu Mattatta Babinsa Koramil 14/Libureng Kodim 1407/Bone melaksanakan Komunikasi Sosial (Komsos) bersama ibu - Ibu di desa binaan Desa Mattiro Deceng, Kec. Libureng, Kab. Bone.
#tniad
#puspentni
#TNIindonesia
#kodam14hasanuddin",kodimbone
@kodimbone,2025-03-20 00:58,"Babinsa Koramil 1407-07/Tanete Riattang Sertu Sainuddin terjun langsung membantu tim dari Bulog melakukan penyerapan gabah milik Petani di Lingk. Pallengoreng, Kel. Biru, Kec. Tanete Riattang, Kab. Bone.
#tniad
#puspentni
#TNIindonesia
#kodam14hasanuddin",kodimbone
@kodimbone,2025-03-20 00:57,"Sesuai interuksi Komando Atas, Babinsa Koramil 12/Cina Kodim 1407/Bone Serda Fitriadi melaksanakan pemantauan serap gabah oleh Bulog di Desa Walenreng. Kec. Cina, Kab. Bone. 
#tniad
#TNIindonesia
#kodam14hasanuddin
#bulog 
@kementerianpertanian",kodimbone
@kodimbone,2025-03-20 00:45,"Anggota Koramil 18/Kajuara Kodim 1407/Bone beserta persit gelar aksi sosial membagikan Takjil buka puasa kepada masyarakat di depan Makoramil Kel. Awang tangka, Kec. Kajuara, Kab. Bone. Rabu (19/03/25) Sore.
#tniad
#puspentni
#TNIindonesia
#kodam14hasanuddin",kodimbone
@kodimbone,2025-03-20 00:44,"Kopda Syamsul Bahri Babinsa Koramil 1407-03/Cenrana, melaksanakan pembinaan Perlawanan Wilayah (Wanwil) kepada siswa SDN 76 Desa Watu, Kecamatan Cenrana, Kab. Bone. Kamis (20/03/25).
#tniad
#puspentni
#TNIindonesia
#kodam14hasanuddin",kodimbone
@kodimbone,2025-03-20 00:40,"Babinsa Koramil 1407-12/Cina Serda Aswan melaksanakan pendampingan dan pemantauan serap gabah petani oleh Bulog Kabupaten Bone di Dusun Ujung, Desa Arasoe, Kec. Cina, Kab. Bone. Kamis (20/03/25).
#tniad
#TNIindonesia
#kodam14hasanuddin
#bulog 
@kementerianpertanian",kodimbone
@takalar_kodim,2025-03-20 00:40,"Babinsa Koramil 1426-05/Marbo Koptu Takdir Dampingi Pembagian Makanan Bergizi Gratis Untuk Anak Sekolah

#tniad
#dispenad
#puspentni
#TNIindonesia
#kodam14hasanuddin
#korem141toddopuli",Kodim_Takalar
@kodimbone,2025-03-20 00:37,"Babinsa Koramil 09/Lapri Kodim 1407/Bone Praka Amran ikut serta memonitoring kegiatan Posyandu balita dan ibu hamil yang dilaksanakan di Desa Tonronge, Kecamatan Lapri, Kabupaten Bone. Kamis (20/03/25).
#tniad
#puspentni
#TNIindonesia
#kodam14hasanuddin",kodimbone
@kodimbone,2025-03-20 00:36,"Babinsa Koramil 19/Kahu  Praka Sultan lakukan pendampingan penyaluran Bantuan Langsung Tunai Dana Desa (BLT DD) tahap I bulan Januari, Februari dan Maret tahun 2025 di Desa Cakkela, Kec. Kahu, Kab. Bone. Kamis (20/03/25).
#tniad
#puspentni
#TNIindonesia
#kodam14hasanuddin",kodimbone
@kodimbone,2025-03-20 00:35,"Babinsa Koramil 04/Tellusiatinge Kodim 1407/Bone bersama warga masyarakat melaksanakan kerja bakti membersihkan lingkungan jalan dan parit di Desa Mattoanging, Kecamatan Tellusiatinge, Kabupaten Bone. Kamis (20/03/25).
#tniad
#puspentni
#TNIindonesia
#kodam14hasanuddin",kodimbone
@kodimbone,2025-03-20 00:34,"Sukseskan Ketahanan Pangan, Babinsa Koramil 17/Salomekko Kodim 1407/Bone Sertu Herman membantu petani melaksanakan panen padi, berlokasi di Desa Ulubalang, Kecamatan Salomekko, Kabupaten Bone. Kamis (20/03/25).
#tniad
#TNIindonesia
#kodam14hasanuddin
#bulog 
@kementerianpertanian",kodimbone
@takalar_kodim,2025-03-20 00:33,"Babinsa Koramil 1426-04/Galesong Sertu Firman Lakukan Pendampingan Penyaluran BLT Dana Desa

#tniad
#dispenad
#puspentni
#TNIindonesia
#kodam14hasanuddin
#korem141toddopuli",Kodim_Takalar
@kodimbone,2025-03-20 00:32,"Babinsa Koramil 01/Ajangale Kodim 1407/Bone Sertu Andi Darwis secara rutin melaksanakan Komunikasi Sosial (Komsos) dengan masyarakat di Dusun 1, Desa Manciri, Kec. Ajangale, Kab. Bone. Kamis (20/03/25).
#tniad
#puspentni
#TNIindonesia
#kodam14hasanuddin",kodimbone
@takalar_kodim,2025-03-20 00:25,"Berbagi Dengan Sesama, Dandim 1426 Takalar Bagikan Santunan Kepada Anak Yatim

#tniad
#dispenad
#puspentni
#TNIindonesia
#kodam14hasanuddin
#korem141toddopuli",Kodim_Takalar
@kodam_mlw,2025-03-19 23:20,"Balikpapan - Kuatkan Aqidah, Mantapkan Ibadah, Perbanyak Sedekah Serta Tingkatkan Iman dan Taqwa di Bulan Suci Ramadhan, Kodam VI/Mlw Peringati Nuzulul Quran 1446 H & Buka Puasa Bersama di Makodam VI/Mlw, Selasa (18/03/25)

#kodamvimulawarman
#tniad
#tniprima
#marhabanyaramadhan",Kodam VI/Mulawarman
@kodim_jeneponto,2025-03-19 22:22,"Bulan Penuh Berkah, Koramil 1425-05/Batang Gelar Aksi Sosial Bagi Takji Buka Puasa

#tni
#tniindonesia
#puspentni
#tniad
#kodam14hasanuddin
#korem141toddoppuli
#tnimanunggalrakyat
#indahnyaberbagi
#ramadhan",Kodim_Jeneponto
@kodim_jeneponto,2025-03-19 22:00,"Ziarah dan Tabur Bunga Dalam Rangka HUT Ke-79 Persatuan Istri Tentara (Persit). 

#tni
#tniindonesia
#puspentni
#tniad
#kodam14hasanuddin
#korem141toddoppuli
#tnimanunggalrakyat
#persit",Kodim_Jeneponto
@kodim_jeneponto,2025-03-19 20:29,"Diguyur Hujan, Tak Menyurutkan Semangat Persit KCK Cabang XXXIII Kodim 1425/Jeneponto, laksanakan Ziarah & Tabur Bunga Ke TMP, dalam rangka HUT ke 79 Persit. Rabu, 19/03/2025.

#tni
#tniindonesia
#puspentni
#tniad
#kodam14hasanuddin
#korem141toddoppuli
#tnimanunggalrakyat
#persit",Kodim_Jeneponto
@Kodim0828,2025-03-19 17:50,"Langkah Peduli Kodim Sampang: Bazar TNI Solusi Hemat Penuhi Kebutuhan Pangan di Bulan Ramadhan 
-----
#KabupatenSampang
#kodam5brw
#korem084
#tniprima
#profesional
#responsif
#integratif
#modern
#adaptif
#tniad
#tni
                    instagram.com/p/DHY8k9nzKKN/…",Kodim Sampang
@Jurnalpatroli_,2025-03-19 16:54,"jurnalpatrolinews.co.id/pusp…  Dandim 1710/Mimika Letkol Inf M. Slamet Wijaya, S. Sos., M. Han., M.A. bersama Pj. Bupati Mimika Yonathan Demme Tangdilintin dan Kapolres Mimika AKBP Billyandha Hildiario Budiman #mimika #papua #tniad",JurnalPatroliNews
@Jurnalpatroli_,2025-03-19 16:51,"jurnalpatrolinews.co.id/pusp…  Acara Nuzulul Quran ini agar dijadikan momentum dalam memaknai setiap kebaikan dalam kehidupan sehari-hari dan juga sebagai bahan evaluasi diri, #kasad #tniad #tni #dispenad #indonesia",JurnalPatroliNews
@Jurnalpatroli_,2025-03-19 16:45,jurnalpatrolinews.co.id/pusp…  Satgas Yonif 733/Masariku terus menunjukkan kepeduliannya terhadap pendidikan dan kesehatan anak-anak di Papua.  #tniad #papua #dispenad #puspentni,JurnalPatroliNews
@tni_ad,2025-03-19 15:35,"RAMADAN PARA PASUKAN PERDAMAIAN
Kisah Prajurit TNI, Ramadan Dalam Misi Perdamaian
instagram.com/p/DHYtMq4ipmy/

#TNIAD
#TNIADBerjuangBersamaRakyat
#TNIADBekerjaDenganHati
#TNIADdihatiRakyat
#TNIADPrima
#PasukanPerdamaian",TNI AD
@tni_ad,2025-03-19 14:58,"Ubur-ubur ikan Lele... 
Terus berbuat Lee...
Rakyat masih membutuhkan kerja nyata TNI AD

#TNIAD
#TNIADBerjuangBersamaRakyat
#TNIADBekerjaDenganHati
#TNIADdihatiRakyat
#TNIADPrima",TNI AD
@kodam_mlw,2025-03-19 14:56,"Balikpapan - Indahnya Ramadhan 1446 H, Kodam VI/Mulawarman Berbagi Takjil di Halaman Makodam VI/Mulawarman, Rabu (19/03/25).

#kodamvimulawarman 
#tniad
#tniprima
#marhabanyaramadhan",Kodam VI/Mulawarman
@koramil16tulung,2025-03-19 10:26,"Babinsa Serma Ponimin hadiri  Musyawarah Desa dalam rangka Pembentukan tim Pelaksana kegiatan TMMD di Desa Mundu, Kecamatan Tulung, Kabupaten Klaten.

#kodim0723klaten
#korem074wrt 
#kodamivdiponegoro 
#tniad
                    instagram.com/p/DHYKRJSv1JZ/…",koramil Tulung
@korem091asn,2025-03-19 10:23,"Pererat Silaturahmi Di Bulan Suci Ramadhan, Koramil  Derawan Gelar Aksi Bagi Takjil Buka Puasa
#tniprima #profesional #responsif #integratif #modern #adaptif #tniadmengabdidanmembangunbersamarakyat #tentararakyat #infokomando #tniad #korem091asn #korem091 #bersamarakyattnikuat",KOREM 091/ASN
@kodamhasanuddin,2025-03-19 10:10,"Ibu Raksakarini Sri Sena Kodam XIV/Hasanuddin Hadiri Apel Wanita TNI 2025 Secara Virtual

""Wanita TNI: Mengemban Peran Ganda dengan Profesionalisme dan Dedikasi""

#tniad
#dispenad
#puspentni
#TNIindonesia",Kodam Hasanuddin
@Cakra_Kostrad,2025-03-19 10:07,"Sosialisasi TWP AD Kepada Prajurit Denpal Divif 2 Kostrad ""Ampuh""
@Puspen_TNI @tni_ad @divif_1_kostrad @divif2kostrad @divif3kostrad #tni #tniad #Kostrad #Cakra   #kostradpeduli #kostradberbagi #TNIADMengabdiDanMembangunBersamaRakyat #penkostrad",Kostrad
@Cakra_Kostrad,2025-03-19 10:06,"Kunjungan Kerja Panglima Divisi Infanteri 2 Kostrad di Satuan Yonzipur 10 Kostrad
@Puspen_TNI @tni_ad @divif_1_kostrad @divif2kostrad @divif3kostrad #tni #tniad #Kostrad #Cakra   #kostradpeduli #kostradberbagi #TNIADMengabdiDanMembangunBersamaRakyat #penkostrad",Kostrad
@Cakra_Kostrad,2025-03-19 10:06,"Satgas Indobatt XXIII-R/UNIFIL Peringati Malam Nuzulul Quran di Lebanon, Perkuat Keimanan dan Kebersamaan
@Puspen_TNI @tni_ad  #tni #tniad #Kostrad #Cakra   #kostradpeduli #kostradberbagi #TNIADMengabdiDanMembangunBersamaRakyat #penkostrad",Kostrad
@Cakra_Kostrad,2025-03-19 10:05,"Danmenarmed 2 Kostrad Hadiri Buka Puasa Bersama Masyarakat Kota Malang di Masjid Cahyaningati
@Puspen_TNI @tni_ad @divif_1_kostrad @divif2kostrad @divif3kostrad #tni #tniad #Kostrad #Cakra   #kostradpeduli #kostradberbagi #TNIADMengabdiDanMembangunBersamaRakyat #penkostrad",Kostrad
@Cakra_Kostrad,2025-03-19 10:05,"Perketat Pengawasan Perbatasan, Satgas Pamtas Yonarmed 11 Kostrad Laksanakan Patroli Terpadu
@Puspen_TNI @tni_ad @divif_1_kostrad @divif2kostrad @divif3kostrad #tni #tniad #Kostrad #Cakra   #kostradpeduli #kostradberbagi #TNIADMengabdiDanMembangunBersamaRakyat #penkostrad",Kostrad
@tni_ad,2025-03-19 08:51,"ACARA PERINGATAN NUZULUL QURAN 1446H/2025M DAN DOA BERSAMA DI MABESAD
instagram.com/p/DHX_Ha4tgAm/

#TNIAD
#TNIADBerjuangBersamaRakyat
#TNIADBekerjaDenganHati
#TNIADdihatiRakyat
#TNIADPrima",TNI AD
@KodamKasuari,2025-03-19 07:43,"Kodim 1812/Pegaf mengucapkan Terimakasih kepada bapak kasad atas bantuan swakelola pembangun barak Koramil 01/Anggi kabupaten Pegunungan Arfak dengan adanya pembangunan barak kita tinggal yang lebih layak huni.

#TNIADbekerjadenganhati
#TNIADDihatiRakyat
#TNIADPrima
#TNIAD",Kodam XVIII/Kasuari
@KodamKasuari,2025-03-19 07:19,"Babinsa Koramil 1802-05/Makbon Sertu Jois Noya  melaksanakan komunikasi sosial dengan warga binaan bapak Yohanis Kadakolo dalam rangka Cerminan kemanunggalan TNI dengan rakyat ciptakan keakraban dan kebersamaan

#TNIADbekerjadenganhati
#TNIADDihatiRakyat
#TNIADPrima
#TNIAD",Kodam XVIII/Kasuari
@KodamKasuari,2025-03-19 07:15,"Kebersamaan dan kedekatan Babinsa bersama masyarakat di wilayah binaannya, ditunjukan oleh Koptu Wilem Binilang Koramil 1804-04/Buruway, Kodim 1804/Kaimana bersama masyarakat binaan melaksanakan kerja bakti pengecoran jalan di Kampung Edor

#TNIADbekerjadenganhati
#TNIAD",Kodam XVIII/Kasuari
@WajoKodim,2025-03-19 06:22,"Babinsa Koramil 1406-09/Sajoanging Himbau Warga Desa Akkotengeng Tertib dalam Penentuan Batas Lahan
#tniad
#dispenad
#puspentni
#TNIindonesia
#kodam14hasanuddin
#korem141toddopuli",Kodim Wajo
@WajoKodim,2025-03-19 06:21,"Babinsa Koramil 1406-08/Sabbangparu dan Warga Gotong Royong Bersihkan Lapangan Voli di Desa Pallimae
#tniad
#dispenad
#puspentni
#TNIindonesia
#kodam14hasanuddin
#korem141toddopuli",Kodim Wajo
@WajoKodim,2025-03-19 06:21,"Babinsa Koramil 1406-07/Takkalalla Dampingi Kegiatan Posyandu di Desa Lamarua
#tniad
#dispenad
#puspentni
#TNIindonesia
#kodam14hasanuddin
#korem141toddopuli",Kodim Wajo
@WajoKodim,2025-03-19 06:21,"Babinsa Koramil 1406-06/Pammana Ajak Warga Kelurahan Cina Peduli Kebersihan Lingkungan
#tniad
#dispenad
#puspentni
#TNIindonesia
#kodam14hasanuddin
#korem141toddopuli",Kodim Wajo
@WajoKodim,2025-03-19 06:21,"Babinsa Koramil 1406-05/Majauleng Laksanakan Komunikasi Sosial dengan Warga Desa Tellulimpoe
#tniad
#dispenad
#puspentni
#TNIindonesia
#kodam14hasanuddin
#korem141toddopuli",Kodim Wajo
@WajoKodim,2025-03-19 06:21,"Babinsa Koramil 1406-04/Belawa Dampingi Panen Padi di Dusun Bolamallempong
#tniad
#dispenad
#puspentni
#TNIindonesia
#kodam14hasanuddin
#korem141toddopuli",Kodim Wajo
@WajoKodim,2025-03-19 06:21,"Babinsa Koramil 1406-03/Maniangpajo Dampingi Petani Panen Padi di Desa Minangatellue
#tniad
#dispenad
#puspentni
#TNIindonesia
#kodam14hasanuddin
#korem141toddopuli",Kodim Wajo
@WajoKodim,2025-03-19 06:21,"Babinsa Koramil 1406-02/Tanasitolo Bantu Petani Panen Padi di Desa Waetuwo
#tniad
#dispenad
#puspentni
#TNIindonesia
#kodam14hasanuddin
#korem141toddopuli",Kodim Wajo
@WajoKodim,2025-03-19 06:21,"Babinsa Koramil 1406-01/Tempe Dampingi Program Makan Bergizi Gratis di SDN 200 Tempe
#tniad
#dispenad
#puspentni
#TNIindonesia
#kodam14hasanuddin
#korem141toddopuli",Kodim Wajo
@WajoKodim,2025-03-19 06:21,"Koramil 1406-10/Pitumpanua Gelar Karya Bhakti Bersihkan Pantai Bangsalae Bersama Pramuka dan Warga
#tniad
#dispenad
#puspentni
#TNIindonesia
#kodam14hasanuddin
#korem141toddopuli",Kodim Wajo
@1420_sidrap,2025-03-19 06:20,"Babinsa Desa Compong  Jaga Stabilitas Harga di Pasar Lokal.
Rabu (19/3/2025)

#tniad
#dispenad
#puspentni
#TNIindonesia
#kodam14hasanuddin
#korem141toddopuli",Kodim 1420 Sidrap
@kodamhasanuddin,2025-03-19 05:32,"Ikuti Rapat Bersama Forkopimda Sulsel, Pangdam XIV/Hsn Siap Dukung Keamanan dan Ketahanan Pangan di Sulsel

""Sinergi Forkopimda Sulsel: Jaga Keamanan dan Ketahanan Pangan Menjelang Hari Raya Idul Fitri 1446 H/2025 M""

#tniad
#dispenad
#puspentni
#TNIindonesia",Kodam Hasanuddin
@takalar_kodim,2025-03-19 05:22,"Babinsa Koramil 1426-06/Mapsu Serda Muh. Arif Melaksanakan Komsos Dengan Kades Dan Stafnya 

#tniad
#dispenad
#puspentni
#TNIindonesia
#kodam14hasanuddin
#korem141toddopuli",Kodim_Takalar
@Kodim0704bna,2025-03-19 05:15,"Babinsa membantu kader dan bidan desa melaksanakan Posyandu Balita  
#babinsa #tniad #koramilbanjarmangu #kodimbanjarnegara",Kodim Banjarnegara
@Kodim_Tator,2025-03-19 05:10,"Babinsa Koramil 1414-03/Rindingallo Serda Samuel Lapik melaksanakan kegiatan ketahanan pangan tanam padi bersama Masyarakat binaan di Lembang/Desa Pulu Pulu Kec. Buntupepasan Kab. Toraja Utara.
Rabu, 19/03/2025

#tniad
#dispenad
#puspentni
#TNIindonesia
#kodam14hasanuddin",Kodim Tator
@Kodim_Tator,2025-03-19 05:08,"Babinsa Koramil 1414-08/Bonggakaradeng Serda Alfianus melaksanakan komsos bersama Masyarakat binaan di Dusun Sarambu Lembang/Desa Butang Kec. Map'ak Kab. Tana Toraja.
Rabu, 19/03/2025

#tniad
#dispenad
#puspentni
#TNIindonesia
#kodam14hasanuddin",Kodim Tator
@Kodim_Tator,2025-03-19 05:06,"Personil Koramil 1414-07/Mengkendek gotong royong bersama masyarakat melaksanakan pembersihan jalan Desa bertempat di Lembang Buntu Datu, Kec. Mengkendek, Kab. Tana Toraja.
Rabu, 19/03/2025

#tniad
#dispenad
#puspentni
#TNIindonesia
#kodam14hasanuddin",Kodim Tator
@Dim1610klk,2025-03-19 05:01,"Telah di buka pemdaftaran Caba Pk TNi AD tahun 2025.
#tniad #cabapk #daftartni #calontni",Kodim 1610/Klungkung
@ChannelRedaksi,2025-03-19 04:56,"Pos Kotis Gelar Kesling, Berikan Pelayanan Kesehatan Masyarakat bacaberita.id/pos-kotis-gela… 
#TNI #tniad #RUUTNIPerkuatNKRI #merauke #indonesia #RUUTNI",bacaberita.id
@takalar_kodim,2025-03-19 04:53,"Koramil 1426-05/Marbo Bersama Warga Kerja Bakti Bersihkan Saluran Air dan Tumpukan Sampah 

#tniad
#dispenad
#puspentni
#TNIindonesia
#kodam14hasanuddin
#korem141toddopuli",Kodim_Takalar
@ChannelRedaksi,2025-03-19 04:39,"Kembangkan Kreatifitas Anak Papua, Satgas TNI Ajarkan Menggambar dan Mewarnai bacaberita.id/kembangkan-kre… 
#Yonif700 #tniad #indonesia #RUUTNIPerkuatNKRI #DistrikGome #papua #NKRI #KodamXIVHasanuddin #makassar",bacaberita.id
@Kodim0704bna,2025-03-19 04:17,Babinsa Berikan Materi Pendidikan Karakter dan Wasbang ke pada siswa SDN 3 Pakelen  Madukara #koramilmadukara #babinsa #tniad #kodimbanjarnegara,Kodim Banjarnegara
@KodamKasuari,2025-03-19 03:56,"BHAKTI TRI DHARMA UNTUK RAKYAT

Aksi cepat tanggap kembali dilakukan oleh Yonif 330 Tri Dharma, salah satu satuan elite TNI AD dalam jajaran Brigif 17 Kostrad. Luapan Sungai Cimande membuat ratusan rumah

piped.video/NPQBR9kcrrE 

#TNIAD
#TNIADBerjuangBersamaRakyat",Kodam XVIII/Kasuari
@Kodim0704bna,2025-03-19 03:48,"Ingin Dekat Dengan TNI, TK PGRI Purwodadi Kunjungi Koramil 04/Karangkobar #koramilkarangkobar #tniad #babinsa #kodimbanjarnegara",Kodim Banjarnegara
@kodimainjai,2025-03-19 03:40,"Satgas TMMD ke-123 Kodim 1424/Sinjai Bantu Perangkat Desa Bersihkan Kantor Desa Lamatti Riaja Kecamatan Bulupoddo, Kabupaten Sinjai, Rabu (19/3/2025).

#tniad
#dispenad
#puspentni
#TNIindonesia
#kodam14hasanuddin",Kodim 1424 Sinjai
@kodimainjai,2025-03-19 03:34,"Satgas TMMD ke-123 Kodim 1424/Sinjai Bersihkan Lapangan Upacara Jelang Penutupan di lokasi kegiatan Desa Lamatti Riawang Kec Bulupoddo Kab Sinjai,  Rabu (19/3/2025).

#tniad
#dispenad
#puspentni
#TNIindonesia
#kodam14hasanuddin",Kodim 1424 Sinjai
@kodimainjai,2025-03-19 03:28,"Satgas TMMD ke-123 Kodim 1424/Sinjai Rampungkan Pembuatan Sumur Bor di Tiga Titik Menjelang Penutupan Program, Rabu (19/3/2025).

#tniad
#dispenad
#puspentni
#TNIindonesia
#kodam14hasanuddin",Kodim 1424 Sinjai
@kodim1418mamuju,2025-03-19 03:20,"“TNI Peduli: Babinsa Koramil 1418-05/Kalumpang Perbaiki Saluran Air Demi Kelancaran Akses Warga di Bonehau”

#tniad
#dispenad
#puspentni
#TNIindonesia
#kodam14hasanuddin",Kodim1418/Mamuju
@kodimainjai,2025-03-19 03:15,"Satgas TMMD ke-123 Kodim 1424/Sinjai Selesaikan Renovasi Rumah Tidak Layak Huni di Desa Turungan Baji, Kecamatan Sinjai Barat, Kabupaten Sinjai, Rabu (19/3/2025).

#tniad
#dispenad
#puspentni
#TNIindonesia
#kodam14hasanuddin",Kodim 1424 Sinjai
@kodimainjai,2025-03-19 03:08,"Satgas TMMD ke-123 Kodim 1424/Sinjai Rampungkan Pelebaran Jalan Desa Sesuai Target di Desa Lamatti Riawang dan Desa Lamatti Riaja, Kecamatan Bulupoddo, Kabupaten Sinjai, Rabu (19/3/2025).

#tniad
#dispenad
#puspentni
#TNIindonesia
#kodam14hasanuddin",Kodim 1424 Sinjai
@kodimainjai,2025-03-19 03:02,"Satgas TMMD ke-123 Kodim 1424/Sinjai Selesaikan Pembangunan Jembatan di Desa Lamatti Riawang, Kecamatan Bulupoddo, Kabupaten Sinjai, Rabu (19/3/2025).

#tniad
#dispenad
#puspentni
#TNIindonesia
#kodam14hasanuddin",Kodim 1424 Sinjai
@kodimainjai,2025-03-19 02:57,"Menjelang Penutupan TMMD, Satgas Bersihkan Jembatan dengan Sapu Lidi yang baru saja selesai dibangun di Desa Lamatti Riawang, Kecamatan Bulupoddo, Kabupaten Sinjai, Rabu (19/3/2025).

#tniad
#dispenad
#puspentni
#TNIindonesia
#kodam14hasanuddin",Kodim 1424 Sinjai
@kodimainjai,2025-03-19 02:52,"Satgas TMMD ke-123 Kodim 1424/Sinjai Lakukan Finishing Pembangunan Jembatan di Desa Lamatti Riawang, Kecamatan Bulupoddo, Kabupaten Sinjai, Rabu (19/3/2025).

#tniad
#dispenad
#puspentni
#TNIindonesia
#kodam14hasanuddin",Kodim 1424 Sinjai
@kodimainjai,2025-03-19 02:48,"Satgas TMMD ke-123 Kodim 1424/Sinjai Pasang Plat Prasasti di Jembatan Desa Lamatti Riawang, Kecamatan Bulupoddo, Kabupaten Sinjai, Rabu (18/3/2025).

#tniad
#dispenad
#puspentni
#TNIindonesia
#kodam14hasanuddin",Kodim 1424 Sinjai
@KodamKasuari,2025-03-19 02:45,"Guna meningkatkan kesiapsiagaan menghadapi bencana, khususnya bahaya kebakaran di wilayah. Kodim 1801/Manokwari bekerjasama dengan Dinas Pemadam Kebakaran Kabupaten Manokwari menyelenggarakan Latihan Kesigapan Menghadapi Bahaya Kebakaran

#TNIADbekerjadenganhati
#TNIAD",Kodam XVIII/Kasuari
@kodimainjai,2025-03-19 02:44,"Satgas TMMD ke-123 Kodim 1424/Sinjai Selesaikan Pengecatan Jembatan di Desa Lamatti Riawang, Kecamatan Bulupoddo, Kabupaten Sinjai, Rabu (19/3/2025).

#tniad
#dispenad
#puspentni
#TNIindonesia
#kodam14hasanuddin",Kodim 1424 Sinjai
@kodam_mlw,2025-03-19 02:35,"Balikpapan – Penuh Khidmat, Kodam VI/Mulawarman Peringati Nuzulul Quran 1446 H/2025 M di Halaman Makodam, Selasa (18/03/25).

#kodamvimulawarman
#tniad
#tniprima
#marhabanyaramadhan",Kodam VI/Mulawarman
@1420_sidrap,2025-03-19 02:26,"Babinsa Koramil 1420-04/Watang Pulu beserta warga melaksanakan aksi pembersihan pasar Di Kelurahan Lawawoi  Kec.Watang Pulu Kab.Sidrap pada hari Rabu (19/03/2025).

#tniad
#dispenad
#puspentni
#TNIindonesia
#kodam14hasanuddin
#korem141toddopuli",Kodim 1420 Sidrap
@kodimainjai,2025-03-19 02:21,"Babinsa Koramil 03/Sinjai Tengah Kodim 1424/Sinjai Bersama Warga Laksanakan Karya Bakti Pembersihan Jalan sepanjang 150 meter di Dusun Salohe, Desa Mattunreng Tellue, Kec Sinjai Tengah, Kab Sinjai, Rabu (19/03/2025)

#tniad
#dispenad
#puspentni
#TNIindonesia
#kodam14hasanuddin",Kodim 1424 Sinjai
@kodimainjai,2025-03-19 02:12,"Babinsa Bontosinala Koramil 06/Sinjai Borong Kodim 1424/Sinjai Komsos Bersama Staf Desa di Kantor Desa Bontosinala Kec. Sinjai Borong Kab. Sinjai

#tniad
#dispenad
#puspentni
#TNIindonesia
#kodam14hasanuddin",Kodim 1424 Sinjai
@kodimainjai,2025-03-19 02:07,"Danramil 05/Sinjai Selatan Kodim 1424/Sinjai bersama Pers. Kanminvetcad XVI-18/Sinjai dan Polkes 14.09.08 Sinjai Laksanakan Pemeriksaan Kesehatan Gratis Kepada Para Janda Veteran PKRI di Kec. Sinjai Selatan Kab. Sinjai

#tniad
#dispenad
#puspentni
#TNIindonesia
#kodam14hasanuddin",Kodim 1424 Sinjai
@kodimainjai,2025-03-19 02:00,"Babinsa Sukamaju Pos Ramil 05/Tellulimpoe Kodim 1424/Sinjai Dampingi Penyerapan Gabah Milik Petani di Dusun Banoa Desa Sukamaju Kec. Tellulimpoe Kab. Sinjai

#tniad
#dispenad
#puspentni
#TNIindonesia
#kodam14hasanuddin",Kodim 1424 Sinjai
@kodimainjai,2025-03-19 01:53,"Dan Ramil 1424-03/Sinjai Tengah Kodim 1424/Sinjai Hadiri Musyawarah Perencanaan Pembanguan Kab Sinjai Tahun 2026 di Aula Kantor Kec. Sinjai Tengah Kel. Samataring Kec. Sinjai Tengah Kab. Sinjai

#tniad
#dispenad
#puspentni
#TNIindonesia
#kodam14hasanuddin",Kodim 1424 Sinjai
@sejatidindaa,2025-03-19 01:53,"TNI melayani masyarakat Papua

#KSTP #OPM #opmmusuhmasyarakat #OPMgallery #KKB #TolakOPM #Papua #PapuaIndonesia  #TNIAD #papuaviral  #TNIADbekerjadenganhati #englot #หลิงออม",dinda sejati
@sejatidindaa,2025-03-19 01:52,"Kebersamaan TNI dengan Masyarakat di pedalaman Papua

#KSTP #OPM #opmmusuhmasyarakat #OPMgallery #KKB #TolakOPM #Papua #PapuaIndonesia  #TNIAD #papuaviral  #TNIADbekerjadenganhati #englot #หลิงออม",dinda sejati
@kodim1608bima,2025-03-19 01:50,"DIRGAHAYU YONIF 743/PSY
“PRADNYA SAMAPTA YUDHA”

#puspentni #tniad #tnimengabdidanmembangunbersamarakyat #tniprima #tniselalubersamarakyat #tniselaludihati #kodamixudayana #korem162wirabhakti #kodim1608bima #bima #indonesia #dirgahayu #yonif743psy",@kodim1608bima
@kodimainjai,2025-03-19 01:48,"Babinsa Kassibuleng Koramil 06/Sinjai Borong Kodim 1424/Sinjai Komsos Bersama Warga Binaan di Dusun Mattoanging Desa Kassibuleng Kec. Sinjai Borong Kab. Sinjai

#tniad
#dispenad
#puspentni
#TNIindonesia
#kodam14hasanuddin",Kodim 1424 Sinjai
@kodimainjai,2025-03-19 01:43,"Babinsa Lembang Lohe Pos Ramil 05/Tellulimpoe Kodim 1424/Sinjai Komsos Dengan Guru dan Siswa Madrasah Aliyah di Dusun Tippulu Desa Lembang Lohe Kec. Tellulimpoe Kab. Sinjai

#tniad
#dispenad
#puspentni
#TNIindonesia
#kodam14hasanuddin",Kodim 1424 Sinjai
@kodimainjai,2025-03-19 01:35,"Babinsa Sangiasseri Koramil 05/Sinjai Selatan Kodim 1424/Sinjai Komsos Melayat Di Rumah Warga Yang Sedang Berduka di Lingk. Babara Kel. Sangiasseri Kec.  Sinjai Selatan Kab. Sinjai

#tniad
#dispenad
#puspentni
#TNIindonesia
#kodam14hasanuddin",Kodim 1424 Sinjai
@kodimainjai,2025-03-19 01:30,"Pers. Babinsa Koramil 1424-03/Sinjai Tengah Kodim 1424/Sinjai Bersama Persit Bagikan Takjil Kepada Masyarakat   di Kel. Samaenre Kec. Sinjai Tengah Kab. Sinjai

#tniad
#dispenad
#puspentni
#TNIindonesia
#kodam14hasanuddin",Kodim 1424 Sinjai
@kodimainjai,2025-03-19 01:20,"Danramil 01/Sinjai Utara Kodim 1424/Sinjai Bersama Bhabinkamtibmas Hadiri Acara Buka Puasa Bersama  bertempat di Dusun Carumbaang Desa Bontosalama Kec. Sinjai Barat Kab. Sinjai

#tniad
#dispenad
#puspentni
#TNIindonesia
#kodam14hasanuddin",Kodim 1424 Sinjai
@kodimainjai,2025-03-19 01:09,"Babinsa Panaikang Koramil 1424-04/Sinjai Timur Kodim 1424/Sinjai Laksanakan Safari Ramadhan Di Majid Khaerun Naim Dusun Maccini Desa Panaikang Kec. Sinjai Timur Kab. Sinjai

#tniad
#dispenad
#puspentni
#TNIindonesia
#kodam14hasanuddin",Kodim 1424 Sinjai
@kodimainjai,2025-03-19 01:03,"Dandim 1424/Sinjai Hadiri Safari Ramadhan Bersama Bupati Sinjai di Kecamatan Sinjai Tengah, Kabupaten Sinjai. Dalam kesempatan tersebut, Dandim didampingi oleh Ketua Persit Cabang XXXII.

#tniad
#dispenad
#puspentni
#TNIindonesia
#kodam14hasanuddin",Kodim 1424 Sinjai
@kodimbone,2025-03-19 00:43,"Babinsa Koramil 11/Barebbo Kodim 1407/Bone Serka La Nete bersama warga binaan laksanakan kerja bakti membersihkan kanan kiri jalan yang berlokasi di Dusun 1, Desa Congko, Kec. Barebbo, Kab. Bone. Rabu (19/03/25).
#tniad
#puspentni
#TNIindonesia
#kodam14hasanuddin",kodimbone
@kodimbone,2025-03-19 00:43,"Danramil 1407-11/Barebbo Kapten arh Darwis bersama jajaran dan persit membagikan takjil untuk para pengguna jalan yang melintasi di depan Makoramil tepatnya di Kel. Apala, Kec. Barebbo, Kab. Bone. Selasa (18/03/25) Sore.
#tniad
#puspentni
#TNIindonesia
#kodam14hasanuddin",kodimbone
@kodimbone,2025-03-19 00:42,"Serda Suwanto Babinsa Koramil 1407-16/Tonra melaksanakan pendampingan Posyandu Balita guna memastikan tumbuh kembang anak-anak di wilayah binaan di Dusun Cempae, Desa Bacu, Kec.Tonra, Kab. Bone. Rabu (19/03/25).
#tniad
#puspentni
#TNIindonesia
#kodam14hasanuddin
#kemenkes",kodimbone
@kodimbone,2025-03-19 00:40,"Babinsa Koramil 01/Ajangale Sertu Idris melakukan pendampingan panen padi menggunakan alat modern berupa traktor pemanen padi di lahan warga di Kel. Pompanua, Kec. Ajangale, Kab. Bone. 
#tniad
#puspentni
#TNIindonesia
#kodam14hasanuddin
#kementanri 
#bulog 
@kementerianpertanian",kodimbone
@kodimbone,2025-03-19 00:39,"Danramil 1407-11/Barebbo Kapten Arh Darwis bersama Forkopimcam berikan sosialisasi terkait penyerapan gabah yang telah di tetapkan oleh Pemerintah, berlokasi di Desa Corawali, Kec. Barebbo, Kab. Bone. Rabu (19/03/25).
#tniad
#puspentni
#TNIindonesia
#kodam14hasanuddin",kodimbone
@kodimbone,2025-03-19 00:36,"Babinsa Koramil 03/Cenrana Serda Syafaruddin membantu warga melaksanakan panen padi di lahan persawahan milik warga binaan di Desa Labotto, Kecamatan Cenrana, Kabupaten Bone. Rabu (19/03/25).
#tniad
#puspentni
#TNIindonesia
#kodam14hasanuddin
#bulog 
@kementerianpertanian",kodimbone
@kodimbone,2025-03-19 00:34,"Danramil 19/Kahu Lettu Kav Suwardi S.H sosialisasikan harga jual Gabah Kering Panen ( GKP ) yang telah di tetapkan oleh Pemerintah di Masjid Arrahman, Dusun Toli-Toli, Desa Palakka, Kec. Kahu, Kab. Bone. Selasa (18/03/25) Malam.
#tniad
#puspentni
#TNIindonesia
#kodam14hasanuddin",kodimbone
@kodimbone,2025-03-19 00:33,"Personil Babinsa Koramil  07/TR Sertu Sainuddin bersama Petugas PPL mendampingi petugas Bulog dalam rangka penyerapan gabah  di Kel. Biru, Kec. Tanete Riattang, Kab. Bone.  
#tniad
#puspentni
#TNIindonesia
#kodam14hasanuddin
#kementanri 
#bulog 
@kementerianpertanian",kodimbone
@kodimbone,2025-03-19 00:32,"Babinsa Koramil  21/Palakka Serka Yusri bersama PPL Kecamatan dampingi petugas Bulog Bone dalam rangka pembelian gabah hasil panen petani  Desa Tanah Tengngah, Kec. Palakka, Kab. Bone.
#tniad
#puspentni
#TNIindonesia
#kodam14hasanuddin
#kementanri 
#bulog 
@kementerianpertanian",kodimbone
@kodimbone,2025-03-19 00:29,"Babinsa Koramil 15/Mare Kodim 1407/Bone Serda Yusuf Ahmad melaksanakan pembinaan Perlawanan Wilayah (Wanwil) kepada Murid Sekolah Dasar Inpres 680 Desa Ujung Tanah, Kec. Mare, Kab. Bone. Rabu (19/03/25).
#tniad
#puspentni
#TNIindonesia
#kodam14hasanuddin",kodimbone
@takalar_kodim,2025-03-19 00:22,"Sukseskan Ketahanan Pangan, Babinsa Koramil 1426-06/Mapsu Pendampingan Petani Panen Padi 

#tniad
#dispenad
#puspentni
#TNIindonesia
#kodam14hasanuddin
#korem141toddopuli",Kodim_Takalar
@takalar_kodim,2025-03-19 00:10,"Jelang Buka Puasa, Koramil 1426-04/Galesong Bagi-bagi Takjil Kepada Para Pengguna Jalan 

#tniad
#dispenad
#puspentni
#TNIindonesia
#kodam14hasanuddin
#korem141toddopuli",Kodim_Takalar
@Brianstee24,2025-03-18 22:53,"Dari dulu suka bgt sama pak TNI 
Semoga suatu saat nanti bisa punya temen TNI 
#tniad #TNIADBerjuangBersamaRakyat #tniad 
#bravotni",Brian25
@takalar_kodim,2025-03-18 21:48,"Personel Koramil 1426-05/Marbo, Safari Sholat Subuh Berjamaah di Masjid Wilayah Binaan 

#tniad
#dispenad
#puspentni
#TNIindonesia
#kodam14hasanuddin
#korem141toddopuli",Kodim_Takalar
@kodam_mlw,2025-03-18 21:40,"Hulu Sungai Selatan - Indahnya Ramadhan 1446 H, Kodim 1003/HSS Berbagi Takjil di Halaman Makodim 1003/HSS, Selasa (18/03/25).

#kodamvimulawarman 
#tniad
#tniprima
#marhabanyaramadhan",Kodam VI/Mulawarman
@korem091asn,2025-03-18 20:34,"Peringatan Nuzulul Qur’an dan Buka Bersama Jalin Silaturahmi 
#tni_angkatan_darat #kodam_mlw #tniprima #profesional #responsif #integratif #modern #adaptif #tniadmengabdidanmembangunbersamarakyat #tentararakyat #infokomando #tniad #korem091asn #bersamarakyattnikuat #prajuritmlw",KOREM 091/ASN
@kodim_jeneponto,2025-03-18 20:31,"Buanglah sampah pada tempatnya, dan Jangan biarkan sampah mengotori lingkungan kita

 #tni
 #tniindonesia
 #puspentni
 #tniad
 #kodam14hasanuddin
 #korem141toddopuli
#tnimanunggalrakyat
#abdinegara",Kodim_Jeneponto
@korem091asn,2025-03-18 20:27,"Optimalisasi Lahan Pertanian di Kaltim 
#tni_angkatan_darat #kodam_mlw #tniprima #profesional #responsif #integratif #modern #adaptif #tniadmengabdidanmembangunbersamarakyat #tentararakyat #infokomando #tniad #korem091asn #bersamarakyattnikuat #prajuritmulawarman",KOREM 091/ASN
@Jurnalpatroli_,2025-03-18 16:02,"jurnalpatrolinews.co.id/pusp…  Banjir yang melanda wilayah Parapat, Kabupaten Simalungun, aksi cepat tanggap dari Korem 022/PT, Kodim 0207/Simalungun, #tniad #dispenad #simalungun #banjirbandang",JurnalPatroliNews
@Kodam9Udayana,2025-03-18 15:57,"Penerimaan Bintara PK TNI AD TA 2025 Dibuka‼️

Bergabunglah dengan TNI Angkatan Darat dan jadilah bagian dari garda terdepan penjaga NKRI!

#BintaraPK2025 #TNIAD #RekrutmenTNIAD #BelaNegara #Indonesia #TNIPRIMA #TNIADPrima #TNIADbekerjadenganhati #TNIADDihatiRakyat",Kodam IX/Udayana
@Kodam12Tpr,2025-03-18 14:22,"Ayo hadiri acara Bazar Murah menyambut Hari Raya Idul Fitri 1446 H di Lapangan Tidayu Kodam XII/Tanjungpura, tanggal 25 Maret 2025 pukul 08.00 pagi hingga selesai.

#TNI #TNIAD #tniadberjuangbersamarakyat #kodamtanjungpura",Kodam Tanjungpura
@kodim_jeneponto,2025-03-18 14:00,"Penuh Semangat Dan Bahagia, Prajurit Dan Persit Koramil 1425-04/Kelara Berbagi Takjil Buka Puasa. Selasa, 18/03/2025.

#tni
#tniindonesia
#puspentni
#tniad
#kodam14hasanuddin
#korem141toddoppuli
#tnimanunggalrakyat",Kodim_Jeneponto
@SitorusAh,2025-03-18 11:52,"Kalian keluarganya gk usah menangis, tangisilah 3 anggota polisi yg gugur krn menjalankan tugas dan tangisilah dirimu sendiri krn ternyata uang yg dibawa gk semuanya halal.Lagipula yg namanya razia sdh pasti dilakukan petugas bukan orang sipil. Harus ada nalar. #puspenTNI #TNIAD",Joni AH Sitorus
@AlorKodim,2025-03-18 10:29,"Babinsa Dampingi Masyarakat Dalam Pendaftaran BPJS

Penulis: FaisalMuhammad 
(Pendim1622/Alor)
#tniad 
#tniprima 
#tnibersamarakyat 
#tnidihatirakyat
#tnimengabdidanmembangunbersamarakyat
#prajaraksakaperdulirakyat

Cek berita selengkapnya disini>>
arashnews.com/2025/03/babins…",Kodim 1622 Alor
@kodamhasanuddin,2025-03-18 10:21,"Pangdam XIV/Hsn Hadiri Doa Bersama Peringatan Nuzulul Qur’an 1446 H Kodam XIV/Hsn

""Kodam XIV/Hasanuddin Gelar Doa Bersama Maknai Nuzulul Qur’an sebagai Pedoman Hidup""

#tniad
#dispenad
#puspentni
#TNIindonesia",Kodam Hasanuddin
@ditkumad,2025-03-18 10:06,"Peringatan Nuzulul Qur'an Tahun 1446 H / 2025 M

#tniprima #tniad #tnikuatbersamarakyat 
#korpschk #korpshukumtniad #armylegalservice #penditkumad #masjidsyuhadaditkumad #nuzululqur'an

facebook.com/share/p/16Xsjvs…

instagram.com/p/DHVi5LgyIlh/…",DITKUMAD
@kodamhasanuddin,2025-03-18 09:52,"Satkowil Kodam XIV/Hsn dan Bulog Bersinergi: Optimalisasi Ketahanan Pangan, Beri Solusi Untuk Petani Lewat Sergab Gabah

#tniad
#dispenad
#puspentni
#TNIindonesia
#ketahananpangan",Kodam Hasanuddin
@Kodim_Tator,2025-03-18 09:30,"Babinsa Koramil 1414-02/Rantepao Pratu Baharuddin melaksanakan kegiatan pemantauan pemberian makan bergizi bertempat di SDN 2 Rantepao, Kec. Rantepao, Kab. Toraja Utara.
Selasa, 18/03/2025

#tniad
#dispenad
#puspentni
#TNIindonesia
#kodam14hasanuddin",Kodim Tator
@Cakra_Kostrad,2025-03-18 08:14,"Yonarmed 13 Kostrad Gelar Uji Terampil Jabatan Cuk/Ru/Pok di Sukabumi
@Puspen_TNI @tni_ad @divif_1_kostrad @divif2kostrad @divif3kostrad #tni #tniad #Kostrad #Cakra #kostradpeduli #kostradberbagi #TNIADMengabdiDanMembangunBersamaRakyat #penkostrad",Kostrad
@Cakra_Kostrad,2025-03-18 08:14,"Karya Bakti Prajurit, Wujud Pengabdian 75 Tahun Yonarhanud 1 Kostrad
@Puspen_TNI @tni_ad @divif_1_kostrad @divif2kostrad @divif3kostrad #tni #tniad #Kostrad #Cakra #kostradpeduli #kostradberbagi #TNIADMengabdiDanMembangunBersamaRakyat #penkostrad",Kostrad
@Cakra_Kostrad,2025-03-18 08:13,"Prajurit Yonbekang 2 Kostrad Berbagi Takjil untuk Pengguna Jalan, Wujud Kepedulian di Bulan Ramadan
@Puspen_TNI @tni_ad @divif_1_kostrad @divif2kostrad @divif3kostrad #tni #tniad #Kostrad #Cakra #kostradpeduli #kostradberbagi #TNIADMengabdiDanMembangunBersamaRakyat #penkostrad",Kostrad
@Cakra_Kostrad,2025-03-18 08:13,"Satgas Pamtas Yonarmed 11 Kostrad Bagikan Takjil kepada Masyarakat di Perbatasan
@Puspen_TNI @tni_ad @divif_1_kostrad @divif2kostrad @divif3kostrad #tni #tniad #Kostrad #Cakra #kostradpeduli #kostradberbagi #TNIADMengabdiDanMembangunBersamaRakyat #penkostrad",Kostrad
@Cakra_Kostrad,2025-03-18 08:12,"Menjelang Akhir Misi, Satgas Indobatt XXIII-R/UNIFIL Tetap Tunjukkan Profesionalisme di Lebanon
@Puspen_TNI @tni_ad @divif_1_kostrad @divif2kostrad @divif3kostrad #tni #tniad #Kostrad #Cakra #kostradpeduli #kostradberbagi #TNIADMengabdiDanMembangunBersamaRakyat #penkostrad",Kostrad
@Cakra_Kostrad,2025-03-18 08:12,"Satgas Yonif 501 Kostrad Laksanakan Pemeriksaan Kesehatan Gratis di Kampung Asiafsamaan, Maybrat
@Puspen_TNI @tni_ad @divif_1_kostrad @divif2kostrad @divif3kostrad #tni #tniad #Kostrad #Cakra    #kostradpeduli #kostradberbagi #TNIADMengabdiDanMembangunBersamaRakyat #penkostrad",Kostrad
@takalar_kodim,2025-03-18 06:47,"Babinsa Koramil 1426-01/Polut Laksanakan Pendampingan Kegiatan Posyandu Untuk Menekan Angka Stunting 

#tniad
#dispenad
#puspentni
#TNIindonesia
#kodam14hasanuddin
#korem141toddopuli",Kodim_Takalar
@kodim1418mamuju,2025-03-18 06:44,"“Cegah Banjir, Koramil 1418-04/Budong-Budong Bersihkan Pinggir Jalan di Desa Waeputeh”

#tniad #dispenad #puspentni #TNIindonesia #kodam14hasanuddin",Kodim1418/Mamuju
@Pussenarhanud36,2025-03-18 06:36,"Jam Komandan Kepada Anggota Pussenarhanud
Cimahi, 18 Maret 2025

#tni #tniad #arhanud #Pussenarhanud #PrajuritPengawalAngkasaSakti #VyatiRakcaBhalaCakti

@puspentni 
@tni_angkatan_darat",Pussenarhanud TNI AD
@takalar_kodim,2025-03-18 06:35,"Koramil 1426-04/Galesong Bersama Warga Kerja Bakti Bersihkan Saluran Air dan Bahu Jalan 

#tniad
#dispenad
#puspentni
#TNIindonesia
#kodam14hasanuddin
#korem141toddopuli",Kodim_Takalar
@WajoKodim,2025-03-18 06:08,"Babinsa Koramil 1406-10/Pitumpanua Laksanakan Puldatater di Desa Kaluku
#tniad
#dispenad
#puspentni
#TNIindonesia
#kodam14hasanuddin
#korem141toddopuli",Kodim Wajo
@KodamKasuari,2025-03-18 06:07,"Panglima Komando Daerah Militer (Pangdam) XVIII/Kasuari, Mayor Jenderal TNI Jimmy Ramoz Manalu, S.Hub.Int., M.H.I., didampingi oleh Ketua Persit Kartika Chandra Kirana (KCK) PD XVIII/Kasuari, Ny. Arlin Jimmy Ramoz, melaksanakan kunker ke Korem 181/PVT

#TNIAD",Kodam XVIII/Kasuari
@WajoKodim,2025-03-18 06:06,"Babinsa Koramil 1406-08/Sabbangparu Bantu Pembangunan Rumah Warga di Desa Bila
#tniad
#dispenad
#puspentni
#TNIindonesia
#kodam14hasanuddin
#korem141toddopuli",Kodim Wajo
@WajoKodim,2025-03-18 06:06,"Babinsa Koramil 1406-07/Takkalalla Ajak Warga Jaga Ketertiban dan Silaturahmi di Bulan Ramadan
#tniad
#dispenad
#puspentni
#TNIindonesia
#kodam14hasanuddin
#korem141toddopuli",Kodim Wajo
@WajoKodim,2025-03-18 06:05,"Babinsa Koramil 1406-06/Pammana Laksanakan Pengumpulan Data Teritorial di Desa Abbanuangnge
#tniad
#dispenad
#puspentni
#TNIindonesia
#kodam14hasanuddin
#korem141toddopuli",Kodim Wajo
@WajoKodim,2025-03-18 06:04,"Babinsa Koramil 1406-05/Majauleng Dampingi Pengukuran Kebun Warga di Desa Botto Tanre
#tniad
#dispenad
#puspentni
#TNIindonesia
#kodam14hasanuddin
#korem141toddopuli",Kodim Wajo
@WajoKodim,2025-03-18 06:03,"Babinsa Koramil 1406-04/Belawa Bersama Bhabinkamtibmas Bantu Warga Bangun Saluran Irigasi
#tniad
#dispenad
#puspentni
#TNIindonesia
#kodam14hasanuddin
#korem141toddopuli",Kodim Wajo
@WajoKodim,2025-03-18 06:02,"Babinsa Koramil 1406-03/Maniangpajo Jalin Komunikasi Sosial dengan Staf Kelurahan Gilireng
#tniad
#dispenad
#puspentni
#TNIindonesia
#kodam14hasanuddin
#korem141toddopuli",Kodim Wajo
@KodamKasuari,2025-03-18 06:01,"Babinsa Satgaster Kodim 1809/Maybrat Pratu Alex melaksanakan kegiatan Komunikasi Sosial (Komsos) berinteraksi dengan Bapak Pilipis Bleskadit sekaligus menekankan tentang menjaga keamanan dan ketertiban lingkungan Kampung Fanse

#TNIADbekerjadenganhati
#TNIADDihatiRakyat
#TNIAD",Kodam XVIII/Kasuari
@WajoKodim,2025-03-18 06:00,"Babinsa Koramil 1406-02/Tanasitolo Jalin Komunikasi dengan Staf Desa Mannagae
#tniad
#dispenad
#puspentni
#TNIindonesia
#kodam14hasanuddin
#korem141toddopuli",Kodim Wajo
@WajoKodim,2025-03-18 06:00,"Babinsa Koramil 1406-01/Tempe Dampingi Mediasi Permasalahan Penjualan Ayam di Pasar Tempe
#tniad
#dispenad
#puspentni
#TNIindonesia
#kodam14hasanuddin
#korem141toddopuli",Kodim Wajo
@WajoKodim,2025-03-18 05:59,"Koramil 1406-09/Sajoanging Bersama Warga Gelar Karya Bakti Bersihkan Sungai di Lingkungan Mualla
#tniad
#dispenad
#puspentni
#TNIindonesia
#kodam14hasanuddin
#korem141toddopuli",Kodim Wajo
@Kodim_Tator,2025-03-18 05:59,"Babinsa Koramil 1414-08/Bonggakaradeng Praka Edwin Sungkara melaksanakan komsos bersama Masyarakat binaan di Kel. Rattebuttu Kec. Bonggakaradeng Kab. Tana Toraja.
Selasa, 18/03/2025

#tniad
#dispenad
#puspentni
#TNIindonesia
#kodam14hasanuddin",Kodim Tator
@Kodim_Tator,2025-03-18 05:58,"Babinsa Koramil 1414-09/Saluputti Sertu Marthen Sirua melaksanakan kegiatan ketahanan pangan bersama Masyarakat binaan di Dusun Tumonga Lembang/Desa Tonglo Kec. Rantetayo Kab. Tana Toraja.
Selasa, 18/03/2025

#tniad
#dispenad
#puspentni
#TNIindonesia
#kodam14hasanuddin",Kodim Tator
@kodamhasanuddin,2025-03-18 05:58,"Kapoksahli Pangdam XIV/Hasanuddin Ikuti Rakornas PB Tahun 2025

""Rakornas PB 2025: Sinergi Nasional untuk Kesiapsiagaan dan Respons Bencana""

#tniad
#dispenad
#puspentni
#TNIindonesia",Kodam Hasanuddin
@puspom_tni_ad,2025-03-18 05:53,"Dandenpom II/3 Lampung Hadiri Rakor Lintas Sektoral Oprasi Ketupat Krakatau 2025

#tniadprima 
#tniad 
#tniadmengabdimembangunbersamarakyat 
#denpomlampung😁",puspom_tni_ad
@KodamKasuari,2025-03-18 05:44,"Babinsa Koramil 1801-01/Manokwari Serma Boas Bolang, Serka Piter Loho dibantu mitra karib Saudara Toni Rumateray mengolah lahan kosong menjadi lahan perkebunan di belakang Asrama Koramil 1801-01/Manokwari

#TNIADbekerjadenganhati
#TNIADDihatiRakyat
#TNIADPrima
#TNIAD",Kodam XVIII/Kasuari
@kodimainjai,2025-03-18 05:43,"KPU Sinjai Berikan Penghargaan kepada Dandim 1424/Sinjai atas Dukungan dan Partisipasi dalam Pemilihan Serentak 2024.

#tniad
#dispenad
#puspentni
#TNIindonesia
#kodam14hasanuddin",Kodim 1424 Sinjai
@puspom_tni_ad,2025-03-18 05:25,"Ws. Danpuspomad Laksanakan Safari Ramadhan Di Pomdam XV/Pattimura

#tniadprima 
#tniad 
#tniadmengabdimembangunbersamarakyat 
#Puspomad 
#pomdampattimura",puspom_tni_ad
@KodamJayakarta,2025-03-18 05:13,"Safari Ramadan Pangdam Jaya bersama Prajurit Jajaran Korem 051/Wijayakarta di Kodim 0504/Jakarta Selatan

#tniadmengabdidanmembangunbersamarakyat #tniad #tniadprima #kodamjaya #pangdamjaya #safariramadhan #korem051wkt #jakartaselatan",Kodam Jaya/Jayakarta
@15Malili,2025-03-18 03:46,"PERSONIL KORAMIL 1403-15/Malili Melaksanakan pendampingan Program Makanan Bergizi yang diselenggarakan oleh SPPG Yayasan Bowo Garuda Indonesia kab Luwu Timur Untuk 9 Titik Sekolah yang Ada di kec Mallili Kab Luwu Timur 
#tniad 
#dispenad 
#puspentni 
#kodam14hasanuddin",Koramil 1403-15 Malili
@Kodim_Tator,2025-03-18 03:45,"Personil Koramil 1414-08/Bonggakaradeng gotong royong bersama masyarakat setempat melaksanakan pembersihan lingkungan bertempat di Lembang Rano Tengah, Kec. Rano, Kab. Tana Toraja.
Selasa, 18/03/2025

#tniad
#dispenad
#puspentni
#TNIindonesia
#kodam14hasanuddin",Kodim Tator
@Kodim_Tator,2025-03-18 03:41,"Babinsa Koramil 1414-01/Makale Sertu Yohanes Pasa' Melaksanakan Penataan Pasar Makale Bersama Tim KKS Makale Kelurahan Tondon Mamulu, Kec. Makale, Kab. Tana Toraja.
Selasa, 18/03/2025

#tniad
#dispenad
#puspentni
#TNIindonesia
#kodam14hasanuddin",Kodim Tator
@kodimainjai,2025-03-18 03:29,"Satgas TMMD ke-123 Kodim 1424/Sinjai Gelar Buka Puasa Bersama di Masjid Desa Lamatti Riawang, Kecamatan Bulupoddo, Kabupaten Sinjai, Senin (17/3/2025) malam.

#tniad
#dispenad
#puspentni
#TNIindonesia
#kodam14hasanuddin",Kodim 1424 Sinjai
@kodimainjai,2025-03-18 03:25,"Satgas TMMD ke-123 Kodim 1424/Sinjai Bersihkan Lumpur di Jembatan Menggunakan Mesin Pompa Air di Desa Lamatti Riawang, Kecamatan Bulupoddo, Kabupaten Sinjai

#tniad
#dispenad
#puspentni
#TNIindonesia
#kodam14hasanuddin",Kodim 1424 Sinjai
@kodimainjai,2025-03-18 03:21,"Tugu Prasasti Sedang Diukir, Pertanda TMMD ke-123 di Wilayah Kodim 1424/Sinjai Segera Berakhir yang akan menjadi simbol keberhasilan dan dedikasi dalam membangun desa, Selas (18/3/2025).

#tniad
#dispenad
#puspentni
#TNIindonesia
#kodam14hasanuddin",Kodim 1424 Sinjai
@N21820Garuda,2025-03-18 03:21,Mahfud MD: Di Era Reformasi Banyak Pejabat Sipil Lebih Militer dari Militer #Prabowo #Indonesia #IndonesiaGelap #KaburAjaDulu #kaburduluaja #CariMasHilal #Pagiii #MahfudMD #TNI #TNIAD #TNIAL #TNIAU #MabesTNI #PalimaTNI #TolakRUUTNI #TolakRevisiUUTNI #CaratSelcaDay #Almaz #Israel,SuaraBersama
@kodimainjai,2025-03-18 03:12,"Satgas TMMD ke-123 Kodim 1424/Sinjai Lanjutkan Tahap Terakhir Pembuatan Tanggul di Desa Lamatti Riawang di Desa Lamatti Riawang, Kecamatan Bulupoddo, Kabupaten Sinjai telah memasuki tahap terakhir, Selasa (18/3/2025).

#tniad
#dispenad
#puspentni
#TNIindonesia
#kodam14hasanuddin",Kodim 1424 Sinjai
@kodimainjai,2025-03-18 03:02,"Satgas TMMD ke-123 Kodim 1424/Sinjai Bersihkan dan Bakar Sampah di Sekitar Jembatan yang Telah Dibangun di Desa Lamatti Riawang, Kecamatan Bulupoddo, Kabupaten Sinjai, Selasa (18/3/2025).

#tniad
#dispenad
#puspentni
#TNIindonesia
#kodam14hasanuddin",Kodim 1424 Sinjai
@kodimainjai,2025-03-18 02:57,"Satgas TMMD ke-123 Kodim 1424/Sinjai Lanjutkan Finishing Jembatan dengan Plesteran Pembatas di Desa Lamatti Riawang, Kecamatan Bulupoddo, Kabupaten Sinjai, Selasa (18/3/2025).

#tniad
#dispenad
#puspentni
#TNIindonesia
#kodam14hasanuddin",Kodim 1424 Sinjai
@kodimainjai,2025-03-18 02:51,"Satgas TMMD ke-123 Kodim 1424/Sinjai Siapkan Material untuk Plesteran Pembatas Jembatan di Desa Lamatti Riawang di Desa Lamatti Riawang, Kecamatan Bulupoddo, Kabupaten Sinjai, Selasa (18/3/2025).

#tniad
#dispenad
#puspentni
#TNIindonesia
#kodam14hasanuddin",Kodim 1424 Sinjai
@kodimainjai,2025-03-18 02:44,"Satgas TMMD ke-123 Kodim 1424/Sinjai Lepas Cetakan Cor Pembatas Jembatan yang Sudah Mengeras di Desa Lamatti Riawang, Kecamatan Bulupoddo, Kabupaten Sinjai, Selasa (18/3/2025).

#tniad
#dispenad
#puspentni
#TNIindonesia
#kodam14hasanuddin",Kodim 1424 Sinjai
@1420_sidrap,2025-03-18 02:40,"Koramil 1420-07/Baranti  dan Warga  Gelar Karya Bhakti Bersihkan Saluran Air.
Selasa (18/03/2025). 

#tniad
#dispenad
#puspentni
#TNIindonesia
#kodam14hasanuddin
#korem141toddopuli",Kodim 1420 Sidrap
@kodimainjai,2025-03-18 02:24,"Babinsa Bulukamase Koramil 05/Sinjai Selatan Kodim 1424/Sinjai Komsos Bersama Staf Desa di Kantor Desa Bulukamase Kec. Sinjai Selatan Kab. Sinjai

#tniad
#dispenad
#puspentni
#TNIindonesia
#kodam14hasanuddin",Kodim 1424 Sinjai
@kodam_mlw,2025-03-18 02:24,"Penajam Paser Utara – Pangdam VI/Mulawarman bersama Ketua Persit KCK PD VI/Mulawarman, menggelar buka puasa bersama dengan prajurit dan keluarga besar Kodim 0913/PPU, Senin (17/02/25).

#kodamvimulawarman
#tniad
#tniprima",Kodam VI/Mulawarman
@kodimainjai,2025-03-18 02:20,"Babinsa Bulutellue Pos Ramil 01/Bulupoddo Kodim 1424/Sinjai Laksanakan Pendampingan Panen Raya Jagung Padat Karya Tunai Desa   di Dusun Tanah Tekko Desa Bulutellue Kec. Bulupoddo Kab. Sinjai

#tniad
#dispenad
#puspentni
#TNIindonesia
#kodam14hasanuddin",Kodim 1424 Sinjai
@AlorKodim,2025-03-18 02:17,"Wujudkan Swasembada Pangan, Babinsa Bantu Petani di Sawah

Penulis: FaisalMuhammad 
(Pendim1622/Alor)
#tniad 
#tniprima 
#tnibersamarakyat 
#tnidihatirakyat
#tnimengabdidanmembangunbersamarakyat
#prajaraksakaperdulirakyat

Cek berita selengkapnya disini>>

arashnews.com/2025/03/wujudk…",Kodim 1622 Alor
@kodimainjai,2025-03-18 02:14,"Babinsa Mannanti Pos Ramil 05/Tellulimpoe Kodim 1424/Sinjai Komsos Dengan Melayat Ke Rumah Duka bertempat di Lingk. Bonto Mangape Kel. Mannanti Kec. Tellulimpoe Kab. Sinjai

#tniad
#dispenad
#puspentni
#TNIindonesia
#kodam14hasanuddin",Kodim 1424 Sinjai
@kodimainjai,2025-03-18 02:10,"Babinsa Pasimarannu Koramil 04/Sinjai Timur Kodim 1424/Sinjai Komsos Bersama Warga Binaan di Dusun Pasahakue Desa Pasimarannu Kec. Sinjai Timur Kab. Sinjai

#tniad
#dispenad
#puspentni
#TNIindonesia
#kodam14hasanuddin",Kodim 1424 Sinjai
@kodimainjai,2025-03-18 02:06,"Babinsa Samaturue Pos Ramil 05/Tellulimpoe Kodim 1424/Sinjai Komsos Bersama Para Pemuda di Dusun Korong Desa Samaturue Kec. Tellulimpoe Kab. Sinjai

#tniad
#dispenad
#puspentni
#TNIindonesia
#kodam14hasanuddin",Kodim 1424 Sinjai
@kodimainjai,2025-03-18 02:01,"Babinsa Kampala Koramil 04/Sinjai Timur Kodim 1424/Sinjai Dampingi Penyaluran Benih Jagung Hibrida Kepada Para Ketua Poktani di Desa Kampala Kec. Sinjai Timur Kab. Sinjai

#tniad
#dispenad
#puspentni
#TNIindonesia
#kodam14hasanuddin",Kodim 1424 Sinjai
@kodimainjai,2025-03-18 01:54,"Babinsa Saotengah Pos Ramil 05/Tellulimpoe Kodim 1424/Sinjai Komsos Bersama Warga Binaan di Dusun Lappae Desa Saotengah Kec. Tellulimpoe Kab. Sinjai

#tniad
#dispenad
#puspentni
#TNIindonesia
#kodam14hasanuddin",Kodim 1424 Sinjai
@kodam_mlw,2025-03-18 01:54,"Balikpapan – Kasdam VI/Mulawarman Hadiri Launching Satuan Pelayanan Pemenuhan Gizi Polri Bersama Forkopimda Kaltim, Senin (17/03/25), bertempat di Ruang Rapat Utama (Rupatama) Polda Kaltim.

#kodamvimulawarman
#tniad
#tniprima",Kodam VI/Mulawarman
@sejatidindaa,2025-03-18 01:53,"Waspada taktik licik OPM

#KSTP #OPM #opmmusuhmasyarakat #OPMgallery #KKB #TolakOPM #Papua #PapuaIndonesia  #TNIAD #papuaviral  #TNIADbekerjadenganhati",dinda sejati
@sejatidindaa,2025-03-18 01:52,"OPM pengecut jadikan masyarakat papua sebagai tameng

#KSTP #OPM #opmmusuhmasyarakat #OPMgallery #KKB #TolakOPM #Papua #PapuaIndonesia  #TNIAD #papuaviral  #TNIADbekerjadenganhati",dinda sejati
@sejatidindaa,2025-03-18 01:52,"TNI Polri lindungi masyarakat Papua

#KSTP #OPM #opmmusuhmasyarakat #OPMgallery #KKB #TolakOPM #Papua #PapuaIndonesia  #TNIAD #papuaviral  #TNIADbekerjadenganhati #zelena",dinda sejati
@sejatidindaa,2025-03-18 01:51,"TNI Polri bersama Rakyat 

#KSTP #OPM #opmmusuhmasyarakat #OPMgallery #KKB #TolakOPM #Papua #PapuaIndonesia  #TNIAD #papuaviral  #TNIADbekerjadenganhati",dinda sejati
@kodimainjai,2025-03-18 01:46,"Babinsa Saukang Koramil 04/Sinjai Timur Kodim 1424/Sinjai Bersama Warga Gotong Royong Dengan Sasaran Penebangan Pohon di Pinggir Jalan bertempat Dusun Bakae Desa Saukang Kec. Sinjai Timur Kab. Sinjai

#tniad
#dispenad
#puspentni
#TNIindonesia
#kodam14hasanuddin",Kodim 1424 Sinjai
@kodam_mlw,2025-03-18 01:43,"Sebuku – Satgas Pamtas Yonarmed 11 Kostrad Bagikan Takjil kepada Masyarakat di Perbatasan, sekitar Kecamatan Sebuku dan Tulin Onsoi, Kabupaten Nunukan, Kalimantan Utara, pada Minggu (16/03/25). 

#kodamvimulawarman
#tniad
#tniprima",Kodam VI/Mulawarman
@kodimainjai,2025-03-18 01:39,"Babinsa Samaenre Koramil 03/Sinjai Tengah Kodim 1424/Sinjai Dampingi Kegiatan Pasar Murah Yang Digelar Oleh Disperindag Dan ESDM Kab Sinjai di Lapangan Sepak Bola Lappadata Kel. Samaenre Kec. Sinjai Tengah Kab. Sinjai

#tniad
#dispenad
#puspentni
#TNIindonesia
#kodam14hasanuddin",Kodim 1424 Sinjai
@kodimainjai,2025-03-18 01:34,"Babinsa Pattongko Pos Ramil 1424-05/Tellulimpoe Kodim 1424/Sinjai Dampingi Penyerapan Gabah Milik Petani di Dusun Pakka Desa Pattongko Kec. Tellulimpoe Kab. Sinjai

#tniad
#dispenad
#puspentni
#TNIindonesia
#kodam14hasanuddin",Kodim 1424 Sinjai
@Cakra_Kostrad,2025-03-18 01:31,"Laksanakan perintah Pangkostrad untuk Tanggap Bencana di wilayah, Yonif 330 Tri Dharna terjunkan pasukan bantu bencana banjir di Sumedang
@Puspen_TNI @tni_ad #tni #tniad #Kostrad #Cakra    #kostradpeduli #kostradberbagi #TNIADMengabdiDanMembangunBersamaRakyat #penkostrad",Kostrad
@Cakra_Kostrad,2025-03-18 01:30,"""NGABRET"" Majalengka Dimulai, TNI dan Pemda Bersatu Bangun Akses Desa
@Puspen_TNI @tni_ad @divif_1_kostrad @divif2kostrad @divif3kostrad #tni #tniad #Kostrad #Cakra    #kostradpeduli #kostradberbagi #TNIADMengabdiDanMembangunBersamaRakyat #penkostrad",Kostrad
@Cakra_Kostrad,2025-03-18 01:30,"Karya Bakti Prajurit, Wujud Pengabdian 75 Tahun Yonarhanud 1 Kostrad
@Puspen_TNI @tni_ad @divif_1_kostrad @divif2kostrad @divif3kostrad #tni #tniad #Kostrad #Cakra    #kostradpeduli #kostradberbagi #TNIADMengabdiDanMembangunBersamaRakyat #penkostrad",Kostrad
@Cakra_Kostrad,2025-03-18 01:30,"Denpom Divif 1 Kostrad Berbagi Takjil di Bulan Suci Ramadhan
@Puspen_TNI @tni_ad @divif_1_kostrad @divif2kostrad @divif3kostrad #tni #tniad #Kostrad #Cakra    #kostradpeduli #kostradberbagi #TNIADMengabdiDanMembangunBersamaRakyat #penkostrad",Kostrad
@Cakra_Kostrad,2025-03-18 01:29,"Yonif 411 Kostrad dan SAF Bahas Persiapan Latihan Bersama Safkar Indopura 2025
@Puspen_TNI @tni_ad @divif_1_kostrad @divif2kostrad @divif3kostrad #tni #tniad #Kostrad #Cakra    #kostradpeduli #kostradberbagi #TNIADMengabdiDanMembangunBersamaRakyat #penkostrad",Kostrad
@Cakra_Kostrad,2025-03-18 01:29,"Komandan Satgas Yonif 503 Kostrad Terima Penghargaan Kebanggaan Warga Papua
@Puspen_TNI @tni_ad @divif_1_kostrad @divif2kostrad @divif3kostrad #tni #tniad #Kostrad #Cakra    #kostradpeduli #kostradberbagi #TNIADMengabdiDanMembangunBersamaRakyat #penkostrad",Kostrad
@Cakra_Kostrad,2025-03-18 01:28,"Pangkostrad Pimpin Upacara 17-an di Makostrad
@Puspen_TNI @tni_ad @divif_1_kostrad @divif2kostrad @divif3kostrad #tni #tniad #Kostrad #Cakra    #kostradpeduli #kostradberbagi #TNIADMengabdiDanMembangunBersamaRakyat #penkostrad",Kostrad
@kodimainjai,2025-03-18 01:24,"Babinsa Lembang Lohe Pos Ramil 05/Tellulimpoe Kodim 1424/Sinjai Laksanakan Pendampingan Panen Jagung Milik Petani di Dusun Tippulue Desa Lembang Lohe Kec. Tellulimpoe Kab. Sinjai

#tniad
#dispenad
#puspentni
#TNIindonesia
#kodam14hasanuddin",Kodim 1424 Sinjai
@kodimainjai,2025-03-18 01:19,"Babinsa Palangka Koramil 05/Sinjai Selatan Kodim 1424/Sinjai Dampingi Kegiatan Posyandu untuk Cegah Stunting di Dusun Baru, Desa Palangka, Kecamatan Sinjai Selatan, Kabupaten Sinjai, Selasa (18/03/2025)

#tniad
#dispenad
#puspentni
#TNIindonesia
#kodam14hasanuddin",Kodim 1424 Sinjai
@kodam_mlw,2025-03-18 01:13,"Long Midang – Sinergi TNI dan Masyarakat: Satgas Pamtas Yonzipur 8/SMG Dorong Pengolahan Garam Gunung Krayan di Perbatasan RI-Malaysia, pada Senin (17/03/25).

#kodamvimulawarman
#tniad
#tniprima",Kodam VI/Mulawarman
@kodimainjai,2025-03-18 01:12,"Bamin Tuud Koramil 1424-06/Sinjai Borong Kodim 1424/Sinjai Hadiri Kegiatan Musyawarah Perencanaan Pembanguan (Musrenbang) Penyusunan RKPD Kab Sinjai di Aula Kantor Desa Biji Nangka Kec. Sinjai  Borong Kab. Sinjai

#tniad
#dispenad
#puspentni
#TNIindonesia
#kodam14hasanuddin",Kodim 1424 Sinjai
@takalar_kodim,2025-03-18 01:10,"Babinsa Koramil 1426-07/Pattallassang Sertu Syafaruddin Melaksanakan Komsos Dengan Lurah Dan Stafnya 

#tniad
#dispenad
#puspentni
#TNIindonesia
#kodam14hasanuddin
#korem141toddopuli",Kodim_Takalar
@kodimbone,2025-03-18 01:07,"Semarakkan bulan ramadhan penuh berkah, anggota Koramil 1407-10/Ponre dan Persit berbagi takjil buka puasa kepada pengguna jalan yang berlokasi di depan kantor Koramil Desa Pattimpa, Kec. Ponre, Kab. Bone. Senin (17/03/25) sore.
#tniad
#puspentni
#TNIindonesia
#kodam14hasanuddin",kodimbone
@kodimbone,2025-03-18 01:06,"Babinsa Koramil 1407-16/Tonra Serda Mardianto dampingi Bulog dalam proses penimbangan gabah petani guna memastikan stabilitas harga gabah, bertempat di Desa Biccoing, Kec. Tonra, Kab. Bone. Senin (17/03/25) malam.
#tniad
#puspentni
#TNIindonesia
#kodam14hasanuddin",kodimbone
@kodimbone,2025-03-18 01:05,"Babinsa Koramil 1407-20/Bontocani Serma Sudirman aktif dampingi petani membantu membersihkan rumput dan gulma di lahan persawahan berlokasi di Desa Mattirowalie, Kec. Bontocani, Kab. Bone. Selasa (18/03/25).
#tniad
#puspentni
#TNIindonesia
#kodam14hasanuddin",kodimbone
@kodimainjai,2025-03-18 01:05,"Pasi Ter Kodim 1424/Sinjai Hadiri Kegiatan Safari Ramadhan Di SD Negeri 159 Marana Dusun Sapuberu Desa Pasimarannu Kec. Sinjai Timur Kab. Sinjai 

#tniad
#dispenad
#puspentni
#TNIindonesia
#kodam14hasanuddin",Kodim 1424 Sinjai
@kodimbone,2025-03-18 01:05,"Babinsa Koramil 11/Barebbo Kodim 1407/Bone Koptu Asdar terjun langsung membantu Bulog melaksanakan penyerapan gabah milik Petani, kegiatan ini dilaksanakan  di Desa kading, Kec. Barebbo. Kab. Bone. Senin (17/03/25) malam.
#tniad
#puspentni
#TNIindonesia
#kodam14hasanuddin",kodimbone
@kodimbone,2025-03-18 01:02,"Babinsa Koramil 1407-02/Dua Boccoe Serda Justan melaksanakan karya bakti membantu pembuatan pondasi rumah milik warga binaannya di Desa Tempe, Kecamatan Dua Boccoe, Kabupaten Bone. Selasa (18/03/25).
#tniad
#puspentni
#TNIindonesia
#kodam14hasanuddin",kodimbone
@kodimbone,2025-03-18 01:01,"Tanamkan jiwa cinta tanah air, Babinsa Koramil 1407-10/Ponre Serda Darwis melaksanakan Pembinaan Perlawanan Wilayah (Binwanwil) kepada pelajar SMPN 2 Ponre berlokasi di Desa Pattimpa, Kec. Ponre, Kab. Bone. Selasa (18/03/25).
#tniad
#puspentni
#TNIindonesia
#kodam14hasanuddin",kodimbone
@kodimbone,2025-03-18 01:00,"Babinsa Koramil 1407-06/Awangpone Koptu Syahwanis hadiri penyaluran Bantuan Langsung Tunai Dana Desa (BLT DD) Ta. 2025 oleh Pemerintah bertempat di kantor Desa Awolagading, Kecamatan Awangpone, Kabupaten Bone. Selasa (18/03/25).
#tniad
#puspentni
#TNIindonesia
#kodam14hasanuddin",kodimbone
@kodimbone,2025-03-18 00:59,"Serka Yasir Argam Babinsa Koramil 03/Cenrana Kodim 1407/Bone ikut serta mendampingi Posyandu Balita dan Ibu Hamil yang dilaksanakan di Posbindu Sejahtera Desa Pusungnge, Kec. Cenrana, Kab. Bone. Selasa (18/03/25).
#tniad
#puspentni
#TNIindonesia
#kodam14hasanuddin",kodimbone
@kodimbone,2025-03-18 00:59,"Babinsa Koramil 15/Mare Kodim 1407/Bone Koptu Muh. Agung Melaksanakan Kerja Bakti bersama warga masyarakat pembersihan kanan kiri jalan di Desa Cege, Kec. Mare, Kab. Bone. Selasa (18/03/25).
#tniad
#puspentni
#TNIindonesia
#kodam14hasanuddin",kodimbone
@kodimbone,2025-03-18 00:58,"Serka Lanete Babinsa Koramil 11/Barebbo Kodim 1407/Bone melaksanakan pendampingan dan pemantauan penyerapan gabah petani di wilayah binaan oleh Bulog Kabupaten Bone, di Desa Congko, Kec. Barebbo, Kab. Bone. Selasa (18/03/25).
#tniad
#puspentni
#TNIindonesia
#kodam14hasanuddin",kodimbone
@kodimainjai,2025-03-18 00:58,"Babinsa Bontosalama Koramil 02/Sinjai Barat Kodim 1424/Sinjai Hadiri Pembukaan Musabaqah Tilawatil Qur'an (MTQ) ke 52 Tingkat Desa  Bontosalama Kec Sinjai Barat Kab. Sinjai 

#tniad
#dispenad
#puspentni
#TNIindonesia
#kodam14hasanuddin",Kodim 1424 Sinjai
@kodimbone,2025-03-18 00:56,"Dandim 1407/Bone ikut serta kerja bakti pagi bersih beramal bersama Forkopimda dalam pembersihan sampah dan selokan/sungai, bertempat di beberapa titik di wilayah Kecamatan Tanete Riattang, Kab. Bone. Selasa (18/03/25).
#tniad
#puspentni
#TNIindonesia
#kodam14hasanuddin",kodimbone
@takalar_kodim,2025-03-18 00:52,"Jelang Buka Puasa, Koramil 1426-03/Galut Bagi-bagi Takjil Kepada Para Pengguna Jalan 

#tniad
#dispenad
#puspentni
#TNIindonesia
#kodam14hasanuddin
#korem141toddopuli",Kodim_Takalar
@kodimainjai,2025-03-18 00:52,"Danramil 1424-01/Sinjai Utara Kodim 1424/Sinjai Laksanakan Safari Ramadhan Di Kampus II Umsi Sinjai Jalan Amanangappa Kel. Lappa Kec. Sinjai Utara Kab. Sinjai 

#tniad
#dispenad
#puspentni
#TNIindonesia
#kodam14hasanuddin",Kodim 1424 Sinjai
@kodam_mlw,2025-03-18 00:47,"Balikpapan - Indahnya Ramadhan 1446 H, Kodim 1001/HSU-Blg Berbagi Takjil di Halaman Makodim 1001-HSU-Blg, Senin (17/03/25).

#kodamvimulawarman 
#tniad
#tniprima
#marhabanyaramadhan",Kodam VI/Mulawarman
@kodam_mlw,2025-03-18 00:28,"Balikpapan - Indahnya Ramadhan 1446 H, Kodam VI/Mulawarman Berbagi Takjil di Halaman Makodam VI/Mulawarman, Senin (17/03/25).

#kodamvimulawarman 
#tniad
#tniprima
#marhabanyaramadhan",Kodam VI/Mulawarman
@korem091asn,2025-03-17 20:45,"Danrem 091/ASN Instruksikan Prajurit Tetap Disiplin Selama Ramadan
#tni_angkatan_darat #kodam_mlw #tniprima #profesional #responsif #integratif #modern #adaptif #tniadmengabdidanmembangunbersamarakyat #tentararakyat #infokomando #tniad #korem091asn #bersamarakyattnikuat",KOREM 091/ASN
@kodamhasanuddin,2025-03-17 20:45,"Kasdam XIV/Hasanuddin Hadiri Buka Puasa Bersama DPW Ratu Prabu Sulsel

#tniad
#dispenad
#puspentni
#TNIindonesia",Kodam Hasanuddin
@korem091asn,2025-03-17 20:38,"Gelar Tabligh Akbar Nuzulul Qur’an, Ajak Umat Merawat Kerukunan dan Cinta Damai
#tni_angkatan_darat #kodam_mlw #tniprima #profesional #responsif #integratif #modern #adaptif #tniadmengabdidanmembangunbersamarakyat #tentararakyat #infokomando #tniad #korem091asn",KOREM 091/ASN
@korem091asn,2025-03-17 20:31,"Presiden Prabowo Subianto Resmikan Stadion Segiri Samarinda, Harapan Baru untuk Sepak Bola Kaltim
#tni_angkatan_darat #kodam_mlw #tniprima #profesional #responsif #integratif #modern #adaptif #tniadmengabdidanmembangunbersamarakyat #tentararakyat #infokomando #tniad #korem091asn",KOREM 091/ASN
@kodim_jeneponto,2025-03-17 15:39,"Tebar Kebahagiaan, Prajurit Dan Persit Koramil 1425-03/Tamalatea Bagi Takjil Buka Puasa Gratis Kepada Masyarakat. Senin, 17/03/2025.

#tni
#tniindonesia
#puspentni
#tniad
#kodam14hasanuddin
#korem141toddoppuli
#tnimanunggalrakyat",Kodim_Jeneponto
@Jurnalpatroli_,2025-03-17 15:37,"jurnalpatrolinews.co.id/pusp…  Akibat curah hujan yang tinggi, Sungai Welaus di Desa Lakekun Utara, Kecamatan Kobalima, Kabupaten Malaka, meluap dan merendam jalan penghubung di wilayah perbatasan. #tniad #tniadmengabdidanmembangunbersamarakyat #dispenad #papua",JurnalPatroliNews
@ditkumad,2025-03-17 14:22,"Dislaikad Gelar Penyuluhan Hukum Bersama Tim Ditkumad

#tniprima
#tniad
#tnikuatbersamarakyat
#korpschk
#korpshukumtniad
#armylegalservice
#penditkumad
#dukkumditkumad
#luhkumditkumad

facebook.com/share/p/1PcJV4e…

instagram.com/p/DHTbcxHSmEh/…",DITKUMAD
@kodimainjai,2025-03-17 14:09,"Dandim 1424/Sinjai Hadiri Safari Ramadhan 1446 H di Masjid Da'watul Iman, Kelurahan Pasir Putih, Kecamatan Sinjai Borong, Kabupaten Sinjai, Senin (17/03/2025).

#tniad
#dispenad
#puspentni
#TNIindonesia
#kodam14hasanuddin",Kodim 1424 Sinjai
@ditkumad,2025-03-17 14:02,"Rapar Koordinasi Perjanjian Kerjasama (PKS) Antara TNI AD Dengan PT. Bank Negara Indonesia Tbk.
#tniprima #tniad #tnikuatbersamarakyat #korpschk #korpshukumtniad #armylegalservice #penditkumad #bankumperdatunditkumad #pksditkumad #bni49
instagram.com/p/DHTYM4JyA7Q/…",DITKUMAD
@Jurnalpatroli_,2025-03-17 12:03,"jurnalpatrolinews.co.id/pusp… Aksi cepat tanggap kembali dilakukan oleh Yonif 330 Tri Dharma, salah satu satuan elite TNI AD di jajaran Brigif 17 Kostrad yang berlokasi di Cicalengka. Kali ini, para Ksatria Tri Dharma  #tniad #tni #dispenad #kostrad #sumedangupdate",JurnalPatroliNews
@koramil16tulung,2025-03-17 10:54,"Babinsa Serda Indradi melaksanakan Pengamanan Penyaluran BLT DD (Bantuan Langsung Tunai Dana Desa) di Desa Kiringan, Kecamatan Tulung, Kabupaten Klaten.

#kodim0723klaten 
#korem074wrt 
#kodamivdiponegoro 
#tniad
                    instagram.com/p/DHTDvGTPDjC/…",koramil Tulung
@KodamJayakarta,2025-03-17 09:52,"Dandim 0502/JU bersama Yayasan Buddha Tzu Chi Indonesia berikan PAKET CINTA KASIH Idul Fitri

#tniadmengabdidanmembangunbersamarakyat #tniad #tniadprima #kodamjaya #kodim0502 #yayasanbudhatzuchi #baktisosial #penjaringan #jakartautara",Kodam Jaya/Jayakarta
@korem091asn,2025-03-17 09:44,"Babinsa Sukarame Lakukan Pemantauan Pendistribusian Takjil Pada Siswa SD Dalam Program Makan Bergizi Gratis
 #tni_angkatan_darat #kodam_mlw #tniprima #profesional #responsif #integratif #modern #adaptif #tniadmengabdidanmembangunbersamarakyat #tentararakyat #infokomando #tniad",KOREM 091/ASN
@kodamhasanuddin,2025-03-17 09:13,"Pangdam XIV/Hasanuddin Sambut Hangat Irjen Pol Yudhiawan dalam Kunjungan Silaturahmi di Makodam

""Sinergi TNI-Polri yang Tak Terputus: Silaturahmi dan Perpisahan Irjen Pol Yudhiawan di Makodam XIV/Hasanuddin""

#tniad
#dispenad
#puspentni
#TNIindonesia",Kodam Hasanuddin
@NasionalBerita_,2025-03-17 09:10,"Minta Publik Tak Khawatir Dwifungsi, Ketua Panja Revisi UU TNI: Justru Ini Membatasi

#revisiuutni #senin #uutni #dasco #dprri #dpr #beritanasional #TNIAD 

beritanasional.com/detail/97…",Berita Nasional
@Pussenarhanud36,2025-03-17 08:07,"Nuzulul Quran 1446 H/2025 M di Pussenarhanud
Cimahi, 17 Maret 2025

#tni #tniad #arhanud #Pussenarhanud #PrajuritPengawalAngkasaSakti #VyatiRakcaBhalaCakti

@puspentni 
@tni_angkatan_darat",Pussenarhanud TNI AD
@Pussenarhanud36,2025-03-17 07:56,"Upacara Bendera 17-an Bulan Maret di Pussenarhanud
Cimahi, 17 Maret 2025

#tni #tniad #arhanud #Pussenarhanud #PrajuritPengawalAngkasaSakti #VyatiRakcaBhalaCakti

@puspentni 
@tni_angkatan_darat",Pussenarhanud TNI AD
@PenWkr,2025-03-17 07:05,"Telah Dibuka Pendaftaran Taruna Akademi Militer TA 2025
🗓Pendaftaran  3 Maret - 7 April 2025.
Pendaftaran melalui online : rekrutmen-tni.mil.id
#rekrutmentni
#tniad #tnial #tniau #akmil",KOREM 052/ WIJAYAKRAMA
@korem091asn,2025-03-17 06:48,"Danrem 091/ASN   Beserta Keluarga Besar dan Jajaran Korem 091/ASN 
Mengucapkan  Dirgahayu  Yonif 623
BHAKTI WIRA UTAMA
17  Maret 2025

#tni_angkatan_darat #kodam_mlw #tniprima #profesional #responsif #integratif #modern #adaptif  #tentararakyat #infokomando #tniad #korem091asn",KOREM 091/ASN
@puspom_tni_ad,2025-03-17 06:47,"Semarakkan Ramadan 1446 H, Denpom II/2 Jambi Gelar Buka Puasa Bersama 

#tniadprima 
#tniad 
#tniadmengabdimembangunbersamarakyat 
#Puspomad 
#denpomjambi",puspom_tni_ad
@WajoKodim,2025-03-17 06:35,"Pasi Ter Kodim 1406/Wajo Hadiri Pelepasan 1000 Paket Logistik Ramadhan di Wajo
#tniad
#dispenad
#puspentni
#TNIindonesia
#kodam14hasanuddin
#korem141toddopuli",Kodim Wajo
@WajoKodim,2025-03-17 06:34,"Dandim 1406/Wajo Pimpin Upacara Bendera, Bacakan Amanat Pangdam XIV/Hasanuddin
#tniad
#dispenad
#puspentni
#TNIindonesia
#kodam14hasanuddin
#korem141toddopuli",Kodim Wajo
@Kodim_Tator,2025-03-17 06:20,"Personil Kodim 1414/Tator melaksanakan Upacara Bendera dengan Irup Dandim 1414/Tator yang dilaksanakan di Lapangan Upacara Kodim 1414/Tator, Kec. Rantepao, Kab. Toraja Utara.
Senin, 17/03/2025

#tniad
#dispenad
#puspentni
#TNIindonesia
#kodam14hasanuddin",Kodim Tator
@WajoKodim,2025-03-17 06:14,"Babinsa Koramil 1406-10/Pitumpanua Ajak Pemuda Waspadai Bahaya Miras dan Narkoba
#tniad
#dispenad
#puspentni
#TNIindonesia
#kodam14hasanuddin
#korem141toddopuli",Kodim Wajo
@indagjabar,2025-03-17 06:14,"pembangunan daerah di Provinsi Jawa Barat di Gedung GPH Djati Kusumo Mabesad, Jl. Merdeka Utara No.2 Jakarta Pusat (14/3/2025).

#penandatanganan #kerjasama #jawabarat #TNIAD #IndagPESAT #disperindagjabar",Disperindag Jabar
@WajoKodim,2025-03-17 06:13,"Babinsa Koramil 1406-09/Sajoanging Berikan Pelatihan PBB kepada Ormas di Kelurahan Minangae
#tniad
#dispenad
#puspentni
#TNIindonesia
#kodam14hasanuddin
#korem141toddopuli",Kodim Wajo
@1420_sidrap,2025-03-17 06:13,"Meskipun Kecamatan Maritenggae diguyur hujan deras Senin pagi (17/3/2025), hal itu tak menyurutkan semangat Sertu Suburham, untuk mlaksanakan pengecekan harga bhan pokok di Pasar Sentral Pangkajene.

#tniad
#dispenad
#puspentni
#TNIindonesia
#kodam14hasanuddin
#korem141toddopuli",Kodim 1420 Sidrap
@WajoKodim,2025-03-17 06:13,"Babinsa Koramil 1406-07/Takkalalla Bahas Program Serap Gabah Bersama Warga
#tniad
#dispenad
#puspentni
#TNIindonesia
#kodam14hasanuddin
#korem141toddopuli",Kodim Wajo
@WajoKodim,2025-03-17 06:12,"Babinsa Koramil 1406-06/Pammana Ajak Warga Sareppao Jaga Pola Hidup Sehat
#tniad
#dispenad
#puspentni
#TNIindonesia
#kodam14hasanuddin
#korem141toddopuli",Kodim Wajo
@WajoKodim,2025-03-17 06:12,"Babinsa Koramil 1406-05/Majauleng Dampingi Kegiatan Posyandu di Kelurahan Limpomajang
#tniad
#dispenad
#puspentni
#TNIindonesia
#kodam14hasanuddin
#korem141toddopuli",Kodim Wajo
@WajoKodim,2025-03-17 06:12,"Babinsa Koramil 1406-04/Belawa Ajak Warga Macero Jaga Keamanan Lingkungan
#tniad
#dispenad
#puspentni
#TNIindonesia
#kodam14hasanuddin
#korem141toddopuli",Kodim Wajo
@WajoKodim,2025-03-17 06:12,"Babinsa Koramil 1406-03/Maniangpajo Beri Pembinaan Siswa di SDN 197 Paselloreng
#tniad
#dispenad
#puspentni
#TNIindonesia
#kodam14hasanuddin
#korem141toddopuli",Kodim Wajo
@WajoKodim,2025-03-17 06:12,"Babinsa Koramil 1406-02/Tanasitolo Pantau Tanaman Padi Menjelang Panen di Desa Pakkanna
#tniad
#dispenad
#puspentni
#TNIindonesia
#kodam14hasanuddin
#korem141toddopuli",Kodim Wajo
@WajoKodim,2025-03-17 06:12,"Babinsa Koramil 1406-01/Tempe Laksanakan Puldater di Kelurahan Teddaopu
#tniad
#dispenad
#puspentni
#TNIindonesia
#kodam14hasanuddin
#korem141toddopuli",Kodim Wajo
@WajoKodim,2025-03-17 06:11,"Koramil 1406-08/Sabbangparu dan Siswa SDN 222 Wage Gelar Karya Bhakti Bersihkan Saluran Air Sekolah
#tniad
#dispenad
#puspentni
#TNIindonesia
#kodam14hasanuddin
#korem141toddopuli",Kodim Wajo
@takalar_kodim,2025-03-17 06:06,"Babinsa Koramil 1426-01/Polut Lakukan Pendampingan Penyaluran BLT Dana Desa

#tniad
#dispenad
#puspentni
#TNIindonesia
#kodam14hasanuddin
#korem141toddopuli",Kodim_Takalar
@takalar_kodim,2025-03-17 05:57,"Babinsa Koramil 1426-01/Polsel Sertu Usman Melaksanakan Komsos Dengan Lurah Dan Stafnya 

#tniad
#dispenad
#puspentni
#TNIindonesia
#kodam14hasanuddin
#korem141toddopuli",Kodim_Takalar
@kodim1418mamuju,2025-03-17 05:57,"“Dandim 1418/Mamuju Sambut Kunjungan Bupati dan Wakil Bupati Mamuju Tengah, Bahas Ketahanan Pangan dan Makan Bergizi Gratis”

#tniad
 #dispenad
 #puspentni
 #TNIindonesia
 #kodam14hasanuddin",Kodim1418/Mamuju
@kodim1418mamuju,2025-03-17 05:54,"“Kodim 1418/Mamuju Gelar Upacara Bendera 17-an, Perkuat Jiwa Nasionalisme Prajurit""

#tniad
#dispenad
#puspentni
#TNIindonesia
#kodam14hasanuddin",Kodim1418/Mamuju
@kodim1418mamuju,2025-03-17 05:52,"“Dukung Ketahanan Pangan, Babinsa Kodim 1418/Mamuju Gelar Karya Bakti pembersihan Irigasi Sawah di Kalukku”

#tniad
#dispenad
#puspentni
#TNIindonesia
#kodam14hasanuddin",Kodim1418/Mamuju
@takalar_kodim,2025-03-17 05:45,"Personel Koramil 1426-03/Galut Bersama Warga Kerja Bakti Bersihkan Saluran Air 

#tniad
#dispenad
#puspentni
#TNIindonesia
#kodam14hasanuddin
#korem141toddopuli",Kodim_Takalar
@Kodim_Tator,2025-03-17 05:43,"Babinsa Koramil 1414-03/Rindingallo Koptu Salmon Talitti melaksanakan kegiatan ketahanan pangan tanam padi bersama Masyarakat binaan di Kel. Baruppu Selatan Kec. Baruppu Kab. Toraja Utara.
Senin, 17/03/2025

#tniad
#dispenad
#puspentni
#TNIindonesia
#kodam14hasanuddin",Kodim Tator
@Kodim_Tator,2025-03-17 05:43,"Babinsa Koramil 1414-01/Makale Serda Yohanis Bokko melaksanakan komsos bersama Masyarakat binaan di Lingkungan Ropo Kel. Buntu Burake Kec. Makale Kab. Tana Toraja.
Senin, 17/03/2025

#tniad
#dispenad
#puspentni
#TNIindonesia
#kodam14hasanuddin",Kodim Tator
@Kodim_Tator,2025-03-17 05:41,"Personil Koramil 1414-06/Sangalla dan masyarakat setempat melaksanakan pembersihan jalan dan selokan bertempat di Kel. Bebo, Kec. Sangalla Utara, Kab. Tana Toraja.
Senin, 17/03/2025

#tniad
#dispenad
#puspentni
#TNIindonesia
#kodam14hasanuddin",Kodim Tator
@puspom_tni_ad,2025-03-17 05:38,"Pomdam Jaya/Jayakarta Gelar Apel Kesiapsiagaan Pengamanan Idul Fitri 2025

#tniadprima 
#tniad 
#tniadmengabdimembangunbersamarakyat 
#Puspomad 
#pomdamjaya 
#pomdamjayaguntur",puspom_tni_ad
@AlorKodim,2025-03-17 05:34,"Kodim 1622/Alor Gelar Upacara Bendera Taggal 17 Maret 2025

Penulis: FaisalMuhammad 
(Pendim1622/Alor)
#tniad 
#tniprima 
#tnibersamarakyat 
#tnidihatirakyat
#tnimengabdidanmembangunbersamarakyat
#prajaraksakaperdulirakyat

Cek berita selengkapnya disini>>
arashnews.com/2025/03/kodim-…",Kodim 1622 Alor
@puspom_tni_ad,2025-03-17 05:32,"Dandenpom IV/5 Semarang Berikan Penghargaan kepada Personel yang Memasuki MPP  

#tniad 
#tniadmengabdimembangunbersamarakyat 
#Puspomad 
#denpom45semarang",puspom_tni_ad
@KodamKasuari,2025-03-17 05:25,"Satgas Tentara Manunggal Membangun Desa (TMMD) Ke-123 Kodim 1806/Teluk Bintuni yang dipimpin oleh Pratu Badrin melaksanakan kegiatan karya bakti berupa penimbunan fondasi rumah milik Bapak Patius, warga Kp Maryedi

#TNIADbekerjadenganhati
#TNIADDihatiRakyat
#TNIADPrima
#TNIAD",Kodam XVIII/Kasuari
@KodamJayakarta,2025-03-17 05:24,"Pembangunan Jembatan Kemang Pratama Oleh TNI AD
instagram.com/reel/DHScy89v6…

#tniadmengabdidanmembangunbersamarakyat #tniad #tniadprima #kodamjaya #karyabakti #pascabanjir #bekasi",Kodam Jaya/Jayakarta
@puspom_tni_ad,2025-03-17 05:23,"Ws. Danpuspomad Resmikan Renovasi Bangunan Madenpom XV/1 Tte, Satlak Gakkumwal Pomdam XV/Ptm, dan Masjid Nurul-Yaqin  

#tniadprima 
#tniad 
#tniadmengabdimembangunbersamarakyat 
#pomdampattimura 
#denpomternate",puspom_tni_ad
@KodamKasuari,2025-03-17 05:19,"Dalam upaya meningkatkan pelayanan kesehatan masyarakat di wilayah terpencil, Babinsa Koramil 1805-03/ Samate kopda AlirmanI bersama tim kesehatan dari puskesmas keliling mengadakan kegiatan pelayanan kesehatan terpadu di SMA Aliya Kalobo

#TNIADbekerjadenganhati
#TNIAD",Kodam XVIII/Kasuari
@AlorKodim,2025-03-17 05:10,"Babinsa Bantu Petani Panen Padi Di Desa Madar Kecamatan Pantar.

Penulis: FaisalMuhammad 
(Pendim1622/Alor)
#tniad 
#tniprima 
#tnibersamarakyat 
#tnidihatirakyat
#tnimengabdi 
#prajaraksakaperdulirakyat
Cek berita selengkapnya disini>>
arashnews.com/2025/03/babins…",Kodim 1622 Alor
@kodamhasanuddin,2025-03-17 04:55,"Irdam XIV/Hsn Hadiri Pengukuhan Kepala OJK Prov. Sulsel dan Sulbar

""Pergantian Kepemimpinan OJK Sulselbar: Dorong Pertumbuhan Ekonomi dan Stabilitas Keuangan""

#tniad
#dispenad
#puspentni
#TNIindonesia",Kodam Hasanuddin
@puspom_tni_ad,2025-03-17 04:29,"Puspomad Laksanakan Upacara Bendera Setiap Tanggal 17

#tniadprima 
#tniadmengabdimembangunbersamarakyat 
#Puspomad 
#tniad",puspom_tni_ad
@kodimainjai,2025-03-17 04:02,"Buka Puasa Sederhana, Satgas TMMD ke-123 Kodim 1424/Sinjai Perkuat Kebersamaan dengan Warga Desa Lamatti Riawang, Kecamatan Bulupoddo, Minggu (16/3/2025) malam.

#tniad
#dispenad
#puspentni
#TNIindonesia
#kodam14hasanuddin",Kodim 1424 Sinjai
@kodimainjai,2025-03-17 03:57,"Satgas TMMD Kodim 1424/Sinjai Rampungkan Sumur Bor di Sasaran Ketiga di Desa Pasirmarannu, Kecamatan Sinjai Timur, Kabupaten Sinjai, Senin (17/3/2025).

#tniad
#dispenad
#puspentni
#TNIindonesia
#kodam14hasanuddin",Kodim 1424 Sinjai
@kodimainjai,2025-03-17 03:53,"Dedikasi Tinggi, Satgas TMMD ke-123 Kerja Keras di Pekan Terakhir Program
 di Desa Lamatti Riawang, Kecamatan Bulupoddo, Kabupaten Sinjai, Senin (17/3/2025).

#tniad
#dispenad
#puspentni
#TNIindonesia
#kodam14hasanuddin",Kodim 1424 Sinjai
@kodimainjai,2025-03-17 03:45,"Diguyur Hujan, Semangat Satgas TMMD ke-123 Kodim 1424/Sinjai Tetap Tinggi di Desa Lamatti Riawang, Kecamatan Bulupoddo, Kabupaten Sinjai, Senin (17/3/2025).

#tniad
#dispenad
#puspentni
#TNIindonesia
#kodam14hasanuddin",Kodim 1424 Sinjai
@N21820Garuda,2025-03-17 03:41,Mahfud MD: Di Era Reformasi Banyak Pejabat Sipil Lebih Militer dari Militer #Prabowo #Indonesia #IndonesiaGelap #KaburAjaDulu #kaburduluaja #CariMasHilal #KimSeonHo #Pagiii #MahfudMD #TNI #TNIAD #TNIAL #TNIAU #MabesTNI #PalimaTNI #TolakRUUTNI #TolakRevisiUUTNI #Bagas #jungkook,SuaraBersama
@kodimainjai,2025-03-17 03:40,"Memasuki Minggu Terakhir, Satgas TMMD ke-123 Kodim 1424/Sinjai Kebut Pelebaran Jalan dengan Alat Berat di Desa Lamatti Riawang, Kecamatan Bulupoddo, Kabupaten Sinjai, Senin (17/3/2025).

#tniad
#dispenad
#puspentni
#TNIindonesia
#kodam14hasanuddin",Kodim 1424 Sinjai
@kodimainjai,2025-03-17 03:36,"Satgas TMMD ke-123 Kodim 1424/Sinjai Lanjutkan Pembuatan Tugu Prasasti sebagai Simbol Keberhasilan TMMD di Desa Lamatti Riawang, Kecamatan Bulupoddo, Kabupaten Sinjai, Senin (17/3/2025).

#tniad
#dispenad
#puspentni
#TNIindonesia
#kodam14hasanuddin",Kodim 1424 Sinjai
@takalar_kodim,2025-03-17 03:34,"Babinsa Koramil 1426-01/Polut Kopda Sirajuddin Melaksanakan Komsos Dengan Lurah Dan Stafnya 

#tniad
#dispenad
#puspentni
#TNIindonesia
#kodam14hasanuddin
#korem141toddopuli",Kodim_Takalar
@kodimainjai,2025-03-17 03:32,"Satgas TMMD ke-123 Kodim 1424/Sinjai Lanjutkan Pekerjaan Jembatan dengan Mengecor Pembatas di Desa Lamatti Riawang, Kecamatan Bulupoddo, Kabupaten Sinjai, Senin (17/3/2025).

#tniad
#dispenad
#puspentni
#TNIindonesia
#kodam14hasanuddin",Kodim 1424 Sinjai
@kodimainjai,2025-03-17 03:28,"Satgas TMMD ke-123 Kodim 1424/Sinjai Plester Pondasi Jembatan agar Kokoh dan Indah, Senin (17/3/2025).

#tniad
#dispenad
#puspentni
#TNIindonesia
#kodam14hasanuddin",Kodim 1424 Sinjai
@kodimainjai,2025-03-17 03:20,"Satgas TMMD ke-123 Kodim 1424/Sinjai Aduk Campuran Semen Secara Manual untuk Plester Pondasi Jembatan di Desa Lamatti Riawang, Kecamatan Bulupoddo, Kabupaten Sinjai, Senin (17/3/2025).

#tniad
#dispenad
#puspentni
#TNIindonesia
#kodam14hasanuddin",Kodim 1424 Sinjai
@takalar_kodim,2025-03-17 03:17,"Sukseskan Ketahanan Pangan, Babinsa Koramil 1426-06/Mapsu Pendampingan Petani Panen Padi 

#tniad
#dispenad
#puspentni
#TNIindonesia
#kodam14hasanuddin
#korem141toddopuli",Kodim_Takalar
@kodimainjai,2025-03-17 03:14,"Satgas TMMD ke-123 Kodim 1424/Sinjai Laksanakan Pengecoran Oprit Jembatan di Desa Lamatti Riawang, Kecamatan Bulupoddo, Kabupaten Sinjai, Senin (17/3/2025).

#tniad
#dispenad
#puspentni
#TNIindonesia
#kodam14hasanuddin",Kodim 1424 Sinjai
@kodimainjai,2025-03-17 03:00,"Dandim 1424/Sinjai Hadiri Rapat Paripurna Penyampaian LKPJ Bupati Tahun 2024, Senin (17/03/2025)

#tniad
#dispenad
#puspentni
#TNIindonesia
#kodam14hasanuddin",Kodim 1424 Sinjai
@kodimbone,2025-03-17 02:54,"Peringati Nuzulul Quran 1446 H/2025 M, Personel Kodim 1407/Bone hari ini targetkan khatamkan 30 juz Quran, bertempat di Masjid Manunggal Makodim 1407/Bone, Jl. Lapatau, Manurunge, Kab. Bone. Senin (17/03/25).
#tniad
#puspentni
#TNIindonesia
#kodam14hasanuddin",kodimbone
@kodimainjai,2025-03-17 02:44,"Babinsa Palangka Koramil 05/Sinjai Selatan Kodim 1424/Sinjai Dampingi Pemantauan Perkembangan Tanaman Padi Milik Petani di Dusun Baru Desa Palangka Kec. Sinjai Selatan Kab. Sinjai 

#tniad
#dispenad
#puspentni
#TNIindonesia
#kodam14hasanuddin",Kodim 1424 Sinjai
@kodimainjai,2025-03-17 02:41,"Babinsa Talle Koramil 05/Sinjai Selatan Kodim 1424/Sinjai Dampingi Pemantauan Perkembangan Tanaman Padi Milik Petani di Dusun Jekka Desa Talle Kec. Sinjai Selatan Kab. Sinjai 

#tniad
#dispenad
#puspentni
#TNIindonesia
#kodam14hasanuddin",Kodim 1424 Sinjai
@kodimainjai,2025-03-17 02:37,"Babinsa Panaikang Koramil 04/Sinjai Timur Kodim 1424/Sinjai Komsos Bersama Para Petani di Dusun Buakang Desa Panaikang Kec. Sinjai Timur Kab. Sinjai 

#tniad
#dispenad
#puspentni
#TNIindonesia
#kodam14hasanuddin",Kodim 1424 Sinjai
@ditkumad,2025-03-17 02:34,"Ditkumad Selenggarakan Upacara 17 Maret 2025

#tniprima
#tniad
#tnikuatbersamarakyat
#korpschk
#armylegalservice
#penditkumad
#upacara17

facebook.com/share/p/1KqmFNW…

instagram.com/p/DHSKLg8SCtT/…",DITKUMAD
@kodimainjai,2025-03-17 02:32,"Babinsa Bongki Koramil 01/Sinjai Utara Kodim 1424/Sinjai Bersama Warga Gotong Royong Pembersihan Pohon Tumbang bertempat di Lingkungan Paruntu Kel. Bongki  Kec. Sinjai Utara Kab. Sinjai 

#tniad
#dispenad
#puspentni
#TNIindonesia
#kodam14hasanuddin",Kodim 1424 Sinjai
@kodimainjai,2025-03-17 02:28,"Babinsa Botolempangan Koramil 02/Sinjai Barat Kodim 1424/Sinjai Komsos Bersama Warga Binaan di Dusun Rumpala Desa Botolempangan Kec. Sinjai Barat Kab. Sinjai 

#tniad
#dispenad
#puspentni
#TNIindonesia
#kodam14hasanuddin",Kodim 1424 Sinjai
@1420_sidrap,2025-03-17 02:25,"Koramil 1420-06/Panca Rijang Bersihkan Saluran Air Bersama Warga.
Senin (17/03/2025).

#tniad
#dispenad
#puspentni
#TNIindonesia
#kodam14hasanuddin
#korem141toddopuli",Kodim 1420 Sidrap
@kodamhasanuddin,2025-03-17 02:24,"Kodim 1408/Makassar Gelar Patroli Garnisun Antisipasi Tawuran dan Balapan Liar Selama Ramadhan

""Patroli Garnisun Kodim 1408/Makassar: Wujudkan Kota Makassar yang Aman""

#tniad
#dispenad
#puspentni
#TNIindonesia",Kodam Hasanuddin
@kodimainjai,2025-03-17 02:22,"Babinsa Turungan Baji Koramil 02/Sinjai Barat Kodim 1424/Sinjai Dampingi Pemantauan Perkembangan Tanaman Padi Milik Petani di Dusun Soppeng Desa Turungan Baji Kec. Sinjai Barat Kab. Sinjai 

#tniad
#dispenad
#puspentni
#TNIindonesia
#kodam14hasanuddin",Kodim 1424 Sinjai
@kodimainjai,2025-03-17 02:14,"Babinsa Lappa Koramil 01/Sinjai Utara Kodim 1424/Sinjai Komsos Bersama Kepala Lingkungan, Anggota LPM Dan Tokoh Masyarakat bertempat di Lingk. Lengkong Kel. Lappa Kec. Sinjai Utara Kab. Sinjai 

#tniad
#dispenad
#puspentni
#TNIindonesia
#kodam14hasanuddin",Kodim 1424 Sinjai
@kodimainjai,2025-03-17 02:08,"Babinsa Bontotengnga Koramil 06/Sinjai Borong Kodim 1424/Sinjai Komsos Bersama Warga Binaan di Dusun Pattiroang Desa Bontotengnga Kec. Sinjai Borong Kab. Sinjai 

#tniad
#dispenad
#puspentni
#TNIindonesia
#kodam14hasanuddin",Kodim 1424 Sinjai
@kodimainjai,2025-03-17 02:02,"Babinsa Saukang Koramil 04/Sinjai Timur Kodim 1424/Sinjai Gelar Karya Bakti Pembersihan Jalan sepanjang 200 meter di Dusun Mangottong Desa Saukang Kec. Sinjai Selatan Kab. Sinjai 

#tniad
#dispenad
#puspentni
#TNIindonesia
#kodam14hasanuddin",Kodim 1424 Sinjai
@kodimainjai,2025-03-17 01:55,"Babinsa Saotengnga Koramil 03/Sinjai Tengah Kodim 1424/Sinjai Pantau Stabilitas Harga Bahan Pokok Di Pasar Manimpahoi  Desa Saotengnga Kec. Sinjai Tengah Kab. Sinjai 

#tniad
#dispenad
#puspentni
#TNIindonesia
#kodam14hasanuddin",Kodim 1424 Sinjai
@kodimainjai,2025-03-17 01:50,"Babinsa Koramil 1424-06/Sinjai Borong Kodim 1424/Sinjai Bantu Pembuatan Pondasi Rumah Milik Warga Binaan  di Dusun Katute, Desa Barambang, Kecamatan Sinjai Borong, Kabupaten Sinjai, Senin (17/03/2025)

#tniad
#dispenad
#puspentni
#TNIindonesia
#kodam14hasanuddin",Kodim 1424 Sinjai
@kodimainjai,2025-03-17 01:45,"Dandim 1424/Sinjai Hadiri Kegiatan Peringatan Nuzul Qur'an 1446 H/2025 Di Masjid Islamic Center Tanassang Kel. Alehanuae Kec. Sinjai Utara Kab. Sinjai 

#tniad
#dispenad
#puspentni
#TNIindonesia
#kodam14hasanuddin/",Kodim 1424 Sinjai
@kodimainjai,2025-03-17 01:35,"Babinsa Puncak Koramil 05/Sinjai Selatan Kodim 1424/Sinjai Laksanakan Safari Ramadhan Di Masjid Sahbilal MuhtadinDusun Sapolambere Desa Puncak Kec. Sinjai Selatan Kab. Sinjai.

#tniad
#dispenad
#puspentni
#TNIindonesia
#kodam14hasanuddin",Kodim 1424 Sinjai
@kodimainjai,2025-03-17 01:32,"Babinsa  Saotanre Koramil 03/Sinjai Tengah Kodim 1424/Sinjai Hadiri Pembukaan Musabaqah Tilawatil Qur'an (MTQ) ke XXIV Tingkat Desa Saotanre di Masjid Usissal Islam Desa Saotanre Kec Sinjai Tengah Kab. Sinjai.

#tniad
#dispenad
#puspentni
#TNIindonesia
#kodam14hasanuddin",Kodim 1424 Sinjai
@kodimainjai,2025-03-17 01:29,"Babinsa Koramil 02/Sinjai Barat Kodim 1424/Sinjai Hadiri Pembukaan Festival Ramadhan 1446 H Di Desa Bontosalama Kec. Sinjai Barat Kab. Sinjai.

#tniad
#dispenad
#puspentni
#TNIindonesia
#kodam14hasanuddin",Kodim 1424 Sinjai
@sejatidindaa,2025-03-17 01:26,"Kehadiran prajurit TNI bantu masyarakat Papua

#TNI #aparat #KSTP #OPM #opmmusuhmasyarakat #OPMgallery #KKB #TolakOPM #Papua #PapuaIndonesia  #TNIAD #papuaviral  #TNIADbekerjadenganhati",dinda sejati
@sejatidindaa,2025-03-17 01:26,"Prajurit TNI selalu hadir membantu kesulitan masyarakat

#TNI #aparat #KSTP #OPM #opmmusuhmasyarakat #OPMgallery #KKB #TolakOPM #Papua #PapuaIndonesia  #TNIAD #papuaviral  #TNIADbekerjadenganhati",dinda sejati
@kodimainjai,2025-03-17 01:25,"Babinsa Alehanuae Koramil 01/Sinjai Utara Kodim 1424/Sinjai Hadiri Acara Buka Puasa Bersama Masyarakat di Lingk. Tokka Kel. Alehanuae Kec. Sinjai Utara Kab. Sinjai.

#tniad
#dispenad
#puspentni
#TNIindonesia
#kodam14hasanuddin",Kodim 1424 Sinjai
@kodimainjai,2025-03-17 01:19,"Dandim 1424/Sinjai Bersama Wakil Bupati Sinjai Dan Anggota DPRD Kab Sinjai Laksanakan Safari Ramadhan Di Desa Lamatti Riattang Kec. Bulupoddo Kab. Sinjai.

#tniad
#dispenad
#puspentni
#TNIindonesia
#kodam14hasanuddin",Kodim 1424 Sinjai
@kodimainjai,2025-03-17 01:14,"Babinsa Patallassang Koramil 04/Sinjai Timur Kodim 1424/Sinjai Laksanakan Safari Ramadhan Di Masjid Nurul Jihad Dusun Boro'pao Desa Patallassang Kec. Sinjai Timur Kab. Sinjai.

#tniad
#dispenad
#puspentni
#TNIindonesia
#kodam14hasanuddin",Kodim 1424 Sinjai
@kodam_mlw,2025-03-17 00:58,"Tanah Bumbu - Indahnya Ramadhan 1446 H, Kodim 1022/Tanah Bumbu Berbagi Takjil di Halaman Makodim 1022/Tanah Bumbu, Minggu (16/03/25).

#kodamvimulawarman 
#tniad
#tniprima
#marhabanyaramadhan",Kodam VI/Mulawarman
@kodam_mlw,2025-03-17 00:57,"Banjarbaru - Indahnya Ramadhan 1446 H, Yonif 621/Manuntung Berbagi Takjil kepada Masyarakat Sekitar Mako Yonif 621/Manuntung, Minggu (16/03/25).

#kodamvimulawarman
#tniad
#tniprima
#marhabanyaramadhan",Kodam VI/Mulawarman
@kodimbone,2025-03-17 00:42,"Babinsa Koramil 1407-02/Dua Boccoe bersama Persit membagikan takjil buka puasa secara gratis kepada para pengguna jalan yang melintas di depan kantor Koramil Desa Pakkasalo, Kec. Dua Boccoe, Kab. Bone. Senin (17/03/25).
#tniad
#puspentni
#TNIindonesia
#kodam14hasanuddin",kodimbone
@kodimbone,2025-03-17 00:41,"Babinsa Koramil 08/Lamuru Kodim 1407/Bone Serka Abidin semangat dampingi petani lakukan penanaman padi di sawah dengan luas 1 hektar berlokasi di di Dusun Masumpu, Desa Massenreng Pulu, Kec. Lamuru, Kab. Bone. Senin (17/03/25).
#tniad
#puspentni
#TNIindonesia
#kodam14hasanuddin",kodimbone
@kodimbone,2025-03-17 00:40,"Babinsa Koramil 1407-06/Awangpone kopda Nursyam bersama masyarakat melaksanakan karya bakti pembuatan jalan desa menuju persawahan, berlokasi di Desa Cumpiga, Kecamatan Awangpone, Kabupaten Bone. Senin (17/03/25).
#tniad
#puspentni
#TNIindonesia
#kodam14hasanuddin",kodimbone
@kodimbone,2025-03-17 00:40,"Babinsa Koramil 12/Cina Kodim 1407/Bone Sertu Irtan melaksanakan Komunikasi Sosial (Komsos) meningkatkan silaturahmi bersama warga binaannya di Desa Kanco, Kec. Cina, Kab. Bone. Senin (17/03/25).
#tniad
#puspentni
#TNIindonesia
#kodam14hasanuddin",kodimbone
@kodimbone,2025-03-17 00:39,"Babinsa Koramil 09/Lapri Kodim 1407/Bone Kopka Usman melaksanakan Komunikasi Sosial (Komsos) dengan warga binaan, bertempat di Desa Pattuku Limpoe, Kecamatan Lapri, Kabupaten Bone. Senin (17/03/25).
#tniad
#puspentni
#TNIindonesia
#kodam14hasanuddin",kodimbone
@kodimbone,2025-03-17 00:39,"Dalam rangka mendukung ketahanan pangan dan stabilitasi harga hasil panen petani, Babinsa Koramil 1407-11/Barebbo Koptu Asdar memonitoring penyerapan gabah petani di Desa Kading, Kecamatan Barebbo, Kab. Bone. Senin (17/03/25).
#tniad
#puspentni
#TNIindonesia
#kodam14hasanuddin",kodimbone
@kodimbone,2025-03-17 00:37,"Babinsa Koramil 1407-14/Libureng Sertu Basri Kole bersama anggota UPPKB melaksanakan pembersihan di sekitar Kantor UPPKB tepatnya di Kel. Tanabatue, Kec. Libureng, Kab. Bone. Senin (17/03/25).
#tniad
#puspentni
#TNIindonesia
#kodam14hasanuddin",kodimbone
@kodimbone,2025-03-17 00:36,"Babinsa Koramil 1407-08/Lamuru Sertu Mustaris masuk sekolah sembari memberikan Wawasan Kebangsaan (Wasbang) Kepada siswa - siswi sekolah SMPN SATAP 5 Tellulimpoe,  Desa Tellangkere, Kec. Tellulimpoe, Kab. Bone. Senin (17/03/25).
#tniad
#puspentni
#TNIindonesia
#kodam14hasanuddin",kodimbone
@kodimbone,2025-03-17 00:36,"Danramil 1407-04/Tellusiatinge bersama Forkopimcam hadiri Musyawarah Desa ( MusDes) Tentang Rencana Kerja Pemerintah Desa (RKPDes) Tahun 2025 di Desa Ajjalireng, Kec. Tellusiatinge, Kab. Bone. Senin (17/03/25).
#tniad
#puspentni
#TNIindonesia
#kodam14hasanuddin",kodimbone
@kodimbone,2025-03-17 00:35,"Serka Nasrun Babinsa Koramil 1407-06/Awangpone melaksanakan karya bakti membantu membangun pondasi rumah salah satu warga binaan di Dusun 3 Limpoe, Desa Kading, Kec. Awangpone, Kab. Bone. Senin (17/03/25).
#tniad
#puspentni
#TNIindonesia
#kodam14hasanuddin",kodimbone
@kodimbone,2025-03-17 00:34,"Cegah stunting, Babinsa Koramil 1407-01/Ajangale Sertu Idris dampingi pelaksanaan pelayanan kesehatan ibu dan balita di Posyandu Sejahtera Lingk. Kampung Baru, Kel. Pompanua, Kec. Ajangale, Kab. Bone. Senin (17/03/25).
#tniad
#puspentni
#TNIindonesia
#kodam14hasanuddin",kodimbone
@kodam_mlw,2025-03-16 20:55,"Balikpapan - Indahnya Ramadhan 1446 H, Kodam VI/Mulawarman Berbagi Takjil di Halaman Makodam VI/Mulawarman, Minggu (16/03/25).

#kodamvimulawarman 
#tniad
#tniprima
#marhabanyaramadhan",Kodam VI/Mulawarman
@kodam_mlw,2025-03-16 20:44,"Dirgahayu Batalyon Infanteri 623/Bhakti Wira Utama 
17 Maret 1961 - 17 Maret 2025

""Semoga semakin jaya dalam pengabdian kepada bangsa dan negara.""

#kodamvimulawarman 
#tniad
#tniprima",Kodam VI/Mulawarman
@kodim1418mamuju,2025-03-16 14:45,"“Dandim 1418/Mamuju Hadiri Kunjungan Kerja dan Buka Puasa Bersama dalam Rangka Pembinaan Kerukunan Beragama”

#tniad
#dispenad
#puspentni
#TNIindonesia
#kodam14hasanuddin",Kodim1418/Mamuju
@kodim_jeneponto,2025-03-16 13:46,"Koramil 1425-02/Bangkala, bagikan takjil gratis kepada pengguna jalan. Hal tersebut sebagai wujud kepedulian dan upaya mencari keberkahan di bulan suci Ramadhan. Minggu, 16/03/2025.

#tni
#tniindonesia
#puspentni
#tniad
#kodam14hasanuddin
#korem141toddoppuli
#tnimanunggalrakyat",Kodim_Jeneponto
@wito_karyono,2025-03-16 13:20,"Profil Kolonel Inf Bangkit Rahmat Tri Widodo, Akmil 1997, Promosi Dirdik Sesko TNI @joswito pejabatpublik.com/2025/03/16… #tniad #Akmil1997",BisoRumongso
@KodamKasuari,2025-03-16 12:52,"Karya bakti merupakan salah satu wujud kemanunggalan TNI dan rakyat, seperti yang dilakukan Serka Raisel  Anggota Babinsa Koramil 07/Misol Timur Kodim 1805/Raja Ampat melaksanakan karya bakti bersama warga Melaksanakan permbersihan jalan

#TNIADbekerjadenganhati
#TNIAD",Kodam XVIII/Kasuari
@kodamhasanuddin,2025-03-16 11:33,"Bakti Sosial Kodim 1408/Makassar: Peduli dan Berbagi di Bulan Penuh Berkah

#tniad
#dispenad
#puspentni
#TNIindonesia",Kodam Hasanuddin
@Jurnalpatroli_,2025-03-16 11:32,"jurnalpatrolinews.co.id/pusp… Personel Satgas Kewilayahan RI-PNG Yonif 141/AYJP, Pos Senggo melaksanakan kegiatan Karya Bakti bersama masyarakat perbaiki jalan-jalan yang rusak #tniad #tni #dispenad",JurnalPatroliNews
@kodim1418mamuju,2025-03-16 10:22,"“Personel Kodim 1418/Mamuju Berbagi Berkah Ramadhan dengan Membagikan Sembako ke Pondok Pesantren Al-Munawwarah Salutalawar”

#tniad
 #dispenad
 #puspentni
 #TNIindonesia
 #kodam14hasanuddin",Kodim1418/Mamuju
@kodim1418mamuju,2025-03-16 07:41,"“Babinsa Koramil 1418-02/Tapalang Gelar Pembersihan Selokan untuk Antisipasi Banjir dan Wabah Penyakit”

#tniad #dispenad #puspentni #TNIindonesia #kodam14hasanuddin",Kodim1418/Mamuju
@1420_sidrap,2025-03-16 06:38,"Sidrap - Personel Koramil 1420-02/Tellu Limpoe di bawah Pimpinan Peltu Baharuddin Memantau Harga Sembako di Pasar Sentral Amparita: Dampak Positif Terhadap Stabilitas Harga

#tniad
#dispenad
#puspentni
#TNIindonesia
#kodam14hasanuddin
#korem141toddopuli",Kodim 1420 Sidrap
@KodamJayakarta,2025-03-16 06:05,"Prajurit Batalyon Arhanud 6/BAY melaksanakan kegiatan Berbagi Takjil di Bulan Suci Ramadhan.

#tniad #tniadprima #kodamjaya",Kodam Jaya/Jayakarta
@WajoKodim,2025-03-16 06:04,"Babinsa Koramil 1406-10/Pitumpanua Bersama Warga Gotong Royong Rehab Masjid At-Tadris
#tniad
#dispenad
#puspentni
#TNIindonesia
#kodam14hasanuddin
#korem141toddopuli",Kodim Wajo
@WajoKodim,2025-03-16 06:04,"Babinsa Koramil 1406-09/Sajoanging Dukung Gotong Royong Pembangunan Musholla di Dusun Toduma
#tniad
#dispenad
#puspentni
#TNIindonesia
#kodam14hasanuddin
#korem141toddopuli",Kodim Wajo
@WajoKodim,2025-03-16 06:03,"Babinsa Koramil 1406-08/Sabbangparu Gelar Kerja Bakti Bersihkan Sampah di Bahu Jalan
#tniad
#dispenad
#puspentni
#TNIindonesia
#kodam14hasanuddin
#korem141toddopuli",Kodim Wajo
@WajoKodim,2025-03-16 06:03,"Babinsa Koramil 1406-05/Majauleng Ingatkan Petani Waspada Cuaca Ekstrem dan Hama Tikus
#tniad
#dispenad
#puspentni
#TNIindonesia
#kodam14hasanuddin
#korem141toddopuli",Kodim Wajo
@WajoKodim,2025-03-16 06:03,"Babinsa Koramil 1406-06/Pammana Jalin Silaturahmi dengan Warga Dusun Palaguna
#tniad
#dispenad
#puspentni
#TNIindonesia
#kodam14hasanuddin
#korem141toddopuli",Kodim Wajo
@WajoKodim,2025-03-16 06:03,"Babinsa Koramil 1406-04/Belawa Jalin Kedekatan dengan Warga Melalui Komsos
#tniad
#dispenad
#puspentni
#TNIindonesia
#kodam14hasanuddin
#korem141toddopuli",Kodim Wajo
@WajoKodim,2025-03-16 06:03,"Babinsa Koramil 1406-03/Maniangpajo Berikan Pembekalan PBB kepada Anggota Security EEES
#tniad
#dispenad
#puspentni
#TNIindonesia
#kodam14hasanuddin
#korem141toddopuli",Kodim Wajo
@WajoKodim,2025-03-16 06:03,"Babinsa Koramil 1406-01/Tempe Berikan Pelatihan PBB kepada Santri Ponpes As’adiyah
#tniad
#dispenad
#puspentni
#TNIindonesia
#kodam14hasanuddin
#korem141toddopuli",Kodim Wajo
@WajoKodim,2025-03-16 06:03,"Babinsa Koramil 1406-02/Tanasitolo Pantau Ketahanan Pangan di Desa Assorajang
#tniad
#dispenad
#puspentni
#TNIindonesia
#kodam14hasanuddin
#korem141toddopuli",Kodim Wajo
@WajoKodim,2025-03-16 06:03,"Koramil 1406-07/Takkalalla dan Warga Desa Sanreseng Ade Gelar Karya Bhakti Bersihkan Saluran Air
#tniad
#dispenad
#puspentni
#TNIindonesia
#kodam14hasanuddin
#korem141toddopuli",Kodim Wajo
@Kodim_Tator,2025-03-16 05:27,"Bertempat di Lembang Pa'ta Padang, Kec. Sanggalangi Kab. Torut, telah berlangsung Karya Bakti pembersihan jalan dan selokan oleh Personil Koramil 1414-05/Sanggalangi gotong royong bersama dengan masyarakat.
Minggu, 16/03/2025

#tniad
#dispenad
#puspentni
#TNIindonesia",Kodim Tator
@Kodim_Tator,2025-03-16 05:25,"Babinsa Koramil 1414-02/Rantepao Sertu Amir melaksanakan Komsos bersama Masyarakat binaan di Kel. Laang Tanduk Kec. Rantepao Kab. Toraja Utara.
Minggu, 16/03/2025

#tniad
#dispenad
#puspentni
#TNIindonesia
#kodam14hasanuddin",Kodim Tator
@Kodim_Tator,2025-03-16 05:21,"Babinsa Koramil 1414-06/Sangalla Sertu Karel melaksanakan kegiatan ketahanan pangan jemur gabah bersama Masyarakat binaan di Lembang/Desa Saluallo Kec. Sangalla Utara Kab. Tana Toraja.
Minggu, 16/03/2025

#tniad
#dispenad
#puspentni
#TNIindonesia
#kodam14hasanuddin",Kodim Tator
@kodam_mlw,2025-03-16 04:52,"Balikpapan - Indahnya Ramadhan 1446 H, Kodam VI/Mulawarman Berbagi Takjil di Halaman Makodam VI/Mulawarman, Sabtu (15/03/25).

#kodamvimulawarman 
#tniad
#tniprima
#marhabanyaramadhan",Kodam VI/Mulawarman
@takalar_kodim,2025-03-16 04:45,"Personel Koramil 1426-02/Polsek, Ajak Warga Kerja Bakti Bersihkan Saluran Air Dan Bahu Jalan 

#tniad
#dispenad
#puspentni
#TNIindonesia
#kodam14hasanuddin
#korem141toddopuli",Kodim_Takalar
@1420_sidrap,2025-03-16 03:40,"Ws. Danramil Letda Inf Kasruddin Beserta 3 Orang Pera Babinsa Koramil 04  Watang Pulu melaksanakan Patroli Sinergitas TNI - POLRI di wilayah Kec. Watangpulu Kab.Sidrap. (15/03/25)

#tniad
#dispenad
#puspentni
#TNIindonesia
#kodam14hasanuddin
#korem141toddopuli",Kodim 1420 Sidrap
@1420_sidrap,2025-03-16 03:33,"Babinsa Koramil 1420-06/Panca Rijang Safari Subuh 

Sidrap - Babinsa Kel. Macorowalie 
Serka Sahniawan Dani  melaksanakan sholat subuh dimesjid  Kel. Macorowalie  Kec. panca rijang kabupaten Sidrap.

#tniad
#dispenad
#puspentni
#TNIindonesia
#kodam14hasanuddin
#korem141toddopuli",Kodim 1420 Sidrap
@kodimainjai,2025-03-16 03:14,"Satgas TMMD ke-123 Kodim 1424/Sinjai Siapkan Campuran Beton untuk Pengecoran Oprit Jembatan di Desa Lamatti Riawang, Kecamatan Bulupoddo, Kabupaten Sinjai, Minggu (16/3/2025).

#tniad
#dispenad
#puspentni
#TNIindonesia
#kodam14hasanuddin",Kodim 1424 Sinjai
@kodimainjai,2025-03-16 03:10,"Satgas TMMD ke-123 Kodim 1424/Sinjai Pasang Rangka Besi untuk Persiapan Pengecoran Oprit Jembatan di Desa Lamatti Riawang, Kecamatan Bulupoddo, Kabupaten Sinjai, Minggu (16/3/2025).

#tniad
#dispenad
#puspentni
#TNIindonesia
#kodam14hasanuddin",Kodim 1424 Sinjai
@1420_sidrap,2025-03-16 03:10,"Koramil 1420-05/Dua Pitue   Bersinergi dengan Damkar Gelar Karya Bhakti.
Minggu (16/03/2025).

#tniad
#dispenad
#puspentni
#TNIindonesia
#kodam14hasanuddin
#korem141toddopuli",Kodim 1420 Sidrap
@kodimainjai,2025-03-16 03:05,"Satgas TMMD ke-123 Kodim 1424/Sinjai Pasang Pipa Besi untuk Pembatas Jembatan di Desa Lamatti Riawang, Kecamatan Bulupoddo, Kabupaten Sinjai, Minggu (16/3/2025).

#tniad
#dispenad
#puspentni
#TNIindonesia
#kodam14hasanuddin",Kodim 1424 Sinjai
@kodimainjai,2025-03-16 03:01,"Satgas TMMD ke-123 Kodim 1424/Sinjai Buat Mal Papan untuk Pengecoran Pembatas Jembatan di Desa Lamatti Riawang, Kecamatan Bulupoddo, Kabupaten Sinjai, Minggu (16/3/2025).

#tniad
#dispenad
#puspentni
#TNIindonesia
#kodam14hasanuddin",Kodim 1424 Sinjai
@kodimainjai,2025-03-16 02:54,"Satgas TMMD ke-123 Kodim 1424/Sinjai Ratakan Tanah di Sekitar Jembatan untuk Menyamakan Tinggi Jalan dan Jembatan, Kecamatan Bulupoddo, Kabupaten Sinjai, Minggu (16/3/2025).

#tniad
#dispenad
#puspentni
#TNIindonesia
#kodam14hasanuddin",Kodim 1424 Sinjai
@kodimainjai,2025-03-16 02:50,"Dengan Molen Sederhana, Satgas TMMD ke-123 Kodim 1424/Sinjai Lanjutkan Pengerjaan Jembatan di Desa Lamatti Riawang, Kecamatan Bulupoddo, Kabupaten Sinjai, Minggu (16/3/2025).

#tniad
#dispenad
#puspentni
#TNIindonesia
#kodam14hasanuddin",Kodim 1424 Sinjai
@kodimainjai,2025-03-16 02:45,"Kebersamaan TNI/Polri dan Masyarakat dalam Menyelesaikan Infrastruktur pada TMMD ke-123 Kodim 1424/Sinjai di Desa Lamatti Riawang, Kecamatan Bulupoddo, Kabupaten Sinjai, Minggu (16/3/2025).

#tniad
#dispenad
#puspentni
#TNIindonesia
#kodam14hasanuddin",Kodim 1424 Sinjai
@kodimainjai,2025-03-16 02:41,"Satgas TMMD Kodim 1424/Sinjai Rapikan Pondasi Jembatan dengan Plester untuk Perkuat Konstruksi di Desa Lamatti Riawang, Kecamatan Bulupoddo, Kabupaten Sinjai, Minggu (16/3/2025).

#tniad
#dispenad
#puspentni
#TNIindonesia
#kodam14hasanuddin",Kodim 1424 Sinjai
@kodimainjai,2025-03-16 02:37,"Satgas TMMD ke-123 Kodim 1424/Sinjai Lanjutkan Pembuatan Tanggul di Sekitar Jembatan untuk Perkuat Jalan di Desa Lamatti Riawang, Kecamatan Bulupoddo, Kabupaten Sinjai, Minggu (16/3/2025).

#tniad
#dispenad
#puspentni
#TNIindonesia
#kodam14hasanuddin",Kodim 1424 Sinjai
@kodimainjai,2025-03-16 02:33,"Dengan Bantuan Alat Berat, Satgas TMMD ke-123 Kodim 1424/Sinjai Terus Lanjutkan Pekerjaan Fisik di Desa Lamatti Riawang, Kecamatan Bulupoddo, Kabupaten Sinjai, Minggu (16/3/2025).

#tniad
#dispenad
#puspentni
#TNIindonesia
#kodam14hasanuddin",Kodim 1424 Sinjai
@kodimainjai,2025-03-16 02:13,"TMMD ke-123 Kodim 1424/Sinjai Tak Hanya Bangun Fisik, tapi Juga Perkuat Kebersamaan di Desa Lamatti Riawang, Kecamatan Bulupoddo, Kabupaten Sinjai, Minggu (16/3/2025).

#tniad
#dispenad
#puspentni
#TNIindonesia
#kodam14hasanuddin",Kodim 1424 Sinjai
@sejatidindaa,2025-03-16 01:53,"Bagikan sembako, hubungan aparat fan masyarakat Papua semakin harmonis

#KSTP #OPM #opmmusuhmasyarakat #OPMgallery #KKB #TolakOPM #Papua #PapuaIndonesia  #TNIAD #papuaviral  #TNIADbekerjadenganhati",dinda sejati
@sejatidindaa,2025-03-16 01:53,"Papua adalah kekuatan NKRI yang harus kita jaga bersama

#KSTP #OPM #opmmusuhmasyarakat #OPMgallery #KKB #TolakOPM #Papua #PapuaIndonesia  #TNIAD #papuaviral  #TNIADbekerjadenganhati",dinda sejati
@kodimainjai,2025-03-16 01:52,"Wujud Kepedulian, Babinsa Biringere Koramil 01/Sinjai Utara Kodim 1424/Sinjai Bantu Pembuatan Pagar Rumah Milik Warga di Lingkungan Lompu, Kel Biringere, Kecamatan Sinjai Utara, Kabupaten Sinjai, Minggu (16/03/2025)

#tniad
#dispenad
#puspentni
#TNIindonesia
#kodam14hasanuddin",Kodim 1424 Sinjai
@kodimainjai,2025-03-16 01:44,"Babinsa Pattongko Pos Ramil 05/Tellulimpoe Kodim 1424/Sinjai Dampingi Bulog Sinjai Lakukan Serap Gabah Milik Petani di Dusun Pakka Desa Pattongko Kec. Tellulimpoe Kab. Sinjai.

#tniad
#dispenad
#puspentni
#TNIindonesia
#kodam14hasanuddin",Kodim 1424 Sinjai
@kodimainjai,2025-03-16 01:39,"Babinsa Songing Koramil 05/Sinjai Selatan Kodim 1424/Sinjai Dampingi Petugas Kesehatan Lakukan Giat Posyandu di Dusun Balimengko Desa Songing Kec. Sinjai Selatan Kab. Sinjai.

#tniad
#dispenad
#puspentni
#TNIindonesia
#kodam14hasanuddin",Kodim 1424 Sinjai
@kodimainjai,2025-03-16 01:33,"Babinsa Bulutellue Pos Ramil 01/Bulupoddo Kodim 1424/Sinjai Laksanakan Pemantauan Stabilitas Harga Bahan Pokok di Pasar Bululohe Desa Bulutellue Kec. Bulupoddo Kab. Sinjai.

#tniad
#dispenad
#puspentni
#TNIindonesia
#kodam14hasanuddin",Kodim 1424 Sinjai
@kodimainjai,2025-03-16 01:32,"Babinsa Bulutellue Pos Ramil 01/Bulupoddo Kodim 1424/Sinjai Laksanakan Pemantauan Stabilitas Harga Bahan Pokok Di Pasar Bululohe Desa Bulutellue Kec. Bulupoddo Kab. Sinjai.

#tniad
#dispenad
#puspentni
#TNIindonesia
#kodam14hasanuddin",Kodim 1424 Sinjai
@kodimainjai,2025-03-16 01:25,"Babinsa Pasimarannu Koramil 04/Sinjai Timur Kodim 1424/Sinjai Dampingi Tim DPRKP Kab Sinjai Lakukan Pendataan Kondisi Rumah Tidak Layak Huni di Desa Pasimarannu Kec. Sinjai Timur Kab. Sinjai.

#tniad
#dispenad
#puspentni
#TNIindonesia
#kodam14hasanuddin",Kodim 1424 Sinjai
@kodimainjai,2025-03-16 01:18,"Babinsa Gunung Perak Koramil 02/Sinjai Barat Kodim 1424/Sinjai Komsos Bersama Kepala Dusun, Anggota LPM Dan Tokoh Masyarakat di Dusun Lembanna Desa Gunung Perak Kec. Sinjai Barat Kab. Sinjai.

#tniad
#dispenad
#puspentni
#TNIindonesia
#kodam14hasanuddin",Kodim 1424 Sinjai
@kodimainjai,2025-03-16 01:14,"Babinsa Bontosalama Koramil 1424-02/Sinjai Barat Kodim 1424/Sinjai Hadiri Acara Buka Puasa Bersama Pemerintah, Tokoh Agama Dan Masyarakat  di Dusun Baru Desa Bontosalama Kec. Sinjai Barat Kab. Sinjai.

#tniad
#dispenad
#puspentni
#TNIindonesia
#kodam14hasanuddin",Kodim 1424 Sinjai
@kodimainjai,2025-03-16 01:10,"Babinsa Sangiasseri Koramil 05/Sinjai Selatan Kodim 1424/Sinjai Hadiri Acara Buka Puasa Bersama Masyarakat  di Masjid Nurul Hidayah Borong Paoe Lingk. Caile Kel. Sangiasseri  Kec. Sinjai Selatan Kab. Sinjai.

#tniad
#dispenad
#puspentni
#TNIindonesia
#kodam14hasanuddin",Kodim 1424 Sinjai
@kodimainjai,2025-03-16 01:06,"Danramil 1424-05/Sinjai Selatan Kodim 1424/Sinjai Hadiri Pembukaan Musabaqah Tilawatil Qur'an (MTQ) ke 54 Tingkat Desa Songing Tahun 2025 di Masjid Taqwa Dusun Tonasa Desa Songing Kec Sinjai Selatan Kab. Sinjai.

#tniad
#dispenad
#puspentni
#TNIindonesia
#kodam14hasanuddin",Kodim 1424 Sinjai
@kodimainjai,2025-03-16 01:03,"Tingkatkan Hubungan Silaturahmi, Dandim 1424/Sinjai Laksanakan Safari Ramadhan Di Desa Saukang  Desa Saukang Kec. Sinjai Timur Kab. Sinjai.

#tniad
#dispenad
#puspentni
#TNIindonesia
#kodam14hasanuddin",Kodim 1424 Sinjai
@takalar_kodim,2025-03-16 00:26,"Jelang Buka Puasa, Koramil 1426-01/Polut Bagi Takjil Kepada Para Pengguna Jalan 

#tniad
#dispenad
#puspentni
#TNIindonesia
#kodam14hasanuddin
#korem141toddopuli",Kodim_Takalar
@takalar_kodim,2025-03-16 00:19,"Cipta Kondisi, Personel TNI - Polri Di Takalar Apel Gabungan Dan Patroli Bersama 

#tniad
#dispenad
#puspentni
#TNIindonesia
#kodam14hasanuddin
#korem141toddopuli",Kodim_Takalar
@takalar_kodim,2025-03-16 00:09,"Shalat Tarawih Berjamaah Babinsa Berikan Arahan Kamtibmas dan Komsos Dengan Tokoh Jamaah 

#tniad
#dispenad
#puspentni
#TNIindonesia
#kodam14hasanuddin
#korem141toddopuli",Kodim_Takalar
@KasuariRindam,2025-03-15 22:41,"Siswa Dikjurbaif Rindam XVIII/Kasuari Melaksanakan Hanmars

#tniad #puspentni #kodamxviiikasusri #tnilovers #tnilovers #tniviral",RINDAM KASUARI
@kodam_mlw,2025-03-15 21:51,"Samarinda – Kodam VI/Mulawarman Hadiri Pelantikan dan Pengukuhan Pengurus TP PKK, Dekranasda, Posyandu, dan Bunda PAUD Se-Kaltim di Pendopo Odah Etam, Samarinda, Sabtu (15/03/25).

#kodamvimulawarman
#tniad
#tniprima",Kodam VI/Mulawarman
@kodamhasanuddin,2025-03-15 21:46,"Pangdam XIV/Hasanuddin Hadiri Buka Puasa Bersama dalam Safari Ramadhan Ws. Danpuspomad

Pangdam XIV/Hasanuddin dan Ws. Danpuspomad Perkuat Kebersamaan di Bulan Suci Ramadhan

#tniad
#dispenad
#puspentni
#TNIindonesia",Kodam Hasanuddin
@korem091asn,2025-03-15 14:18,"Danrem 091/ASN hadir Pelantikan Ketua TP PKK, Dekranasda, Posyandu dan Bunda PAUD Se-Kaltim
#tni_angkatan_darat #kodam_mlw #tniprima #profesional #responsif #integratif #modern #adaptif #tniadmengabdidanmembangunbersamarakyat #tentararakyat #infokomando #tniad #korem091asn",KOREM 091/ASN
@AlorKodim,2025-03-15 13:19,"Gotong Royong Babinsa Dan Warga Bersihkan Bahu Jalan Di Kelurahan Kabir.

Penulis: FaisalMuhammad 
(Pendim1622/Alor)
#tniad 
#tniprima 
#tnibersamarakyat 
#tnidihatirakyat 
#prajaraksakaperdulirakyat

Cek berita selengkapnya disini>>
arashnews.com/2025/03/gotong…",Kodim 1622 Alor
@kodim_jeneponto,2025-03-15 13:03,"Pererat Silaturahmi Di Bulan Suci Ramadhan, Koramil 1425-01/Binamu Gelar Aksi Bagi Takjil Buka Puasa. Sabtu, 15/03/2025.

#tni
#tniindonesia
#puspentni
#tniad
#kodam14hasanuddin
#korem141toddoppuli
#tnimanunggalrakyat
#indahnyaberbagisesama
#berkahramadhan",Kodim_Jeneponto
@Kodim_Tator,2025-03-15 09:29,"Babinsa Koramil 1414-06/Sangalla Kopda Agutinus Melaksanakan komsos bersama warga binaan bertemoat di Lembang Raru sibunuan Kec. Sangalla selatan, Kab. Tana Toraja.
Sabtu, 15/03/2025

#tniad
#dispenad
#puspentni
#TNIindonesia
#kodam14hasanuddin",Kodim Tator
@kodim1421pangk2,2025-03-15 09:14,"Babinsa Sahabat Rakyat Bersama Wujudkan Ketahanan Pangan Nasional Yang Lebih Kuat dan Berkelanjutan

#tniad
#dispenad
#puspentni
#TNIindonesia
#kodam14hasanuddin 
#korem141toddopuli",Info Kodim Pangkep
@kodim1421pangk2,2025-03-15 09:13,"Babinsa Sahabat Rakyat Bersama Wujudkan Ketahanan Pangan Nasional Yang Lebih Kuat dan Berkelanjutan

#tniad
#dispenad
#puspentni
#TNIindonesia
#kodam14hasanuddin 
#korem141toddopuli",Info Kodim Pangkep
@kodim1418mamuju,2025-03-15 08:24,"“Babinsa Koramil 1418-01/Mamuju dan Warga Bergotong Royong Bersihkan Lingkungan Kasiwa Timur”

#tniad
#dispenad
#puspentni
#TNIindonesia
#kodam14hasanuddin",Kodim1418/Mamuju
@takalar_kodim,2025-03-15 08:21,"Sukseskan Ketahanan Pangan, Babinsa Koramil 1426-05/Marbo Laksanakan Pendampingan Para Petani 

#tniad
#dispenad
#puspentni
#TNIindonesia
#kodam14hasanuddin
#korem141toddopuli",Kodim_Takalar
@takalar_kodim,2025-03-15 08:11,"Sukseskan Ketahanan Pangan, Babinsa Koramil 1426-05/Marbo Laksanakan Pendampingan Para Petani 

#tniad
#dispenad
#puspentni
#TNIindonesia
#kodam14hasanuddin
#korem141toddopuli",Kodim_Takalar
@takalar_kodim,2025-03-15 07:55,"Personel Koramil 1426-01/Polut Bersama Warga Kerja Bakti Bersihkan Selokan 

#tniad
#dispenad
#puspentni
#TNIindonesia
#kodam14hasanuddin
#korem141toddopuli",Kodim_Takalar
@kodim_jeneponto,2025-03-15 07:49,"*""Babinsa Sahabat Rakyat Bersama Wujudkan Ketahanan Pangan Nasional Yang Lebih Kuat dan Berkelanjutan""*

 #tni
 #tniindonesia
 #puspentni
#tniad
 #kodam14hasanuddin
#korem141toddopuli
 #tnimanunggalrakyat",Kodim_Jeneponto
@1427_kodim,2025-03-15 07:33,"Babinsa Sahabat Rakyat Bersama Wujudkan Ketahanan Pangan Nasional Yang Lebih Kuat dan Berkelanjutan

#tniad
#dispenad
#puspentni
#TNIindonesia
#ketahananpangan",Kodim 1427 Pasangkayu
@Kodim1413B,2025-03-15 06:24,"Babinsa sahabat rakyat bersama wujudkan ketahanan pangan Nasional yang lebih kuat dan berkelanjutan

#tniad
#dispenad
#puspentni
#TNIindonesia
#ketahananpangan",kodim1413/buton
@KodimSelayar,2025-03-15 06:21,"Babinsa Sahabat Rakyat Bersama Wujudkan Ketahanan Pangan Nasional Yang Lebih Kuat dan Berkelanjutan

#tniad
#dispenad
#puspentni
#TNIindonesia
#kodam14hasanuddin",Kodim Selayar
@KODIM__1404_PRG,2025-03-15 06:15,"Babinsa sahabat Rakyat bersama mewujudkan ketahanan pangan Nasional yang lebih kuat dan berkelanjutan.

#puspentni 
#dispenad 
#tniad 
#kodamhasanuddin 
#korem141toddopuli",Kodim1404/Pinrang
@WajoKodim,2025-03-15 06:14,"Babinsa Koramil 1406-10/Pitumpanua Pererat Silaturahmi dengan Warga di Desa Botto Tengnga
#tniad
#dispenad
#puspentni
#TNIindonesia
#kodam14hasanuddin
#korem141toddopuli",Kodim Wajo
@WajoKodim,2025-03-15 06:14,"Babinsa Koramil 1406-09/Sajoanging Mediasi Sengketa Tanah Warga di Desa Padaelo
#tniad
#dispenad
#puspentni
#TNIindonesia
#kodam14hasanuddin
#korem141toddopuli",Kodim Wajo
@WajoKodim,2025-03-15 06:13,"Babinsa Koramil 1406-08/Sabbangparu Gotong Royong Perbaiki Jalan Tani di Desa Ujungpero
#tniad
#dispenad
#puspentni
#TNIindonesia
#kodam14hasanuddin
#korem141toddopuli",Kodim Wajo
@WajoKodim,2025-03-15 06:12,"Babinsa Koramil 1406-07/Takkalalla Dampingi Panen Rumput Laut di Desa Sanreseng Ade
#tniad
#dispenad
#puspentni
#TNIindonesia
#kodam14hasanuddin
#korem141toddopuli",Kodim Wajo
@WajoKodim,2025-03-15 06:11,"Babinsa Koramil 1406-05/Majauleng Jalin Komunikasi Sosial dengan Warga di Desa Liu
#tniad
#dispenad
#puspentni
#TNIindonesia
#kodam14hasanuddin
#korem141toddopuli",Kodim Wajo
@WajoKodim,2025-03-15 06:10,"Babinsa Koramil 1406-04/Belawa Jalin Komunikasi Sosial dengan Warga di Desa Lautang
#tniad
#dispenad
#puspentni
#TNIindonesia
#kodam14hasanuddin
#korem141toddopuli",Kodim Wajo
@kompascom,2025-03-15 06:09,"Nusron Wahid mengungkap permintaan Presiden Prabowo Subianto agar setiap batalion Tentara Nasional Indonesia Angkatan Darat (TNI AD) memiliki lahan produktif setidaknya 500 hektar. | #TNIAD #Prabowo 
 
kompas.com/properti/read/202…",Kompas.com
@WajoKodim,2025-03-15 06:09,"Babinsa Koramil 1406-03/Maniangpajo Pantau Harga Sembako di Pasar Rakyat Gilireng
#tniad
#dispenad
#puspentni
#TNIindonesia
#kodam14hasanuddin
#korem141toddopuli",Kodim Wajo
@WajoKodim,2025-03-15 06:08,"Babinsa Koramil 1406-02/Tanasitolo Dampingi Pemeriksaan Kesehatan Gratis di Desa Mario
#tniad
#dispenad
#puspentni
#TNIindonesia
#kodam14hasanuddin
#korem141toddopuli",Kodim Wajo
@WajoKodim,2025-03-15 06:07,"Babinsa Koramil 1406-01/Tempe Ajak Siswa SDN 4 Maddukelleng Berolahraga di Bulan Puasa
#tniad
#dispenad
#puspentni
#TNIindonesia
#kodam14hasanuddin
#korem141toddopuli",Kodim Wajo
@WajoKodim,2025-03-15 06:07,"Koramil 1406-06/Pammana Bersama Siswa SDN 224 Patila Gelar Karya Bhakti Bersihkan Saluran Air
#tniad
#dispenad
#puspentni
#TNIindonesia
#kodam14hasanuddin
#korem141toddopuli",Kodim Wajo
@AlorKodim,2025-03-15 05:53,"Bina Akrab Babinsa Dengan Warga Di Wilayah Binaan Lewat Jumat Curhat.

Penulis: FaisalMuhammad 
(Pendim1622/Alor)
#tniad 
#tniprima 
#tnibersamarakyat 
#tnidihatirakyat 
#prajaraksakaperdulirakyat 

Cek berita selengkapnya disini>>
arashnews.com/2025/03/bina-a…",Kodim 1622 Alor
@Kodim_Tator,2025-03-15 05:23,"Babinsa Koramil 1414-09/Saluputti Koptu Azis Manja melaksanakan komsos bersama Masyarakat binaan di Lembang/Desa Sasak Kec. Bittuang Kab. Tana Toraja.
Sabtu, 15/03/2025

#tniad
#dispenad
#puspentni
#TNIindonesia
#kodam14hasanuddin",Kodim Tator
@Kodim_Tator,2025-03-15 05:21,"Babinsa Koramil 1414-05/Sanggalangi Sertu Ganda Rende dan Sertu Herman melaksanakan ketahanan pangan tanam padi bersama warga binaan di Lingkungan Sendana Kel. Sampiak Salu, Kec. Nanggala Kab. Torut.
Sabtu, 15/03/2025

#tniad
#dispenad
#puspentni
#TNIindonesia
#kodam14hasanuddin",Kodim Tator
@1420_sidrap,2025-03-15 05:18,"Serka Ahmadi Babinsa Koramil 1420-01/Panca Lautang, melakukan pengecekan harga sembako di, Pasar Sentral Bilokka (15/3/2025). 

#tniad
#dispenad
#puspentni
#TNIindonesia
#kodam14hasanuddin
#korem141toddopuli",Kodim 1420 Sidrap
@kodamhasanuddin,2025-03-15 05:04,"Babinsa Sahabat Rakyat Bersama Wujudkan Ketahanan Pangan Nasional Yang Lebih Kuat dan Berkelanjutan

#tniad
#dispenad
#puspentni
#TNIindonesia
#ketahananpangan",Kodam Hasanuddin
@KodamKasuari,2025-03-15 03:54,"Serma Herman monitoring pelaksanaan pasar murah di laksanakan oleh Pemkot Sorong dalam hal Walikota dan Wakil Walikota Sorong dalam rangka Progam 100 hari kerja sebagai Walikota dan Wakil Walikota Sorong 

#TNIADbekerjadenganhati
#TNIADDihatiRakyat
#TNIADPrima
#TNIAD",Kodam XVIII/Kasuari
@kodimainjai,2025-03-15 03:16,"Tak Kenal Lelah, Satgas TMMD Kodim 1424/Sinjai Terus Berjuang Demi Kemajuan Infrastruktur Desa di Desa Lamatti Riawang, Kecamatan Bulupoddo, Kabupaten Sinjai, Sabtu (15/3/2025).

#tniad
#dispenad
#puspentni
#TNIindonesia
#kodam14hasanuddin",Kodim 1424 Sinjai
@kodimainjai,2025-03-15 03:08,"Semangat Tanpa Batas, TNI-Polri dan Masyarakat Bersatu dalam TMMD ke-123 Kodim 1424/Sinjai di Desa Lamatti Riawang, Kecamatan Bulupoddo, Kabupaten Sinjai, Sabtu (15/3/2025).

#tniad
#dispenad
#puspentni
#TNIindonesia
#kodam14hasanuddin",Kodim 1424 Sinjai
@kodimainjai,2025-03-15 03:02,"Satgas TMMD ke-123 Kodim 1424/Sinjai Lanjutkan Pembuatan Tugu Prasasti Kecil di Desa Lamatti Riawang, Kecamatan Bulupoddo, Kabupaten Sinjai, Sabtu (15/3/2025).

#tniad
#dispenad
#puspentni
#TNIindonesia
#kodam14hasanuddin",Kodim 1424 Sinjai
@kodimainjai,2025-03-15 02:57,"Kodim 1424/Sinjai Berikan Tambahan Nutrisi untuk Satgas TMMD dan Bantuan Al-Qur’an Serta Alat Olahraga kepada Masyarakat di Desa Lamatti Riawang, Kecamatan Bulupoddo, Kabupaten Sinjai, Sabtu (15/3/2025).

#tniad
#dispenad
#puspentni
#TNIindonesia
#kodam14hasanuddin",Kodim 1424 Sinjai
@korem091asn,2025-03-15 02:54,"Jalin Silaturahmi, Babinsa Pegat Bukur Hadiri Safari Ramadhan Diwilayah Binaan
#tni_angkatan_darat #kodam_mlw #tniprima #profesional #responsif #integratif #modern #adaptif #tniadmengabdidanmembangunbersamarakyat #tentararakyat #infokomando #tniad #korem091asn",KOREM 091/ASN
@Kodim_Tator,2025-03-15 02:54,"Bertempat di Dusun Rante kira' Lembang Ao' Gading, Kec. Balusu Kab. Torut, telah dilaksanakan kegiatan Karya Bakti pembersihan jalan yang tertutup tanah oleh Personil Koramil 1414-04/Sesean gotong royong bersama masyarakat binaan.
Sabtu, 15/03/2025

#tniad
#dispenad
#puspentni",Kodim Tator
@kodimainjai,2025-03-15 02:53,"Pembuatan Sumur Bor dalam Program TMMD ke-123 Kodim 1424/Sinjai di Sasaran Kedua Rampung 100% di Desa Lamatti Riawang, Kecamatan Bulupoddo, Kabupaten Sinjai, Sabtu ( 15/3/2025).

#tniad
#dispenad
#puspentni
#TNIindonesia
#kodam14hasanuddin",Kodim 1424 Sinjai
@korem091asn,2025-03-15 02:51,"Usai Sholat Jum’at, Dandim 0902/Berau Laksanakan Doa Bersama di Masjid Jenderal Sudirman
#tni_angkatan_darat #kodam_mlw #tniprima #profesional #responsif #integratif #modern #adaptif #tniadmengabdidanmembangunbersamarakyat #tentararakyat #infokomando #tniad #korem091asn",KOREM 091/ASN
@kodimainjai,2025-03-15 02:48,"Kejar Target, Satgas TMMD ke-123 Kodim 1424/Sinjai Kerahkan Alat Berat untuk Percepat Pekerjaan di Desa Lamatti Riawang, Kecamatan Bulupoddo, Kabupaten Sinjai, Sabtu (15/3/2025).

#tniad
#dispenad
#puspentni
#TNIindonesia
#kodam14hasanuddin",Kodim 1424 Sinjai
@korem091asn,2025-03-15 02:45,"Kodim 0904/Paser Bagi Takjil Bagi Warga Dan Para Pengguna Jalan
#tni_angkatan_darat #kodam_mlw #tniprima #profesional #responsif #integratif #modern #adaptif #tniadmengabdidanmembangunbersamarakyat #tentararakyat #infokomando #tniad #korem091asn #bersamarakyattnikuat #prajuritmlw",KOREM 091/ASN
@15Malili,2025-03-15 02:44,"Pelda Adryanto Babinsa Ussu Koramil 1403-15/Malili bersama Bhabinkamtibmas Desa Ussu Aipda Antonius melaksanakan Komsos kerumah warga binaan di Desa Ussu Kec Malili kabupaten Luwu Timur 
#tniad 
#dispenad 
#puspentni 
#kodam14hasanuddin 
#korem141toddopuli",Koramil 1403-15 Malili
@kodimainjai,2025-03-15 02:43,"Satgas TMMD ke-123 Kodim 1424/Sinjai Gunakan Molen Sederhana untuk Percepat Pembangunan Jembatan di Desa Lamatti Riawang, Kecamatan Bulupoddo, Kabupaten Sinjai, Sabtu (15/3/2025).

#tniad
#dispenad
#puspentni
#TNIindonesia
#kodam14hasanuddin",Kodim 1424 Sinjai
@Kodim_Tator,2025-03-15 02:41,"Babinsa Koramil 1414-09/Sesean Sertu Marthen Sirua Melaksanakan pembersihan ruas jalan bersama warga bertempat di Kelurahan padangiring, Kecamatan Rantetayo, Kab. Tator.
Sabtu, 15/03/2025

#tniad
#dispenad
#puspentni
#TNIindonesia
#kodam14hasanuddin",Kodim Tator
@korem091asn,2025-03-15 02:39,"Jaga Stabilitas Harga Sembako, Babinsa Bersama Kelurahan Gelar Pasar Murah
#tni_angkatan_darat #kodam_mlw #tniprima #profesional #responsif #integratif #modern #adaptif #tniadmengabdidanmembangunbersamarakyat #tentararakyat #infokomando #tniad #korem091asn #bersamarakyattnikuat",KOREM 091/ASN
@kodimainjai,2025-03-15 02:39,"Sinergitas Tanpa Batas TNI-Polri dan Masyarakat di TMMD ke-123 Kodim 1424/Sinjai di Desa Lamatti Riawang, Kecamatan Bulupoddo, Kabupaten Sinjai, Sabtu (15/3/2025).

#tniad
#dispenad
#puspentni
#TNIindonesia
#kodam14hasanuddin",Kodim 1424 Sinjai
@kodimainjai,2025-03-15 02:34,"Satgas TMMD ke-123 Kodim 1424/Sinjai Lanjutkan Penimbunan Sekitar Jembatan yang Telah Dibangun di Bulupoddo, Kabupaten Sinjai, Sabtu (15/3/2025).

#tniad
#dispenad
#puspentni
#TNIindonesia
#kodam14hasanuddin",Kodim 1424 Sinjai
@korem091asn,2025-03-15 02:29,"Babinsa Dampingi Petani Panen Padi, Tingkatkan Ketahanan Pangan Di Wilayah 
#tni_angkatan_darat #kodam_mlw #tniprima #profesional #responsif #integratif #modern #adaptif #tniadmengabdidanmembangunbersamarakyat #tentararakyat #infokomando #tniad #korem091asn #bersamarakyattnikuat",KOREM 091/ASN
@kodimainjai,2025-03-15 02:28,"Satgas TMMD ke-123 Kodim 1424/Sinjai Kebut Pembangunan Jembatan di Desa Lamatti Riawang Meski Cuaca Kurang Bersahabat di Desa Lamatti Riawang, Kecamatan Bulupoddo, Kabupaten Sinjai, Sabtu (15/3/2025).

#tniad
#dispenad
#puspentni
#TNIindonesia
#kodam14hasanuddin",Kodim 1424 Sinjai
@korem091asn,2025-03-15 02:26,"Melalui Sosialisasi Pembentukan Unit Pengumpul Zakat, Babinsa Harapkan Pengelolaan Zakat Lebih Terstruktur
#tni_angkatan_darat #kodam_mlw #tniprima #profesional #responsif #integratif #modern #adaptif #tniadmengabdidanmembangunbersamarakyat #tentararakyat #infokomando #tniad",KOREM 091/ASN
@kodimainjai,2025-03-15 02:23,"Dandim 1424/Sinjai Aktif Terlibat dalam TMMD ke-123 di Kecamatan Bulupoddo, Kabupaten Sinjai, Sabtu (15/3/2025).

#tniad
#dispenad
#puspentni
#TNIindonesia
#kodam14hasanuddin",Kodim 1424 Sinjai
@1420_sidrap,2025-03-15 02:04,"Koramil 1420-04/Watang Pulu bersama warga melaksanakan kerja bakti pembersihan saluran air di Kelurahan Lawawoi Kecamatan Watang Pulu Kab.Sidrap pada hari Sabtu (15/03/2025).

#tniad
#dispenad
#puspentni
#TNIindonesia
#kodam14hasanuddin
#korem141toddopuli",Kodim 1420 Sidrap
@kodimainjai,2025-03-15 02:02,"Babinsa Pasimarannu Koramil 04/Sinjai Timur Kodim 1424/Sinjai Laksanakan Pendampingan Kegiatan Posyandu di Dusun Marana Desa Pasimarannu Kec. Sinjai Timur Kab. Sinjai.

#tniad
#dispenad
#puspentni
#TNIindonesia
#kodam14hasanuddin",Kodim 1424 Sinjai
@sejatidindaa,2025-03-15 01:59,"Aparat bersama masyarakat bertanggung jawab untuk memelihara dan menjaga kedamaian di tanah Papua 

#KSTP #OPM #opmmusuhmasyarakat #OPMgallery #KKB #TolakOPM #Papua #PapuaIndonesia  #TNIAD #papuaviral  #TNIADbekerjadenganhati #JISOO #BUS_LIGHTTHEWORLD",dinda sejati
@sejatidindaa,2025-03-15 01:58,"Kelompok OPM terus membuat resah masyarakat Papua

#KSTP #OPM #opmmusuhmasyarakat #OPMgallery #KKB #TolakOPM #Papua #PapuaIndonesia  #TNIAD #papuaviral  #TNIADbekerjadenganhati #JISOO #BUS_LIGHTTHEWORLD",dinda sejati
@kodimainjai,2025-03-15 01:57,"Babinsa Saukang Koramil 04/Sinjai Timur Kodim 1424/Sinjai Dampingi Pemantauan Perkembangan Tanaman Padi Milik Petani di Dusun Bakae Desa Saukang Kec. Sinjai Timur Kab. Sinjai.

#tniad
#dispenad
#puspentni
#TNIindonesia
#kodam14hasanuddin",Kodim 1424 Sinjai
@kodimainjai,2025-03-15 01:52,"Babinsa Bulukamase Koramil 05/Sinjai Selatan Kodim 1424/Sinjai Hadiri Pembukaan Musabaqah Tilawatil Qur'an (MTQ) ke 49 Tingkat Desa Bulukamase Tahun 2025 di Masjid Nurul Yakin Kec Sinjai Selatan Kab. Sinjai.

#tniad
#dispenad
#puspentni
#TNIindonesia
#kodam14hasanuddin",Kodim 1424 Sinjai
@kodimainjai,2025-03-15 01:48,"Dandim 1424/Sinjai Laksanakan Safari Ramadhan Sebagai Ajang Silaturahmi Di Masjid Darul Mawaddah Lingk. Mangarabombang Kel. Samataring Kec. Sinjai Timur Kab. Sinjai.

#tniad
#dispenad
#puspentni
#TNIindonesia
#kodam14hasanuddin",Kodim 1424 Sinjai
@kodimainjai,2025-03-15 01:42,"Babinsa Saotanre Koramil 03/Sinjai Tengah Kodim 1424/Sinjai Laksanakan Safari Ramadhan Di Dusun Barae Desa Saotanre Kec. Sinjai Tengah Kab. Sinjai.

#tniad
#dispenad
#puspentni
#TNIindonesia
#kodam14hasanuddin",Kodim 1424 Sinjai
@kodimainjai,2025-03-15 01:39,"Danramil 1424-04/Sinjai Timur Kodim 1424/Sinjai Hadiri Musyawarah Perencanaan Pembanguan Penyusunan RKPD Kab Sinjai bertempat di Aula Kantor Kec. Sinjai Timur Kel. Samataring Kec. Sinjai Timur Kab. Sinjai.

#tniad
#dispenad
#puspentni
#TNIindonesia
#kodam14hasanuddin",Kodim 1424 Sinjai
@kodimainjai,2025-03-15 01:34,"Personel Koramil 04/Sinjai Timur Kodim 1424/Sinjai Gelar Karya Bakti Pembersihan Pasar di Dusun Baringeng Desa Panaikang Kec. Sinjai Timur Kab. Sinjai.

#tniad
#dispenad
#puspentni
#TNIindonesia
#kodam14hasanuddin",Kodim 1424 Sinjai
@kodimainjai,2025-03-15 01:29,"Babinsa Massaile Koramil 05/Tellulimpoe Kodim 1424/Sinjai Laksanakan Pendampingan Penyaluran Bantuan Langsung Tunai Dana Desa bertempat di Kantor Desa Massaile Kec. Tellulimpoe Kab. Sinjai.

#tniad
#dispenad
#puspentni
#TNIindonesia
#kodam14hasanuddin",Kodim 1424 Sinjai
@kodimainjai,2025-03-15 01:22,"Babinsa Desa Pattongko Pos Ramil 1424-05/Tellulimpoe Kodim 1424/Sinjai Dampingi Penyerapan Gabah oleh Bulog Sinjai di Dusun Pakka, Desa Pattongko, Kecamatan Tellulimpoe, Kabupaten Sinjai.

#tniad
#dispenad
#puspentni
#TNIindonesia
#kodam14hasanuddin",Kodim 1424 Sinjai
@kodimainjai,2025-03-15 01:15,"Babinsa Mannanti Pos Ramil 05/Tellulimpoe Kodim 1424/Sinjai Komsos Bersama Kepala Sekolah Dan Para Guru SD Negeri 200 Aholaie di Ruang Guru SD Negeri 200 Aholaie Kel. Mannanti Kec.Tellulimpoe Kab. Sinjai.

#tniad
#dispenad
#puspentni
#TNIindonesia
#kodam14hasanuddin",Kodim 1424 Sinjai
@takalar_kodim,2025-03-15 00:42,"Dandim 1426 Takalar Bersama Forkopimda, Safari Ramadhan Ajak Masyarakat Perkuat Persaudaraan di Bulan Ramadhan

#tniad
#dispenad
#puspentni
#TNIindonesia
#kodam14hasanuddin
#korem141toddopuli",Kodim_Takalar
@tni_ad,2025-03-14 22:57,"Ramadhan Berbagi, Peduli Anak Yatim dan Dhuafa    

Berita Selengkapnya: piped.video/0nikLZDXDrs

#TNIAD 
#TNIADBerjuangBersamaRakyat #TNIADBekerjaDenganHati 
#TNIADdihatiRakyat 
#TNIADPrima",TNI AD
@kodim_jeneponto,2025-03-14 22:08,"Babinsa Bersama Petani Pantau Pertumbuhan Tanaman Padi

#tni
 #tniindonesia
 #puspentni
 #tniad
#kodam14hasanuddin
#korem141toddopuli
 #tnimanunggalrakyat",Kodim_Jeneponto
@tni_ad,2025-03-14 22:03,"BUKA PUASA BERSAMA KADISPENAD DENGAN INSAN MEDIA

#TNIAD
#TNIADBerjuangBersamaRakyat
#TNIADBekerjaDenganHati
#TNIADdihatiRakyat
#TNIADPrima",TNI AD
@kodam_mlw,2025-03-14 21:13,"Balikpapan - Indahnya Ramadhan 1446 H, Kodam VI/Mulawarman Berbagi Takjil di Halaman Makodam VI/Mulawarman, Jumat (14/03/25).

#kodamvimulawarman 
#tniad
#tniprima
#marhabanyaramadhan",Kodam VI/Mulawarman
@KodamJayakarta,2025-03-14 20:30,"Safari Ramadan Pangdam Jaya bersama Prajurit Brigif 1/JS

#tniadmengabdidanmembangunbersamarakyat #tniad #tniadprima #kodamjaya #pangdamjaya #safariramadhan",Kodam Jaya/Jayakarta
@KodamJayakarta,2025-03-14 17:49,"Safari Ramadan Pangdam Jaya di Yonif 202/Tajimalela

#tniadmengabdidanmembangunbersamarakyat #tniad #tniadprima #kodamjaya #pangdamjaya #safariramadhan #yonif202tajimalela",Kodam Jaya/Jayakarta
@tni_ad,2025-03-14 15:58,"PENANDATANGANAN PERJANJIAN KERJASAMA TNI AD DENGAN PEMPROV JAWA BARAT instagram.com/p/DHL3AXpsFw9/ #TNIAD 

#TNIADBerjuangBersamaRakyat #TNIADBekerjaDenganHati
#TNIADdihatiRakyat
#TNIADPrima
#Pemprovjabar",TNI AD
@korem091asn,2025-03-14 15:12,"Tebar Kebaikan Di Bulan Suci Ramadhan, Persit KCK Korcab Rem 091 PD VI Mulawarman Berbagi Takjil Gratis
#tni_angkatan_darat #kodam_mlw #tniprima #profesional #responsif #integratif #modern #adaptif #tniadmengabdidanmembangunbersamarakyat #tentararakyat #infokomando #tniad",KOREM 091/ASN
@kodim_jeneponto,2025-03-14 15:07,"Bulan Ramadhan, Kodim 1425/Jeneponto Gelar Bakti Sosial Di Panti Asuhan

#tni
#tniindonesia
#puspentni
#tniad
#kodam14hasanuddin
#korem141toddoppuli
#tnimanunggalrakyat
#indahnyaberbagisesama
#berkahramadhan",Kodim_Jeneponto
@korem091asn,2025-03-14 15:05,"Rapat Paripurna Ke-9 DPRD Provinsi Kalimantan Timur 
#tni_angkatan_darat #kodam_mlw #tniprima #profesional #responsif #integratif #modern #adaptif #tniadmengabdidanmembangunbersamarakyat #tentararakyat #infokomando #tniad #korem091asn #bersamarakyattnikuat #prajuritmulawarman",KOREM 091/ASN
@kodim_jeneponto,2025-03-14 15:04,"Berbagi Rezeki Dan Kebahagiaan Di Bulan Ramadhan, Kodim 1425/Jeneponto Gelar Bakti Sosial Di Panti Asuhan

#tni
#tniindonesia
#puspentni
#tniad
#kodam14hasanuddin
#korem141toddoppuli
#tnimanunggalrakyat
#indahnyaberbagisesama
#berkahramadhan",Kodim_Jeneponto
@menarmed2_PY,2025-03-14 14:57,"CEGAH LAKALALIN KENDARAAN
.
#kemenpanrb #tni #tniad #kostrad #Cakra #pendivif1kostrad #pendivif2kostrad #pendivif3kostrad  #TNIADMengabdiDanMembangunBersamaRakyat #patriotnusantara _ #infokomando  #satria _wibawa_militer #puspentni #dispenad #kostrad",Resimen Armed 2 Kostrad
@kodim1418mamuju,2025-03-14 14:50,"“Persit KCK Cabang XLII Dim 1418 Mamuju Berbagi Berkah Ramadhan dalam Rangka HUT Persit ke-79”

#tniad
 #dispenad
 #puspentni
 #TNIindonesia
 #kodam14hasanuddin",Kodim1418/Mamuju
@Cakra_Kostrad,2025-03-14 12:32,"Panglima Kostrad (Pangkostrad) Letjen TNI Mohammad Fadjar, MPICT.
⭐⭐⭐

""Membangun Tradisi dan Kebiasaaan yang baik""

#KostradTerbesarTerkuatdanDicintaiRakyat #tniprima #tniadprima #tniaddihatirakyat #tni #tniad #kostrad #Cakra #Pangkostrad #lintasprajurit #Penkostrad",Kostrad
@IndoAviation,2025-03-14 10:07,Black Diamond Heliaero Selesaikan Modernisasi Avionik 6 Helikopter Bell 412EP TNI AD indoaviation.asia/black-diam… #TNIAD #helicopter #indonesia,IndoAviation Plus
@KodamKasuari,2025-03-14 08:56,"Demi menciptakan kedekatan Antara Babinsa Koramil 1805-01/Waisai Serda Jamaludin Loji dengan Warga binaannya. melaksanakan Komunikasi Sosial (Komsos) bersama masyarakat di kampung dabatan Distrik Misol Selatan

#TNIADbekerjadenganhati
#TNIADDihatiRakyat
#TNIADPrima
#TNIAD",Kodam XVIII/Kasuari
@updatebalii,2025-03-14 08:14,"Korem 163/Wira Satya Gelar Apel Babinsa Terpusat 2025, Perkuat Sinergi dengan Pemprov Bali

#GubernurKoster #TNIAD #ApelBabinsa
updatebali.com/korem-163-wir…",UPDATEBALI.com
@Kodim_Tator,2025-03-14 08:08,"Dalam upaya menjaga lingkungan sehat, Personil Kodim 1414/Tator berkolaborasi dengan Pemda melaksanakan kegiatan aksi bersih pasar dan kota dalam rangka hari peduli sampah Nasional bertempat di Alun-Alun Kota Rantepao, Kec. Rantepao, Kab. Torut
Jumat, 14/03/2025

#tniad
#dispenad",Kodim Tator
@updatebalii,2025-03-14 08:07,"Semangat Perjuangan, Koster Pimpin Ratusan Babinsa se Bali Nyanyi lagu Maju Tak Gentar di Gedung ISI Bali

#TNIAD #GubernurKoster #ApelBabinsa
updatebali.com/semangat-perj…",UPDATEBALI.com
@updatebalii,2025-03-14 07:59,"Demi Krama Bali Tinggal di Rumah Layak Huni, Gubernur Koster Siap Kolaborasi Program Bedah Rumah TNI AD

#GubernurKoster #TNIAD #ProgramBedahRumah
updatebali.com/demi-krama-ba…",UPDATEBALI.com
@takalar_kodim,2025-03-14 07:51,"Babinsa Koramil 1426-03/Galut Pendampingan Kegiatan Posyandu Untuk Menekan Angka Stunting 

#tniad
#dispenad
#puspentni
#TNIindonesia
#kodam14hasanuddin
#korem141toddopuli",Kodim_Takalar
@kodim1418mamuju,2025-03-14 07:49,"“Babinsa Koramil 1418-05/Kalumpang Gelar Aksi Bersih-Bersih Cegah Banjir dan Penyakit”

#tniad #dispenad #puspentni #TNIindonesia #kodam14hasanuddin",Kodim1418/Mamuju
@korem091asn,2025-03-14 07:15,"Perkuat Kebersamaan Aparat Teritorial, Babinsa Koramil Maratua Hadiri Safari Ramadhan
#tni_angkatan_darat #kodam_mlw #tniprima #profesional #responsif #integratif #modern #adaptif #tniadmengabdidanmembangunbersamarakyat #tentararakyat #infokomando #tniad #korem091asn",KOREM 091/ASN
@ditkumad,2025-03-14 07:05,"Bimtek Input Data Domain Arsitektur Sistem dan Teknologi Informasi (Sistek Info) TNI AD

#tniprima
#tniad
#tnikuatbersamarakyat
#korpschk
#armylegalservice
#penditkumad
#litbanghantniad
#litbanghanditkumad

facebook.com/share/p/18UAqgw…

instagram.com/p/DHKzg5US98t/…",DITKUMAD
@ditkumad,2025-03-14 07:01,"Bimtek Pengisian LKE WTRB Jajaran Ditkumad TA 2025

@pusdikkum 
@sthmditkumad 

#tniprima
#tniad
#tnikuatbersamarakyat
#korpschk
#armylegalservice
#penditkumad
#wtrb2025
#wtrbditkumad

facebook.com/share/p/14vViED…

instagram.com/p/DHK1F8QS6WC/…",DITKUMAD
@KodamJayakarta,2025-03-14 06:54,"Tanggap Darurat Bencana Banjir

Yonzipur 11/DW Kodam Jaya/Jayakarta Melaksanakan Pemasangan Jembatan Bailey, di Perumahan Kemang Pratama Raya, Kota Bekasi.

#tniadmengabdidanmembangunbersamarakyat #tniad #tniadprima #kodamjaya #yonzipur11 #tanggapdaruratbencana #kotabekasi",Kodam Jaya/Jayakarta
@WajoKodim,2025-03-14 06:09,"Babinsa Koramil 1406-10/Pitumpanua Gelar Kerja Bakti dan Edukasi Mitigasi Banjir di Desa Lompobulo
#tniad
#dispenad
#puspentni
#TNIindonesia
#kodam14hasanuddin
#korem141toddopuli",Kodim Wajo
@WajoKodim,2025-03-14 06:08,"Babinsa Koramil 1406-09/Sajoanging Bersama Warga Bersihkan Saluran Air di Kelurahan Assorajang
#tniad
#dispenad
#puspentni
#TNIindonesia
#kodam14hasanuddin
#korem141toddopuli",Kodim Wajo
@WajoKodim,2025-03-14 06:08,"Babinsa Koramil 1406-08/Sabbangparu Dampingi Petani Panen Padi di Kelurahan Sompe
#tniad
#dispenad
#puspentni
#TNIindonesia
#kodam14hasanuddin
#korem141toddopuli",Kodim Wajo
@WajoKodim,2025-03-14 06:06,"Babinsa Koramil 1406-07/Takkalalla Ajak Petani Dukung Program Swasembada Pangan
#tniad
#dispenad
#puspentni
#TNIindonesia
#kodam14hasanuddin
#korem141toddopuli",Kodim Wajo
@WajoKodim,2025-03-14 06:05,"Babinsa Koramil 1406-06/Pammana Bersama Bhabinkamtibmas dan Warga Gelar Kerja Bakti di Dusun Patemarilaleng
#tniad
#dispenad
#puspentni
#TNIindonesia
#kodam14hasanuddin
#korem141toddopuli",Kodim Wajo
@WajoKodim,2025-03-14 06:04,"Babinsa Koramil 1406-04/Belawa Jalin Hubungan Harmonis dengan Warga di Lingkungan Laseratu
#tniad
#dispenad
#puspentni
#TNIindonesia
#kodam14hasanuddin
#korem141toddopuli",Kodim Wajo
@WajoKodim,2025-03-14 06:03,"Babinsa Koramil 1406-03/Maniangpajo Bantu Warga Bangun Pondasi Pagar Rumah di Desa Poleonro
#tniad
#dispenad
#puspentni
#TNIindonesia
#kodam14hasanuddin
#korem141toddopuli",Kodim Wajo
@WajoKodim,2025-03-14 06:02,"Babinsa Koramil 1406-02/Tanasitolo Dampingi Petani Panen Padi di Desa Ujunge
#tniad
#dispenad
#puspentni
#TNIindonesia
#kodam14hasanuddin
#korem141toddopuli",Kodim Wajo
@WajoKodim,2025-03-14 06:00,"Babinsa Koramil 1406-01/Tempe Ajak Pemuda Cegah Kenakalan Remaja di Kelurahan Mattirotappareng
#tniad
#dispenad
#puspentni
#TNIindonesia
#kodam14hasanuddin
#korem141toddopuli",Kodim Wajo
@WajoKodim,2025-03-14 05:59,"Koramil 1406-05/Majauleng Gelar Karya Bhakti Penanaman Pohon di Kelurahan Limpomajang
#tniad
#dispenad
#puspentni
#TNIindonesia
#kodam14hasanuddin
#korem141toddopuli",Kodim Wajo
@Kodim_Tator,2025-03-14 05:44,"Babinsa Koramil 1414-05/Sanggalangi Serka Martani melaksanakan ketahanan pangan penanaman padi bersama kelompok tani batang palli  di Dusun batang palli, Lembang nanna, Kec. Nanggala, Kab. Torut
Jumat, 14/03/2025

#tniad
#dispenad
#puspentni
#TNIindonesia
#kodam14hasanuddin",Kodim Tator
@Kodim_Tator,2025-03-14 05:42,"Babinsa Koramil 1414-09/Saluputti Serka Abdul Rahman melaksanakan komsos bersama Masyarakat binaan di Dusun Landotekka Lembang/Desa Belau Kec. Masanda Kab. Tana Toraja.
Jumat, 14/03/2025

#tniad
#dispenad
#puspentni
#TNIindonesia
#kodam14hasanuddin",Kodim Tator
@Kodim_Tator,2025-03-14 05:42,"Personil Koramil 1414-03/Rindingallo gotong royong bersama masyarakat melaksanakan pembersihan jalan dan selokan bertempat di Dusun To’siallo, Lembang Pangkung Batu, Kec. Buntu Pepasan, Kab. Torut.
Jumat, 14/03/2025

#tniad
#dispenad
#puspentni
#TNIindonesia
#kodam14hasanuddin",Kodim Tator
@kodimainjai,2025-03-14 04:08,"Satgas TMMD ke-123 Kodim 1424/Sinjai Bahu Membahu Bangun Jembatan di Desa Lamatti Riawang, Kecamatan Bulupoddo, Kabupaten Sinjai, Jumat (14/3/2025).

#tniad
#dispenad
#puspentni
#TNIindonesia
#kodam14hasanuddin",Kodim 1424 Sinjai
@kodimainjai,2025-03-14 04:05,"Satgas TMMD ke-123 Kodim 1424/Sinjai Gunakan Mesin Pompa Air untuk Percepat Pembangunan Jembatan di Desa Lamatti Riawang, Jumat (14/3/2025).

#tniad
#dispenad
#puspentni
#TNIindonesia
#kodam14hasanuddin",Kodim 1424 Sinjai
@kodimainjai,2025-03-14 04:01,"Satgas TMMD ke-123 Kodim 1424/Sinjai Siapkan Material Besi untuk Finishing Pembangunan Jembatan di Desa Lamatti Riawang, Kecamatan Bulupoddo, Kabupaten Sinjai, Jumat (14/3/2025).

#tniad
#dispenad
#puspentni
#TNIindonesia
#kodam14hasanuddin",Kodim 1424 Sinjai
@AlorKodim,2025-03-14 04:00,"Dandim 1622/Alor Hadiri Musrenbang Tingkat Kabupaten.

Penulis: FaisalMuhammad 
(Pendim1622/Alor)
#tniad 
#tniprima 
#tnibersamarakyat 
#tnidihatirakyat
#tnimengabdidanmembangunbersamarakyat
#prajaraksakaperdulirakyat

Cek berita selengkapnya disini>>
suararossa.com/dandim-1622-a…",Kodim 1622 Alor
@kodimainjai,2025-03-14 03:57,"Satgas TMMD ke-123 Kodim 1424/Sinjai dengan Penuh Semangat Siapkan Material Pasir Menggunakan Alat Tradisional di Desa Lamatti Riawang, Kecamatan Bulupoddo, Kabupaten Sinjai, Jumat (14/3/2025).

#tniad
#dispenad
#puspentni
#TNIindonesia
#kodam14hasanuddin",Kodim 1424 Sinjai
@kodimainjai,2025-03-14 03:53,"Satgas TMMD ke-123 Kodim 1424/Sinjai Berbondong-bondong Menuju Lokasi Sasaran di Desa Lamatti Riawang, Kecamatan Bulupoddo, Kabupaten Sinjai, Jumat (14/3/2025).

#tniad
#dispenad
#puspentni
#TNIindonesia
#kodam14hasanuddin",Kodim 1424 Sinjai
@kodimainjai,2025-03-14 03:50,"Satgas TMMD ke-123 Kodim 1424/Sinjai Kembali Kerahkan Alat Berat untuk Percepat Pelebaran Jalan di Desa Lamatti Riawang, Kecamatan Bulupoddo, Kabupaten Sinjai, Jumat (14/3/2025).

#tniad
#dispenad
#puspentni
#TNIindonesia
#kodam14hasanuddin",Kodim 1424 Sinjai
@kodimainjai,2025-03-14 03:46,"Satgas TMMD ke-123 Kodim 1424/Sinjai Lanjutkan Pembuatan Tanggul di Sisi Kanan dan Kiri Jalan dalam program TMMD di Desa Lamatti Riawang, Kecamatan Bulupoddo, Kabupaten Sinjai, Jumat (14/3/2025).

#tniad
#dispenad
#puspentni
#TNIindonesia
#kodam14hasanuddin",Kodim 1424 Sinjai
@kodimainjai,2025-03-14 03:42,"Semangat Tanpa Batas! Satgas TMMD ke-123 Terus Kebut Pembangunan Desa di Desa Lamatti Riawang, Kecamatan Bulupoddo, Kabupaten Sinjai. 

#tniad
#dispenad
#puspentni
#TNIindonesia
#kodam14hasanuddin",Kodim 1424 Sinjai
@kodimainjai,2025-03-14 03:38,"Hijaukan Desa, Satgas TMMD ke-123 Kodim 1424/Sinjai Tanam Pohon di Sepanjang Jalan yang Diperlebar di Desa Lamatti Riawang, Kecamatan Bulupoddo, Kabupaten Sinjai, Jumat (14/3/2025).

#tniad
#dispenad
#puspentni
#TNIindonesia
#kodam14hasanuddin",Kodim 1424 Sinjai
@kodimainjai,2025-03-14 03:32,"Satgas TMMD ke-123 Mulai Menimbun dan Meratakan Jalan dengan Jembatan di Desa Lamatti Riawang, Kecamatan Bulupoddo, Kabupaten Sinjai, Jumat (14/3/2025).

#tniad
#dispenad
#puspentni
#TNIindonesia
#kodam14hasanuddin",Kodim 1424 Sinjai
@kodimainjai,2025-03-14 03:28,"Gotong Royong Tanpa Batas, Satgas TMMD dan Warga Bahu-Membahu Bangun Desa Desa Lamatti Riawang, Kecamatan Bulupoddo, Kabupaten Sinjai, Jumat (14/3/2025).

#tniad
#dispenad
#puspentni
#TNIindonesia
#kodam14hasanuddin",Kodim 1424 Sinjai
@kodamhasanuddin,2025-03-14 03:25,"Pangdam XIV/Hasanuddin Tekankan Disiplin dan Kepedulian dalam Kunjungan ke Makodim 1412/Kolaka

""Latihan Rutin, Solidaritas, dan Pembinaan Keluarga untuk Masa Depan yang Lebih Baik""

#tniad
#dispenad
#puspentni
#TNIindonesia",Kodam Hasanuddin
@1420_sidrap,2025-03-14 03:17,"Koramil-03/Maritengngae Bersihkan Saluran Air Bersama Warga.
Jumat (14/03/2025).

#tniad
#dispenad
#puspentni
#TNIindonesia
#kodam14hasanuddin
#korem141toddopuli",Kodim 1420 Sidrap
@korem091asn,2025-03-14 03:00,"Ini Keterlibatan Babinsa Sebakung Taka Dalam Mensukseskan Ketahanan Pangan
#tni_angkatan_darat #kodam_mlw #tniprima #profesional #responsif #integratif #modern #adaptif #tniadmengabdidanmembangunbersamarakyat #tentararakyat #infokomando #tniad #korem091asn #bersamarakyattnikuat",KOREM 091/ASN
@1420_sidrap,2025-03-14 02:47,"Babinsa Koramil 1420-05/Dua Pitue Tinjau Aktivitas di Pasar Tradisional, Yakinkan Kestabilan Harga di Bulan Suci Ramadhan.
Jumat (14/03/2025)

#tniad
#dispenad
#puspentni
#TNIindonesia
#kodam14hasanuddin
#korem141toddopuli",Kodim 1420 Sidrap
@kodimainjai,2025-03-14 02:34,"Babinsa Palae Koramil 1424-05/Sinjai Selatan Kodim 1424/Sinjai Komsos Bersama Staf Desa di Kantor Desa Palae Kec. Sinjai Selatan Kab. Sinjai.

#tniad
#dispenad
#puspentni
#TNIindonesia
#kodam14hasanuddin",Kodim 1424 Sinjai
@kodimainjai,2025-03-14 02:32,"Babinsa Kanrung Koramil 03/Sinjai Tengah Kodim 1424/Sinjai Hadiri Sosialisasi Zakat, Infak, dan Sedekah yang diselenggarakan oleh Baznas dan PHBI Kec. Sinjai Tengah Kab. Sinjai.

#tniad
#dispenad
#puspentni
#TNIindonesia
#kodam14hasanuddin",Kodim 1424 Sinjai
@kodimainjai,2025-03-14 02:28,"Babinsa Turungan Baji Koramil 02/Sinjai Barat Kodim 1424/Sinjai Dampingi Petani Memantau Perkembangan Tanaman Padi di Dusun Soppeng Desa Turungan Baji Kec. Sinjai Barat Kab. Sinjai.

#tniad
#dispenad
#puspentni
#TNIindonesia
#kodam14hasanuddin",Kodim 1424 Sinjai
@kodimainjai,2025-03-14 02:25,"Babinsa Lembang Lohe Pos Ramil 05/Tellulimpoe Kodim 1424/Sinjai Komsos Dengan Masyarakat di Dusun Tippulu Desa Lembang Lohe Kec. Tellulimpoe Kab. Sinjai.

#tniad
#dispenad
#puspentni
#TNIindonesia
#kodam14hasanuddin",Kodim 1424 Sinjai
@kodimainjai,2025-03-14 02:22,"Babinsa Bulukamase Koramil 05/Sinjai Selatan Kodim 1424/Sinjai Komsos Dengan Warga Binaan di Dusun Baru Desa Bulukamase Kec. Sinjai Selatan Kab. Sinjai.

#tniad
#dispenad
#puspentni
#TNIindonesia
#kodam14hasanuddin",Kodim 1424 Sinjai
@kodimainjai,2025-03-14 02:20,"Babinsa Desa Saukang Koramil 1424-04/Sinjai Timur Kodim 1424/Sinjai Dampingi Petani Pantau Perkembangan Tanaman Padi di Dusun Bakae Desa Saukang Kec. Sinjai Timur Kab. Sinjai.

#tniad
#dispenad
#puspentni
#TNIindonesia
#kodam14hasanuddin",Kodim 1424 Sinjai
@kodimainjai,2025-03-14 02:16,"Babinsa Kel. Lappa Koramil 1424-01/Sinjai Utara Kodim 1424/Sinjai Komsos Dengan Para Pemuda di Pelabuahan Larea rea Kel. Lappa Kec. Sinjai Utara Kab. Sinjai.

#tniad
#dispenad
#puspentni
#TNIindonesia
#kodam14hasanuddin",Kodim 1424 Sinjai
@kodimainjai,2025-03-14 02:12,"Babinsa Desa Saotengah Pos Ramil 1424-05/Tellulimpoe Kodim 1424/Sinjai Laksanakan Pendampingan Penyaluran Bantuan Cadangan Pangan di Kantor Desa Saotengah Kec. Tellulimpoe Kab. Sinjai Kab. Sinjai.

#tniad
#dispenad
#puspentni
#TNIindonesia
#kodam14hasanuddin",Kodim 1424 Sinjai
@kodimainjai,2025-03-14 02:09,"Babinsa Palangka Koramil 1424-05/Sinjai Selatan Kodim 1424/Sinjai Gelar Karya Bakti Pembersihan Jalan di Dusun Baru Desa Palangka Kec. Sinjai Selatan Kab. Sinjai.

#tniad
#dispenad
#puspentni
#TNIindonesia
#kodam14hasanuddin",Kodim 1424 Sinjai
@kodimainjai,2025-03-14 02:05,"Babinsa Massaile Pos Ramil 05/Tellulimpoe Kodim 1424/Sinjai Komsos Bantu Warga Perbaiki Lantai Rumah di Dusun Boddi Desa Massaile Kec. Tellulimpoe Kab. Sinjai.

#tniad
#dispenad
#puspentni
#TNIindonesia
#kodam14hasanuddin",Kodim 1424 Sinjai
@kodimainjai,2025-03-14 02:00,"Babinsa Barambang, Koramil 1424-06/Sinjai Borong Kodim 1424/Sinjai Bantu Perbaikan Lantai Rumah Milik Warga  di Dusun Balang, Desa Barambang, Kecamatan Sinjai Borong, Kabupaten Sinjai.

#tniad
#dispenad
#puspentni
#TNIindonesia
#kodam14hasanuddin",Kodim 1424 Sinjai
@kodimainjai,2025-03-14 01:54,"Babinsa anjai Koramil 04/Sinjai Timur Kodim 1424/Sinjai Komsos Hadiri Acara Buka Puasa Bersama Masyarakat di Masjid Al Kautsar Dusun Takalala Desa Sanjai  Kec. Sinjai Timur Kab. Sinjai.

#tniad
#dispenad
#puspentni
#TNIindonesia
#kodam14hasanuddin",Kodim 1424 Sinjai
@kodimainjai,2025-03-14 01:50,"Babinsa Talle Koramil 05/Sinjai Selatan Kodim 1424/Sinjai Komsos Hadiri Pembukaan Musabaqah Tilawatil Qur'an (MTQ) ke 35 Tingkat Desa Talle di Masjid Nurul Amin Desa Talle Kec Sinjai Selatan Kab. Sinjai.

#tniad
#dispenad
#puspentni
#TNIindonesia
#kodam14hasanuddin",Kodim 1424 Sinjai
@takalar_kodim,2025-03-14 01:48,"Personel Koramil 1426-07/Pattallassang, Sholat Subuh Berjamaah di Masjid Wilayah Binaan 

#tniad
#dispenad
#puspentni
#TNIindonesia
#kodam14hasanuddin
#korem141toddopuli",Kodim_Takalar
@kodimainjai,2025-03-14 01:47,"Babinsa Bontosalama Koramil 02/Sinjai Barat Kodim 1424/Sinjai Komsos Hadiri Acara Buka Puasa Bersama Masyarakat di Dusun Lembang Desa Bontosalama Kec. Sinjai Barat Kab. Sinjai.

#tniad
#dispenad
#puspentni
#TNIindonesia
#kodam14hasanuddin",Kodim 1424 Sinjai
@kodimbone,2025-03-14 01:41,"Babinsa Koramil 1407-10/Ponre Serda Iwan Setiawan melaksanakan Komunikasi Sosial (Komsos) guna menciptakan interaksi serta kekompakan bersama warga binaan yang berlokasi di Desa Mattampae, Kec. Ponre, Kab. Bone. 
#tniad
#puspentni
#TNIindonesia
#kodam14hasanuddin",kodimbone
@kodimbone,2025-03-14 01:40,"Serda Mursaling Babinsa Koramil 18/Kajuara Kodim 1407/Bone melaksanakan gotong royong bersama warga membersihkan selokan sekitaran kantor Kelurahan Awang Tangka, Kec. Kajuara, Kab. Bone. 
#tniad
#puspentni
#TNIindonesia
#kodam14hasanuddin",kodimbone
@kodimainjai,2025-03-14 01:40,"Berkah Ramadhan, Pers. Babinsa Koramil 1424-05/Sinjai Selatan Kodim 1424/Sinjai Bagikan Takjil Kep[ada Masyarakat bertempat di Kel. Sangiasseri Kec. Sinjai Selatan Kab. Sinjai.

#tniad
#dispenad
#puspentni
#TNIindonesia
#kodam14hasanuddin",Kodim 1424 Sinjai
@kodimbone,2025-03-14 01:39,"Babinsa Koramil 12/Cina Kodim 1407/Bone Sertu Abdul Rahman melaksanakan pendampingan dan pemantauan penyerapan gabah oleh Bulog Kabupaten Bone di Dusun Kawerang, Desa Kawerang, Kec. Cina, Kab. Bone.
#tniad
#puspentni
#TNIindonesia
#kodam14hasanuddin",kodimbone
@kodimbone,2025-03-14 01:39,"Babinsa Koramil 1407-09/Lapri Sertu Listan melaksanakan Komunikasi Sosial (Komsos) bersama warga membahas tentang keamanan dan kebersihan yang berada di Desa Sengeng Palie, Kec. Lapri, Kab. Bone.
#tniad
#puspentni
#TNIindonesia
#kodam14hasanuddin",kodimbone
@kodimbone,2025-03-14 01:38,"Wujudkan lingkungan yang bersih, Babinsa Koramil 1407-21/Palakka Serda Samsul Bahri bersama dengan warga melaksanakan kerja bakti pembersihan disepanjang jalan poros Desa Lemoape, Kec. Palakka, Kab. Bone. 
#tniad
#puspentni
#TNIindonesia
#kodam14hasanuddin",kodimbone
@kodimbone,2025-03-14 01:32,"Danramil 04/Tellusiatinge Kodim 1407/Bone Kapten Inf. Abdul Mannan bersama Forkopimcam laksanakan Safari Ramadhan di Masjid Al – Barokah, Kecamatan Tellusiatinge, Kabupaten Bone. 
#tniad
#puspentni
#TNIindonesia
#kodam14hasanuddin",kodimbone
@kodimbone,2025-03-14 01:31,"Babinsa Koramil 1407-02/Dua Boccoe Serda Ismail melaksanakan pendampingan terhadap petani ubi jalar di wilayah binaan yang berlokasi di Desa Padacenga, Kec. Dua Boccoe, Kab. Bone.
#tniad
#puspentni
#TNIindonesia
#kodam14hasanuddin",kodimbone
@takalar_kodim,2025-03-14 01:31,"Wujud Nyata Pendampingan Babinsa Kodim Takalar Bantu Petani Panen Padi Di Desa Binaan

#tniad
#dispenad
#puspentni
#TNIindonesia
#kodam14hasanuddin
#korem141toddopuli",Kodim_Takalar
@kodimbone,2025-03-14 01:30,"Babinsa Koramil 1407-07/Tanete Riattang Sertu Sainuddin melaksanakan Komunikasi Sosial (Komsos) bersama Petani terkait sosialisasi harga jual Gabah Kering Panen (GKP), bertempat di Lingk. Pallengoreng 1, Kel. Biru, Kec. Tanete Riattang, Kab. Bone.
#tniad
#puspentni
#TNIindonesia",kodimbone
@kodimainjai,2025-03-14 01:30,"Dandim 1424/Sinjai Hadiri Acara Safari Ramadhan Bersama Bupati Sinjai yang diselenggarakan di Masjid An-Nur, Kelurahan Balangnipa, Kecamatan Sinjai Utara, Kabupaten Sinjai.

#tniad
#dispenad
#puspentni
#TNIindonesia
#kodam14hasanuddin",Kodim 1424 Sinjai
@kodimbone,2025-03-14 01:29,"Babinsa Koramil 1407-10/Ponre Sertu Kasman melaksanakan sholat tarawih berjamaah bersama warga masyarakat di wilayah binaan yang berlokasi di Masjid Annabah, Dusun Sancereng, Desa Bolli, Kec. Ponre, Kab. Bone. 
#tniad
#puspentni
#TNIindonesia
#kodam14hasanuddin",kodimbone
@kodimbone,2025-03-14 01:27,"Babinsa Koramil 1407-20/Bontocani Sertu Ahmad Riady membantu warga menjemur cengkeh yang telah di petik, untuk menjaga agar kualitas cengkeh tetap baik, bertempat di Dusun Lalakke, Desa Bulusirua, Kec. Bontocani, 
#tniad
#puspentni
#TNIindonesia
#kodam14hasanuddin",kodimbone
@kodimbone,2025-03-14 01:09,"Babinsa Koramil 03/Cenrana Kodim 1407/Bone Sertu M. Yunus memberikan materi Wawasan Kebangsaan (Wasbang) kepada siswa - siswi SD Inpres 5/81 Desa Latonro, Kecamatan Cenrana, Kabupaten Bone. 
#tniad
#puspentni
#TNIindonesia
#kodam14hasanuddin",kodimbone
@kodimbone,2025-03-14 01:08,"Babinsa Koramil 06/Awangpone Kodim 1407/Bone Sertu M. Yunus melaksanakan Komunikasi Sosial (Komsos) dengan para petani di Desa Lappo Ase, Kecamatan Awangpone, Kabupaten Bone. 
#tniad
#puspentni
#TNIindonesia
#kodam14hasanuddin",kodimbone
@kodimbone,2025-03-14 01:08,"Babinsa Koramil 1407-04/Tellusiatinge Sertu Munawir melaksanakan pengecekan padi yang sudah siap di panen milik kelompok tani Tunas Harapan di Desa Waji, Kec. Tellusiatinge, Kab. Bone. 
#tniad
#puspentni
#TNIindonesia
#kodam14hasanuddin",kodimbone
@kodimbone,2025-03-14 01:07,"Serda Mursaling Babinsa Koramil 18/Kajuara Kodim 1407/Bone bersama Pemuda dan Masyarakat melaksanakan Karya Bakti (Karbak) membersihkan selokan di Kel. Awang Tangka, Kec. Kajuara, Kab. Bone. 
#tniad
#puspentni
#TNIindonesia
#kodam14hasanuddin",kodimbone
@kodimbone,2025-03-14 01:06,"Sertu Sahir Babinsa Koramil 1407-14/Libureng memanfaatkan bulan ramadan untuk bertatap muka memberikan materi wawasan kebangsaan serta motivasi kepada murid SD Negeri 187 Desa Tompo Bulu, Kec. Libureng, Kab. Bone. 
#tniad
#puspentni
#TNIindonesia
#kodam14hasanuddin",kodimbone
@kodimbone,2025-03-14 01:00,"Sertu Lukman Babinsa Koramil 09/Lapri Kodim 1407/Bone hadiri Rapat koordinasi bersama seluruh aparat desa di bidang Pertanian, bertempat di Kantor Desa Walimpong, Kecamatan Bengo, Kabupaten Bone. 
#tniad
#puspentni
#TNIindonesia
#kodam14hasanuddin",kodimbone
@kodimbone,2025-03-14 00:58,"Babinsa Koramil 1407-16/Tonra Kopda Ahmad melaksanakan gotong royong membantu mempercepat pembangunan pondasi rumah salah satu warga binaan di Desa Muara, Kecamatan Tonra, Kabupaten Bone. 
#tniad
#puspentni
#TNIindonesia
#kodam14hasanuddin",kodimbone
@kodimbone,2025-03-14 00:57,"Serda Adil Babinsa Koramil 18/Kajuara Kodim 1407/Bone dampingi Bulog turun langsung memastikan kelancaran penyerapan gabah dari petani di Desa Buareng, Kec. Kajuara, Kab. Bone. 
#tniad
#puspentni
#TNIindonesia
#kodam14hasanuddin",kodimbone
@kodimbone,2025-03-14 00:56,"Serka Nasrun Babinsa Koramil 06/Awangpone Kodim 1407/Bone melaksanakan pendampingan dan pemantauan penyerapan gabah oleh Bulog Bone, bertempat di Desa Kading, kecamatan Awangpone, Kabupaten Bone. 
#tniad
#puspentni
#TNIindonesia
#kodam14hasanuddin",kodimbone
@kodimbone,2025-03-14 00:55,"Babinsa Koramil 13/Sibulue Kodim 1407/Bone Serda Amir melaksanakan pendampingan pelaksanaan Posyandu Balita dan Ibu Hamil di Kelurahan Maroanging, Kecamatan Sibulue, Kabupaten Bone. 
#tniad
#puspentni
#TNIindonesia
#kodam14hasanuddin",kodimbone
@korem091asn,2025-03-13 21:15,"Kasrem 091/ASN Safari Ramadhan dan Buka Puasa bersama Gubernur Kaltim
#tni_angkatan_darat #kodam_mlw #tniprima #profesional #responsif #integratif #modern #adaptif #tniadmengabdidanmembangunbersamarakyat #tentararakyat #infokomando #tniad #korem091asn #bersamarakyattnikuat",KOREM 091/ASN
@korem091asn,2025-03-13 20:26,"KOREM 091/ASN Siap Dukung Pengamanan Idul Fitri 1446 H di Kalimantan Timur
#tni_angkatan_darat #kodam_mlw #tniprima #profesional #responsif #integratif #modern #adaptif #tniadmengabdidanmembangunbersamarakyat #tentararakyat #infokomando #tniad #korem091asn #bersamarakyattnikuat",KOREM 091/ASN
@kodim1418mamuju,2025-03-13 16:05,"“Kebersamaan di Bulan Suci Ramadhan, Kodim 1418/Mamuju Gelar Buka Puasa Bersama Anak Yatim Piatu“

#tniad
#dispenad
#puspentni
#TNIindonesia
#kodam14hasanuddin",Kodim1418/Mamuju
@kodim_jeneponto,2025-03-13 15:51,"Koramil 1425-05/Batang Bagi Ratusan Paket Takjil Buka Puasa Gratis Kepada Pengendara

#tni
#tniindonesia
#puspentni
#tniad
#kodam14hasanuddin
#korem141toddoppuli
#tnimanunggalrakyat
#indahnyaberbagisesama
#berkahramadhan",Kodim_Jeneponto
@Jurnalpatroli_,2025-03-13 15:42,jurnalpatrolinews.co.id/pusp… Polisi Militer Kodam XVIII/Kasuari (Pomdam XVIII/Kasuari) menggelar pemeriksaan kendaraan milik prajurit dan PNS TNI AD di lingkungan Kodam XVIII/Kasuari #tniad #kodam #dispenad #papua,JurnalPatroliNews
@M1513sbb,2025-03-13 15:36,"Babinsa Koramil 1513-01/Piru Bantu Warga Buat Batako untuk Pembangunan Rumah
#tniad 
#TNIADPrima 
#babinsa1513
#TNIADbekerjadenganhati",Makodim 1513sbb
@kodam_mlw,2025-03-13 15:01,"Barito Kuala - Indahnya Ramadhan 1446 H, Kodim 1005/Barito Kuala Berbagi Takjil di Halaman Makodim 1005/Barito Kuala, Kamis (13/03/25).

#kodamvimulawarman 
#tniad
#tniprima
#marhabanyaramadhan",Kodam VI/Mulawarman
@kodam_mlw,2025-03-13 15:01,"Balikpapan - Indahnya Ramadhan 1446 H, Kodam VI/Mulawarman Berbagi Takjil di Halaman Makodam VI/Mulawarman, Kamis (13/03/25).

#kodamvimulawarman 
#tniad
#tniprima
#marhabanyaramadhan",Kodam VI/Mulawarman
@Cakra_Kostrad,2025-03-13 14:52,"Panglima Kostrad (Pangkostrad) Letjen TNI Mohammad Fadjar, MPICT., memimpin syukuran peringatan HUT Ke-64 Kostrad di Ruang Mandala Kostrad, Jakarta Pusat, Kamis (6/3/2025).
.
#hutke64kostrad #tniad #kostrad #Cakra #Pangkostrad #Kaskostrad #lintasprajurit #Penkostrad",Kostrad
@AlorKodim,2025-03-13 14:14,"Dukung Ketahanan Pangan Babinsa Melaksanakan Komsos Dengan Petani

Penulis : Israel .A
(Pendim1622/Alor)
#tniad 
#tniprima 
#tnibersamarakyat 
#tnidihatirakyat
#tnimengabdidanmembangunbersamarakyat

Cek berita selengkapnya disini>>
arashnews.com/2025/03/dukung…",Kodim 1622 Alor
@ditkumad,2025-03-13 13:17,"Dirkumad Dampingi Kepala Staf Angkatan Darat dalam Rapat Dengar Pendapat dengan Komisi I DPR

#tniprima  

#tniad  

#tnikuatbersamarakyat  

#korpschk  

#armylegalservice  

#penditkumad  

#ruutni

instagram.com/p/DHI6zGzSaoR/…

facebook.com/share/p/1Y19PYa…",DITKUMAD
@KodamJayakarta,2025-03-13 12:24,"Alarm Kesiapsiagaan Yonarmed 7/Biringgalih

#tniadmengabdidanmembangunbersamarakyat #tniad #tniadprima #kodamjaya #yonarmed7 #alarm #kesiapsiagaan",Kodam Jaya/Jayakarta
@kodamhasanuddin,2025-03-13 10:56,"Serap Gabah Dalam Peningkatan Kesejahteraan Masyarakat 

#tniad
#dispenad
#puspentni
#TNIindonesia",Kodam Hasanuddin
@korem091asn,2025-03-13 10:27,"Tingkatkan Keterampilan Prajurit, Kodim 0906/Kutai Kartanegara Lakukan Latihan Bela Diri Taktis
#tni_angkatan_darat #kodam_mlw #tniprima #profesional #responsif #integratif #modern #adaptif #tniadmengabdidanmembangunbersamarakyat #tentararakyat #infokomando #tniad #korem091asn",KOREM 091/ASN
@korem091asn,2025-03-13 10:18,"Respon Cepat Pelda Bimo dan Warga Evakuasi Korban Kecelakaan Tunggal
#tni_angkatan_darat #kodam_mlw #tniprima #profesional #responsif #integratif #modern #adaptif #tniadmengabdidanmembangunbersamarakyat #tentararakyat #infokomando #tniad #korem091asn #bersamarakyattnikuat",KOREM 091/ASN
@korem091asn,2025-03-13 10:12,"Bantu Petani Tanam Padi, Dukungan Nyata Babinsa Dalam Program Hanpangan
#tni_angkatan_darat #kodam_mlw #tniprima #profesional #responsif #integratif #modern #adaptif #tniadmengabdidanmembangunbersamarakyat #tentararakyat #infokomando #tniad #korem091asn #bersamarakyattnikuat",KOREM 091/ASN
@kodamhasanuddin,2025-03-13 10:07,"Kasdam XIV/Hsn Hadiri Rakornis Kesiapan Pengamanan Idul Fitri 1446 H

""Sinergi Lintas Sektoral untuk Pengamanan Idul Fitri 1446 H di Sulawesi Selatan""

#tniad
#dispenad
#puspentni
#TNIindonesia",Kodam Hasanuddin
@Cakra_Kostrad,2025-03-13 09:42,"Danmenarmed 2 Kostrad Pimpin Berbagi di Bulan Suci Ramadhan, Pantang Menyerah Tebarkan Kebaikan
@Puspen_TNI @tni_ad @divif_1_kostrad @divif2kostrad @divif3kostrad #tni #tniad #Kostrad #Cakra    #kostradpeduli #kostradberbagi #TNIADMengabdiDanMembangunBersamaRakyat #penkostrad",Kostrad
@Cakra_Kostrad,2025-03-13 09:42,"Satgas Yonif 509 Kostrad Beri Perhatian dan Bantuan kepada Mama Papua yang Datang Berobat ke Titik Kuat Koper
@Puspen_TNI @tni_ad   #tni #tniad #Kostrad #Cakra    #kostradpeduli #kostradberbagi #TNIADMengabdiDanMembangunBersamaRakyat #penkostrad",Kostrad
@Cakra_Kostrad,2025-03-13 09:41,"Buka Pelatihan Mengemudi Roket Astros, Prajurit Yonarmed 1 Kostrad Siap Awaki Alutsista Canggih
@Puspen_TNI @tni_ad @divif_1_kostrad @divif2kostrad @divif3kostrad #tni #tniad #Kostrad #Cakra    #kostradpeduli #kostradberbagi #TNIADMengabdiDanMembangunBersamaRakyat #penkostrad",Kostrad
@Cakra_Kostrad,2025-03-13 09:41,"Pakum Divisi Infanteri 2 Kostrad, Berikan Penyuluhan Hukum Kepada Prajurit dan Persit Brigif 9  dan Yonif 509  Kostrad
@Puspen_TNI @tni_ad   #tni #tniad #Kostrad #Cakra    #kostradpeduli #kostradberbagi #TNIADMengabdiDanMembangunBersamaRakyat #penkostrad",Kostrad
@Cakra_Kostrad,2025-03-13 09:35,"Pakum Divisi Infanteri 2 Kostrad, Berikan Penyuluhan Hukum Kepada Prajurit dan Persit Brigif 9  dan Yonif 509  Kostrad
@Puspen_TNI @tni_ad   #tni #tniad #Kostrad #Cakra    #kostradpeduli #kostradberbagi #TNIADMengabdiDanMembangunBersamaRakyat #penkostrad",Kostrad
@korem091asn,2025-03-13 09:28,"Inilah Hasil Ternakan Oleh Anggota Koramil Batu Sopang 
#tni_angkatan_darat #kodam_mlw #tniprima #profesional #responsif #integratif #modern #adaptif #tniadmengabdidanmembangunbersamarakyat #tentararakyat #infokomando #tniad #korem091asn #bersamarakyattnikuat #prajuritmulawarman",KOREM 091/ASN
@korem091asn,2025-03-13 09:19,"Danramil Muara Samu Hadiri Safari Ramadhan Bersama PT. PAMA dan Warga
#tni_angkatan_darat #kodam_mlw #tniprima #profesional #responsif #integratif #modern #adaptif #tniadmengabdidanmembangunbersamarakyat #tentararakyat #infokomando #tniad #korem091asn #bersamarakyattnikuat",KOREM 091/ASN
@kodam_mlw,2025-03-13 08:39,"Nunukan – Optimalkan Lahan Kosong, Satgas Pamtas Yonarmed 11 Kostrad Wujudkan Pertanian Produktif di Pos Salang, Kecamatan Tulin Onsoi, Kabupaten Nunukan, Kamis (13/03/25).

#kodamvimulawarman
#tniad
#tniprima",Kodam VI/Mulawarman
@kodam_mlw,2025-03-13 08:31,"Balikpapan –  Kodam VI/Mulawarman Siap Dukung Pengamanan Idul Fitri 1446 H di Kalimantan Timur di Gedung Mahakam Polda Kaltim, Balikpapan, Kamis (13/03/24).

#kodamvimulawarman
#tniad
#tniprima",Kodam VI/Mulawarman
@1420_sidrap,2025-03-13 07:49,"Babinsa Ramil 1420-03/Maritengngae Kawal Pemeriksaan Kesehatan Gratis di Maritenggae.
Kamis (13/3/2025)

#tniad
#dispenad
#puspentni
#TNIindonesia
#kodam14hasanuddin
#korem141toddopuli",Kodim 1420 Sidrap
@KodamKasuari,2025-03-13 07:47,"Babinsa Koramil 1804-01/Kaimana, Kodim 1804/Kaimana Serka Nofri Tulenan Memberikan materi Wawasan Kebangsaan (Wasbang) dan pelatihan Peraturan Baris Berbaris (PBB) kepada siswa-siswi SMA Misi Kaimana.

#TNIADbekerjadenganhati
#TNIADDihatiRakyat
#TNIADPrima
#TNIAD",Kodam XVIII/Kasuari
@KodamKasuari,2025-03-13 07:44,"Babinsa Koramil 1802-04/Seget Serka Alwi mendatangi warga binaannya menghimbau bapak Faisal Risal yang akan melaksanakan aktivitas sebagai nelayan agar menjaga faktor ke aman saat mencari ikan hati hati karena cuaca exstrim dan tidak menentu

#TNIADbekerjadenganhati
#TNIAD",Kodam XVIII/Kasuari
@KodamKasuari,2025-03-13 07:34,"Dalam rangka mewujudkan ketahanan pangan masyarakat, Satgas Pamtas RI-PNG Kewilayahan Papua Barat Daya Yonif 762/VYS Pos Yembun memanfaatkan lahan kosong menjadi lumbung pangan warga Kampung Metnayam

#TNIADbekerjadenganhati
#TNIADDihatiRakyat
#TNIADPrima
#TNIAD",Kodam XVIII/Kasuari
@KodamKasuari,2025-03-13 07:32,"Tumbuhkan Minat Belajar Matematika Babinsa Koramil 1802-01/Waisai Serda  Apdullah Tahah melaksanakan wawasan kebangsaan kepada siswa – siswi SD Negeri 29 Raja Ampat  dengan memperkenalan metode gasing pada materi matematika Di SDN 29 Raja Ampat

#TNIADbekerjadenganhati
#TNIAD",Kodam XVIII/Kasuari
@KodamKasuari,2025-03-13 07:25,"Dalam upaya mendukung program swasembada pangan nasional, Babinsa Koramil 1801-06/Sidey Kopda Ranto Ramli Yacob aktif terjun ke lapangan membantu para petani dalam menyiapakan bibit-bibit Unggulan pertanian.

#TNIADbekerjadenganhati
#TNIADDihatiRakyat
#TNIADPrima
#TNIAD",Kodam XVIII/Kasuari
@takalar_kodim,2025-03-13 06:47,"Babinsa Koramil 1426-05/Marbo Dampingi Pembagian Makanan Bergizi Gratis Untuk Anak Sekolah

#tniad
#dispenad
#puspentni
#TNIindonesia
#kodam14hasanuddin
#korem141toddopuli",Kodim_Takalar
@kodim1418mamuju,2025-03-13 06:43,"“Babinsa Koramil 1418-04/Budong-Budong Bersama Warga Bersihkan Saluran Air Antisipasi Banjir Di Mamuju Tengah”

#tniad
#dispenad
#puspentni
#TNIindonesia
#kodam14hasanuddin",Kodim1418/Mamuju
@korem091asn,2025-03-13 06:41,"Program Ketahanan Pangan, Babinsa Rawa Mulia Pendampingan Warga Panen Padi
#tni_angkatan_darat #kodam_mlw #tniprima #profesional #responsif #integratif #modern #adaptif #tniadmengabdidanmembangunbersamarakyat #tentararakyat #infokomando #tniad #korem091asn #bersamarakyattnikuat",KOREM 091/ASN
@takalar_kodim,2025-03-13 06:37,"Sukseskan Ketahanan Pangan, Babinsa Koramil 1426-07/Pattallassang Laksanakan Pendampingan Para Petani

#tniad
#dispenad
#puspentni
#TNIindonesia
#kodam14hasanuddin
#korem141toddopuli",Kodim_Takalar
@korem091asn,2025-03-13 06:35,"Wakili Danramil, Babinsa Bersama Forkopimcam Melakukan Kegiatan Safari Ramadhan
#tni_angkatan_darat #kodam_mlw #tniprima #profesional #responsif #integratif #modern #adaptif #tniadmengabdidanmembangunbersamarakyat #tentararakyat #infokomando #tniad #korem091asn",KOREM 091/ASN
@korem091asn,2025-03-13 06:30,"Wujudkan Ketahanan Pangan Di Wilayah, Babinsa Lakukan Pendampingan Panen Padi Bersama Petani
#tni_angkatan_darat #kodam_mlw #tniprima #profesional #responsif #integratif #modern #adaptif #tniadmengabdidanmembangunbersamarakyat #tentararakyat #infokomando #tniad #korem091asn",KOREM 091/ASN
@takalar_kodim,2025-03-13 06:28,"Koramil 1426-07/Pattallassang Bersama Masyarakat Kerja Bakti Bersihkan Lingkungan 

#tniad
#dispenad
#puspentni
#TNIindonesia
#kodam14hasanuddin
#korem141toddopuli",Kodim_Takalar
@Kodim_Tator,2025-03-13 05:38,"Babinsa Koramil 1414-07/Mengkendek Sertu Saharuddin melaksanakan kegiatan ketahanan pangan LTT bersama PPL dan masyarakat binaan di Dusun Potokdeata Lembang Buntu Limbong Kec. Gandasil Kab. Tator 
Kamis, 13/03/2025

#tniad
#dispenad
#puspentni
#TNIindonesia
#kodam14hasanuddin",Kodim Tator
@Kodim_Tator,2025-03-13 05:36,"Babinsa Koramil 1414-01/Makale Sertu Kornelius melaksanakan komsos bersama Masyarakat binaan di Kel. Botang Kec. Makale Kab. Tana Toraja.
Kamis, 13/03/2025

#tniad
#dispenad
#puspentni
#TNIindonesia
#kodam14hasanuddin",Kodim Tator
@Kodim_Tator,2025-03-13 05:36,"Bertempat di Lembang Limbong, Kec. Rantepao, Kab. Torut, Personil Koramil 1414-02/Rantepao gotong royong bersama warga melaksanakan kegiatan karya bakti pembersihan jalan dan pembersihan selokan.
Kamis, 13/03/2025

#tniad
#dispenad
#puspentni
#TNIindonesia
#kodam14hasanuddin",Kodim Tator
@WajoKodim,2025-03-13 05:25,"Babinsa Koramil 1406-10/Pitumpanua Ajak Warga Jaga Kesucian Ramadhan di Desa Labawang
#tniad
#dispenad
#puspentni
#TNIindonesia
#kodam14hasanuddin
#korem141toddopuli",Kodim Wajo
@WajoKodim,2025-03-13 05:24,"Babinsa Koramil 1406-09/Sajoanging Ajak Warga Jaga Keamanan dan Kebersihan Lingkungan
#tniad
#dispenad
#puspentni
#TNIindonesia
#kodam14hasanuddin
#korem141toddopuli",Kodim Wajo
@WajoKodim,2025-03-13 05:23,"Babinsa Koramil 1406-08/Sabbangparu Dampingi Pemantauan Perkembangan Tanaman Padi
#tniad
#dispenad
#puspentni
#TNIindonesia
#kodam14hasanuddin
#korem141toddopuli",Kodim Wajo
@WajoKodim,2025-03-13 05:22,"Babinsa Koramil 1406-07/Takkalalla Ajak Masyarakat Jaga Keamanan di Desa Pattangngae
#tniad
#dispenad
#puspentni
#TNIindonesia
#kodam14hasanuddin
#korem141toddopuli",Kodim Wajo
@WajoKodim,2025-03-13 05:21,"Babinsa Koramil 1406-06/Pammana Dampingi Panen Padi untuk Dukung Program Serap Gabah
#tniad
#dispenad
#puspentni
#TNIindonesia
#kodam14hasanuddin
#korem141toddopuli",Kodim Wajo
@WajoKodim,2025-03-13 05:20,"Babinsa Koramil 1406-05/Majauleng Gelar Sosialisasi dengan Petani dan Peternak di Desa Bottopenno
#tniad
#dispenad
#puspentni
#TNIindonesia
#kodam14hasanuddin
#korem141toddopuli",Kodim Wajo
@WajoKodim,2025-03-13 05:20,"Babinsa Koramil 1406-03/Maniangpajo Laksanakan Puldata Teritorial di Desa Abbanuange
#tniad
#dispenad
#puspentni
#TNIindonesia
#kodam14hasanuddin
#korem141toddopuli",Kodim Wajo
@WajoKodim,2025-03-13 05:20,"Babinsa Koramil 1406-02/Tanasitolo Pantau Lokasi Optimasi Lahan di Kelurahan Pincengpute
#tniad
#dispenad
#puspentni
#TNIindonesia
#kodam14hasanuddin
#korem141toddopuli",Kodim Wajo
@WajoKodim,2025-03-13 05:20,"Babinsa Koramil 1406-01/Tempe Jalin Komunikasi dengan Pedagang Pasar Sentral Sengkang
#tniad
#dispenad
#puspentni
#TNIindonesia
#kodam14hasanuddin
#korem141toddopuli",Kodim Wajo
@WajoKodim,2025-03-13 05:20,"Koramil 1406-04/Belawa Bersama Siswa SMPN 1 Belawa Gelar Karya Bhakti, Fokus Bersihkan Lingkungan
#tniad
#dispenad
#puspentni
#TNIindonesia
#kodam14hasanuddin
#korem141toddopuli",Kodim Wajo
@puan_sahabat,2025-03-13 04:58,"Mbak puan mode ibu kowad gaada obat😍❤️

#puanmaharani #mbakpuan #ketuadprri #dprri #pdip #pdiperjuangan #indonesia #sahabatpuan #tentaraindonesia #perempuanbisa #kowad #tniad #menyala #hits #vivoV50 Kim Soo Hyun Saeron Polri",Sahabat Puan
@15Malili,2025-03-13 04:49,"Patroli kewilaya binaan,Babinsa Balantang Koramil 1403-15/Malili Serma Rahman ,Membesuk Warga masyarakat yang sakit di Desa Balantang kec Mallili Kab Luwu Timur 
#tniad 
#puspentni 
#dispenad 
#kodam14hasanuddin 
#korem141toddopuli",Koramil 1403-15 Malili
@kodimainjai,2025-03-13 04:19,"Satgas TMMD ke-123 Kodim 1424/Sinjai Lanjutkan Pembuatan Tugu Prasasti di Desa Lamatti Riawang
 di Desa Lamatti Riawang, Kecamatan Bulupoddo, Kabupaten Sinjai, Kamis (13/3/2025).

#tniad
#dispenad
#puspentni
#TNIindonesia
#kodam14hasanuddin",Kodim 1424 Sinjai
@kodimainjai,2025-03-13 04:14,"Rehab RTLH oleh Satgas TMMD ke-123 Kodim 1424/Sinjai di Desa Turungan Baji Memasuki Tahap Akhir
 di Desa Turungan Baji, Kecamatan Sinjai Barat, Kabupaten Sinjai, Kamis (13/3/2025).

#tniad
#dispenad
#puspentni
#TNIindonesia
#kodam14hasanuddin",Kodim 1424 Sinjai
@kodimainjai,2025-03-13 04:10,"Sinergitas TNI-Polri dalam Pembangunan Jembatan di Desa Lamatti Riawang melalui TMMD ke-123 Kodim 1424/Sinjai di Desa Lamatti Riawang, Kecamatan Bulupoddo, Kabupaten Sinjai, Kamis (13/3/2025).

#tniad
#dispenad
#puspentni
#TNIindonesia
#kodam14hasanuddin",Kodim 1424 Sinjai
@kodimainjai,2025-03-13 04:06,"Satgas TMMD ke-123 Kodim 1424/Sinjai Hadirkan Air Bersih untuk Warga Lewat Program TNI Manunggal Air di Desa Lamatti Riawang, Kecamatan Bulupoddo, Kabupaten Sinjai, Kamis (13/3/2025).

#tniad
#dispenad
#puspentni
#TNIindonesia
#kodam14hasanuddin",Kodim 1424 Sinjai
@kodimainjai,2025-03-13 04:01,"TNI dan Masyarakat Bersinergi, Infrastruktur Desa Lamatti Riawang Kian Maju di Desa Lamatti Riawang, Kecamatan Bulupoddo, Kabupaten Sinjai, Kamis (13/3/2025).

#tniad
#dispenad
#puspentni
#TNIindonesia
#kodam14hasanuddin",Kodim 1424 Sinjai
@kodimainjai,2025-03-13 03:56,"Akses Jalan Lebih Baik, TMMD ke-123 Kodim 1424/Sinjai Percepat Pelebaran Jalan Desa dengan Alat Berat
di Desa Lamatti Riawang, Kecamatan Bulupoddo, Kabupaten Sinjai, Kamis (13/3/2025).

#tniad
#dispenad
#puspentni
#TNIindonesia
#kodam14hasanuddin",Kodim 1424 Sinjai
@kodimainjai,2025-03-13 03:50,"Satgas TMMD ke-123 Kodim 1424/Sinjai Bahu-Membahu Percepat Pembangunan di Desa Lamatti Riawang, Kecamatan Bulupoddo, Kabupaten Sinjai, Kamis (13/3/2025).

#tniad
#dispenad
#puspentni
#TNIindonesia
#kodam14hasanuddin",Kodim 1424 Sinjai
@kodimainjai,2025-03-13 03:42,"Dengan Semangat Membara, Satgas TMMD ke-123 Kodim 1424/Sinjai Aduk Semen dengan Alat Sederhana untuk Percepat Pembangunan di Desa Lamatti Riawang, Kecamatan Bulupoddo, Kabupaten Sinjai, Kamis (13/3/2025).

#tniad
#dispenad
#puspentni
#TNIindonesia
#kodam14hasanuddin",Kodim 1424 Sinjai
@kodimainjai,2025-03-13 03:37,"Satgas TMMD ke-123 Kodim 1424/Sinjai Gelar Aksi Bersih-Bersih di Desa Lamatti Riawang di lokasi TMMD, Desa Lamatti Riawang, Kecamatan Bulupoddo, Kabupaten Sinjai, Kamis (13/3/2025).

#tniad
#dispenad
#puspentni
#TNIindonesia
#kodam14hasanuddin",Kodim 1424 Sinjai
@1420_sidrap,2025-03-13 03:34,"Babinsa Koramil 1420-04/Watang Pulu Pantau Harga Sembako di Pasar Batulappa.
Kamis (13/3/2025). 

#tniad
#dispenad
#puspentni
#TNIindonesia
#kodam14hasanuddin
#korem141toddopuli",Kodim 1420 Sidrap
@kodimainjai,2025-03-13 03:32,"Warga Desa Lamatti Riawang dan Lamatti Riaja Gotong Royong Bantu Satgas TMMD Perlebar Jalan Penghubung di Kecamatan Bulupoddo, Kabupaten Sinjai, Kamis (13/3/2025).

#tniad
#dispenad
#puspentni
#TNIindonesia
#kodam14hasanuddin",Kodim 1424 Sinjai
@1420_sidrap,2025-03-13 03:11,"Babinsa Koramil 1420-02/Tellu Limpoe gandeng warga karya Bhakti bersihkan saluran irigasi.
Kamis (13/03/2025).

#tniad
#dispenad
#puspentni
#TNIindonesia
#kodam14hasanuddin
#korem141toddopuli",Kodim 1420 Sidrap
@kodimainjai,2025-03-13 02:45,"Satgas TMMD Gelar Apel Pagi Sebelum Melanjutkan Pekerjaan di Lokasi TMMD di lokasi TMMD, Desa Lamatti Riawang, Kecamatan Bulupoddo, Kabupaten Sinjai, Kamis (13/3/2025).

#tniad
#dispenad
#puspentni
#TNIindonesia
#kodam14hasanuddin",Kodim 1424 Sinjai
@demokratkebumen,2025-03-13 02:35,"Senin (10/3), saya berkesempatan untuk menyampaikan kuliah umum kepada para Perwira Siswa Dikreg Sesko AD LXV tahun 2025. Secara khusus saya menyampaikan materi tantangan globlal yang dihadapi Indonesia dan negara-negara dunia. 
Repost @agusyudhoyono
#TNIAD #PartaiDemokrat #AHY",demokratkebumen
@kodimainjai,2025-03-13 02:24,"Danramil 1424-02/Sinjai Barat Kodim 1424/Sinjai (mewakili Dandim) Hadiri Musyawarah Perencanaan Pembanguan Kab Sinjai Tahun 2026 di Kel. Tassililu Kec. Sinjai Barat Kab. Sinjai.

#tniad
#dispenad
#puspentni
#TNIindonesia
#kodam14hasanuddin",Kodim 1424 Sinjai
@kodimainjai,2025-03-13 02:19,"Babinsa Koramil 01/Sinjai Utara Kodim 1424/Sinjai Gelar Karya Bakti Pembersihan Kanal Dan Sampah Sepanjang 100 Meter di Lingk. Lappae Kel. Lappa Kec. Sinjai Utara Kab. Sinjai.

#tniad
#dispenad
#puspentni
#TNIindonesia
#kodam14hasanuddin",Kodim 1424 Sinjai
@kodimainjai,2025-03-13 02:15,"Babinsa Puncak Koramil 05/Sinjai Selatan Kodim 1424/Sinjai Komsos Bantu Guru Mengajar Murid SD Negeri 45 Kelas Jauh di SD Negeri 45 Kelas Jauh Kampung Boja Dusun Sapaere Desa Puncak Kec. Sinjai Selatan Kab. Sinjai.

#tniad
#dispenad
#puspentni
#TNIindonesia
#kodam14hasanuddin",Kodim 1424 Sinjai
@kodimainjai,2025-03-13 02:10,"Babinsa Saukang Koramil 04/Sinjai Timur Kodim 1424/Sinjai Dampingi Pengolahan Jagung Milik Petani di Dusun Dompili Desa Saukang Kec. Sinjai Timur Kab. Sinjai.

#tniad
#dispenad
#puspentni
#TNIindonesia
#kodam14hasanuddin",Kodim 1424 Sinjai
@pinkbeauty88,2025-03-13 02:09,"Satgas Yonif 611/Awang Long melaksanakan kegiatan Komsos kepada warga Distrik Tembagapura. Kab. Mimika, Papua Tengah.Rabu (12/03/2025).
#TNIAD
#tniprima
#kodamvimulawarman

peloporwiratama.co.id/2025/0…",Astika Naima
@kodimainjai,2025-03-13 02:05,"Babinsa Lappacinrana Pos Ramil 01/Bulupoddo Kodim 1424/Sinjai Komsos Bersama Kasi Pemerintahan, Ketua LPM Dan Anggota BPD  di Kantor Desa LappacinranaKec. Bulupoddo Kab. Sinjai.

#tniad
#dispenad
#puspentni
#TNIindonesia
#kodam14hasanuddin",Kodim 1424 Sinjai
@kodimainjai,2025-03-13 02:00,"Babinsa Kalobba Pos Ramil 05/Tellulimpoe Kodim 1424/Sinjai Komsos Hadiri Sosialisasi Program Ketahanan Pangan Tingkat Desa di Kantor Desa Kalobba Kec. Tellulimpoe Kab. Sinjai.

#tniad
#dispenad
#puspentni
#TNIindonesia
#kodam14hasanuddin",Kodim 1424 Sinjai
@kodimainjai,2025-03-13 01:55,"Babinsa Bongki Koramil 01/Sinjai Utara Kodim 1424/Sinjai Dampingi Bulog Sinjai Laksanakan Serap Gabah Milik Petani di Lingk. Paruntu Kel. Bongki Kec. Sinjai Utara Kab. Sinjai.

#tniad
#dispenad
#puspentni
#TNIindonesia
#kodam14hasanuddin",Kodim 1424 Sinjai
@AlorKodim,2025-03-13 01:53,"Pererat Silaturahmi, Babinsa Bersama Warga Gotong Royong Bantu Plester Rumah Warga.

Penulis: FaisalMuhammad 
(Pendim1622/Alor)
#tniad 
#tniprima 
#tnibersamarakyat 
#prajaraksakaperdulirakyat 
Cek berita selengkapnya disini>> arashnews.com/2025/03/perera…",Kodim 1622 Alor
@kodimainjai,2025-03-13 01:50,"Babinsa Gunung Perak Koramil 02/Sinjai Barat Kodim 1424/Sinjai Komsos Bersama Warga Binaan di Dusun Lembanna Desa Gunung Perak Kec. Sinjai Barat Kab. Sinjai.

#tniad
#dispenad
#puspentni
#TNIindonesia
#kodam14hasanuddin",Kodim 1424 Sinjai
@kodimainjai,2025-03-13 01:45,"Berikan Dukungan Moril, Babinsa Saukang Koramil 04/Sinjai Kodim 1424/Sinjai Komsos Melayat Di Rumah Duka Warga  di Dusun Dompili Desa Saukang  Kec. Sinjai Timur Kab. Sinjai.

#tniad
#dispenad
#puspentni
#TNIindonesia
#kodam14hasanuddin",Kodim 1424 Sinjai
@kodimainjai,2025-03-13 01:39,"Babinsa Desa Panaikang Koramil 04/Sinjai Timur Kodim 1424/Sinjai Dampingi Kegiatan Pasar Murah untuk Kendalikan Inflasi  di halaman Polsek Sinjai Timur, Desa Panaikang, Kecamatan Sinjai Timur, Kabupaten Sinjai.

#tniad
#dispenad
#puspentni
#TNIindonesia
#kodam14hasanuddin",Kodim 1424 Sinjai
@kodimainjai,2025-03-13 01:30,"Danramil 05/Sinjai Selatan Kodim 1424/Sinjai Komsos Hadiri Pembukaan Musabaqah Tilawatil Qur'an (MTQ) ke 51 Tingkat Desa Aska di Masjid Nurul Izza Dusun Kalamisu Desa Aska Kec Sinjai Selatan Kab. Sinjai.

#tniad
#dispenad
#puspentni
#TNIindonesia
#kodam14hasanuddin",Kodim 1424 Sinjai
@kodimainjai,2025-03-13 01:25,"Babinsa Saukang Koramil 04/Sinjai Timur Kodim 1424/Sinjai Laksanakan Giat Safari Ramadhan Di Masjid Kharussalam Dusun Mangottong Desa Saukang Kec. Sinjai Timur Kab. Sinjai.

#tniad
#dispenad
#puspentni
#TNIindonesia
#kodam14hasanuddin",Kodim 1424 Sinjai
@kodimainjai,2025-03-13 01:25,"Babinsa Samaenre Koramil 03/Sinjai Tengah Kodim 1424/Sinjai Komsos Hadiri Acara Buka Puasa Bersama Masyarakat di Masjid Hikmatussalaha Lingk. Lonra I Kel. Samaenre Kec. Sinjai Tengah Kab. Sinjai.

#tniad
#dispenad
#puspentni
#TNIindonesia
#kodam14hasanuddin",Kodim 1424 Sinjai
@kodimainjai,2025-03-13 01:19,"Babinsa Saukang Koramil 04/Sinjai Timur Kodim 1424/Sinjai Laksanakan Giat Safari Ramadhan Di Masjid Kharussalam di Dusun Mangottong Desa Saukang Kec. Sinjai Timur Kab. Sinjai.

#tniad
#dispenad
#puspentni
#TNIindonesia
#kodam14hasanuddin",Kodim 1424 Sinjai
@Cakra_Kostrad,2025-03-13 01:10,"Pangkostrad Resmikan Mess Bintara dan Tamtama Kostrad
@Puspen_TNI @tni_ad @divif_1_kostrad @divif2kostrad @divif3kostrad #tni #tniad #Kostrad #Cakra    #kostradpeduli #kostradberbagi #TNIADMengabdiDanMembangunBersamaRakyat #penkostrad",Kostrad
@kodimainjai,2025-03-13 01:06,"Dandim 1424/Sinjai Hadiri Acara Safari Ramadhan 1446 H dan Berikan Sambutan di Masjid Besar Ikhwanusshafa, Desa Manipi, Kecamatan Sinjai Barat, Kabupaten Sinjai, Rabu (12/03/2025) Malam

#tniad
#dispenad
#puspentni
#TNIindonesia
#kodam14hasanuddin",Kodim 1424 Sinjai
@kodimbone,2025-03-13 01:01,"Babinsa Koramil 21/Palakka Kodim 1407/Bone Koptu Samaila melaksanakan Komunikasi Sosial (Komsos) dengan ibu-ibu rumah tangga, tepatnya di Dusun 2 Urekajue, Desa Usa, Kecamatan Palakka, Kabupaten Bone.
#tniad
#puspentni
#TNIindonesia
#kodam14hasanuddin",kodimbone
@kodimbone,2025-03-13 01:00,"Serda Adi Murjab Babinsa Koramil 14/Libureng Kodim 1407/Bone membantu petani mengupas kulit jagung pasca panen, di Desa Poleonro, Kecamatan Libureng, Kabupaten Bone. 
#tniad
#puspentni
#TNIindonesia
#kodam14hasanuddin",kodimbone
@kodimbone,2025-03-13 01:00,"Babinsa Koramil 19/Kahu Kodim 1407/Bone Praka Sultan bantu pengecatan dan bersihkan Pos Kesdes yang berada di wilayah binaan Desa Cakkela, Kec. Kahu, Kab. Bone. 
#tniad
#puspentni
#TNIindonesia
#kodam14hasanuddin",kodimbone
@kodimbone,2025-03-13 00:59,"Babinsa Koramil 20/Bontocani Kodim 1407/Bone melaksanakan Komunikasi Sosial (Komsos) bersama warga di wilayah binaan di Desa Pattuku, Kecamatan Bontocani, Kabupaten Bone.
#tniad
#puspentni
#TNIindonesia
#kodam14hasanuddin",kodimbone
@kodimbone,2025-03-13 00:58,"Babinsa Koramil 1407-07/Tanete Riattang Sertu Sainuddin terjun langsung membantu Bulog lakukan penyerapan gabah milik petani, berlokasi di Lingkungan Tanete, Kelurahan Biru, Kecamatan Tanete Riattang, Kabupaten Bone. 
#tniad
#puspentni
#TNIindonesia
#kodam14hasanuddin",kodimbone
@kodimbone,2025-03-13 00:55,"Babinsa Koramil 09/Lapri Kodim 1407/Bone Sertu Listan mendampingi kegiatan Posyandu Balita yang dilaksanakan di Desa Sengeng Palie, Kecamatan Lapri, Kabupaten Bone. 
#tniad
#puspentni
#TNIindonesia
#kodam14hasanuddin",kodimbone
@kodimbone,2025-03-13 00:54,"Kopda Andi Saheran Babinsa Koramil 1407-16/Tonra melaksanakan Pembinaan Perlawanan Wilayah (Binwanwil) tanamkan rasa cinta tanah air kepada siswa SDN 247/Padatuo, Kec. Tonra, Kab. Bone.
#tniad
#puspentni
#TNIindonesia
#kodam14hasanuddin",kodimbone
@kodimbone,2025-03-13 00:53,"Babinsa Koramil 19/Kahu Kodim 1407/Bone Sertu Sufriadi melaksanakan pendampingan dalam penyerapan padi oleh Bulog di Dusun Pattiro, Desa Palakka, Kec. Kahu, Kab. Bone.
#tniad
#puspentni
#TNIindonesia
#kodam14hasanuddin",kodimbone
@kodimbone,2025-03-13 00:53,"Babinsa Koramil 1407-21/Palakka Kopda Asri Tri Yuliandi bersama dengan warga melaksanakan kerja bakti pembersihan disepanjang jalan poros di Desa Pasempe, Kec. Palakka, Kab. Bone. 
#tniad
#puspentni
#TNIindonesia
#kodam14hasanuddin",kodimbone
@kodimbone,2025-03-13 00:52,"Ws. Danramil 1407-06/Awangpone Peltu Tobrino menghadiri rapat koordinasi Forum Komunikasi Pimpinan Kecamatan (Forkopimcam) di aula kantor Kecamatan Awangpone, Kabupaten Bone. Jumat (14/03/25).
#tniad
#puspentni
#TNIindonesia
#kodam14hasanuddin",kodimbone
@kodimbone,2025-03-13 00:40,"Babinsa Koramil 09/Lapri Kodim 1407/Bone Sertu Listan melaksanakan Komunikasi Sosial (Komsos) dengan warga di wilayah binaan Desa Sengeng Palie, Kecamatan Lapri, Kabupaten Bone. Kamis (13/03/25).
#tniad
#puspentni
#TNIindonesia
#kodam14hasanuddin",kodimbone
@kodimbone,2025-03-13 00:39,"Babinsa Koramil 1407-10/Ponre Serda Ismail menghadiri buka bersama dengan warga binaannya berlokasi di Masjid Nurul Yaqim, Dusun Watang Ponre, Desa Salebba, Kec. Ponre, Kab. Bone. Rabu (12/03/25) Sore.
#tniad
#puspentni
#TNIindonesia
#kodam14hasanuddin",kodimbone
@kodimbone,2025-03-13 00:39,"Babinsa Koramil 1407-02/Dua Boccoe Serda Hamsyar melaksanakan karya bakti membantu pembuatan pondasi rumah milik warga binaannya di Desa Cabbeng, Kecamatan Dua Boccoe, Kabupaten Bone. Kamis (13/03/25).
#tniad
#puspentni
#TNIindonesia
#kodam14hasanuddin",kodimbone
@kodimbone,2025-03-13 00:38,"Babinsa Koramil 1407-16/Tonra bekerja sama dengan Bulog  dalam menyerap gabah petani dengan harga yang ditetapkan pemerintah sebesar Rp 6.500/Kg di wilayah Desa Samaenre, Kec. Tonra, Kab. Bone. Rabu (12/03/25) Malam.
#tniad
#puspentni
#TNIindonesia
#kodam14hasanuddin",kodimbone
@kodimbone,2025-03-13 00:36,"Babinsa Koramil 1407-20/Bontocani Serka Laode Fajeri melaksanakan Pembinaan Perlawanan Wilayah  dengan memberikan Wawasan Kebangsaan (Wasbang) di SMP Negri 1 Bontocani, Kel. Kahu, Kec. Bontocani, Kab. Bone. Kamis (13/03/25).
#tniad
#puspentni
#TNIindonesia
#kodam14hasanuddin",kodimbone
@kodimbone,2025-03-13 00:33,"Sertu Suardi Babinsa Koramil 17/Salomekko Kodim 1407/Bone terjun langsung pantau penyerapan gabah milik petani oleh Bulog di Desa Ulubalang, Kecamatan Salomekko, Kabupaten Bone. Rabu (12/03/25) Malam.
#tniad
#dispenad
#puspentni
#TNIindonesia
#kodam14hasanuddin",kodimbone
@kodimbone,2025-03-13 00:33,"Babinsa Koramil 12/Cina Kodim 1407/Bone Serma Herman menghadiri rapat rutin bersama pemerintah setempat beserta jajarannya di Kelurahan Tanete, Kecamatan Cina, Kabupaten Bone. Kamis (13/03/25).
#tniad
#dispenad
#puspentni
#TNIindonesia
#kodam14hasanuddin",kodimbone
@kodimbone,2025-03-13 00:32,"Babinsa Koramil 1407-21/Palakka Koptu Ahmad Amir membantu penyemprotan pestisida pada tanaman padi milik warga binaannya, bertempat di Desa Mattanetebua, Kec. Palakka, Kab. Bone. Kamis (13/03/25).
#tniad
#dispenad
#puspentni
#TNIindonesia
#kodam14hasanuddin",kodimbone
@kodimbone,2025-03-13 00:31,"Serda Adil Babinsa Koramil 18/Kajuara Kodim 1407/Bone pantau sekaligus mendampingi pelayanan Posyandu yang di gelar di Desa Buareng, Kecamatan Kajuara, Kabupaten Bone. Kamis (13/03/25).
#tniad
#dispenad
#puspentni
#TNIindonesia
#kodam14hasanuddin",kodimbone
@kodimbone,2025-03-13 00:30,"Babinsa Koramil 1407-11/Barebbo Serda Ahmad bersama warga binaannya kerja bakti bersihkan Tempat Pemakaman Umum (TPU) yang berlokasi di Dusun 1, Desa Sugiale, Kecamatan Barebbo, Kabupaten Bone. Kamis (13/03/25).
#tniad
#dispenad
#puspentni
#TNIindonesia
#kodam14hasanuddin",kodimbone
@sejatidindaa,2025-03-13 00:22,"Papua aman dengan adanya aparat TNI 

#KSTP #OPM #opmmusuhmasyarakat #OPMgallery #KKB #TolakOPM #Papua #PapuaIndonesia  #TNIAD #papuaviral  #TNIADbekerjadenganhati  #zelena #คิมซูฮยอน",dinda sejati
@takalar_kodim,2025-03-12 23:25,"Jelang Buka Puasa, Koramil 1426-05/Marbo Bagi Takjil Kepada Para Pengguna Jalan 

#tniad
#dispenad
#puspentni
#TNIindonesia
#kodam14hasanuddin
#korem141toddopuli",Kodim_Takalar
@KodamJayakarta,2025-03-12 23:24,"Apel Pengecekan Kesiapsiagaan Yonarhanud 6/BAY dalam rangka pengamanan selama Bulan Suci Ramadhan 1446 H

#tniadmengabdidanmembangunbersamarakyat #tniad #tniadprima #kodamjaya #yonarhanud6 #apelkesiapsiagaan",Kodam Jaya/Jayakarta
@takalar_kodim,2025-03-12 23:17,"Personel Koramil 1426-06/Mapsu, Sholat Subuh Berjamaah di Masjid Wilayah Binaan

#tniad
#dispenad
#puspentni
#TNIindonesia
#kodam14hasanuddin
#korem141toddopuli",Kodim_Takalar
@PakMenteriAHY_,2025-03-12 23:12,"Menko AHY bernostalgia di Sekolah Staf dan Komando Angkatan Darat (Seskoad). Tempat ini menyimpan banyak kenangan, karena dulu Menko AHY pernah tinggal di sini saat Pak SBY menjadi dosen. 

#ahy #menkoinfrastruktur #kemenkoinfra #seskoad #TNIAD #ibasyudhoyono #mayjentni",Info Pak Menteri AHY
@KodamJayakarta,2025-03-12 23:03,"Groundbreaking Pembangunan Perumahan di Perum Sirnajaya Kartika 1, Serang Baru, Kabupaten Bekasi.

#tniadmengabdidanmembangunbersamarakyat #tniad #tniadprima #kodamjaya #korem051wkt",Kodam Jaya/Jayakarta
@tni_ad,2025-03-12 22:25,"KASAD MENINJAU LAHAN KETAHANAN PANGAN DI PUSLATPUR KODIKLATAD, BATURAJA, RABU 12 MARET 2025

#TNIAD
#TNIADBerjuangBersamaRakyat
#TNIADBekerjaDenganHati
#TNIADdihatiRakyat
#TNIADPrima",TNI AD
@kodim_jeneponto,2025-03-12 21:51,"Karya Bakti Bersihkan Lingkungan Pasar

 #tni
 #tniindonesia
 #puspentni
#tniad
 #kodam14hasanuddin
#korem141toddopuli",Kodim_Jeneponto
@kodam_mlw,2025-03-12 21:23,"Balikpapan - Indahnya Ramadhan 1446 H, Kodam VI/Mulawarman Berbagi Takjil di Halaman Makodam VI/Mulawarman, Rabu (12/03/25).

#kodamvimulawarman 
#tniad
#tniprima
#marhabanyaramadhan",Kodam VI/Mulawarman
@korem091asn,2025-03-12 20:37,"Penerangan TNI Siap Wujudkan Informasi Prima dan Dukung Program Asta Cita
#tni_angkatan_darat #kodam_mlw #tniprima #profesional #responsif #integratif #modern #adaptif #tniadmengabdidanmembangunbersamarakyat #tentararakyat #infokomando #tniad #korem091asn #bersamarakyattnikuat",KOREM 091/ASN
@kodim_jeneponto,2025-03-12 20:26,"Cek Kondisi Fisik dan Kelengkapan Administrasi Kendaraan Dinas, Komitmen Prajurit Kodim 1425/Jeneponto Jadi Pelopor Keselamatan Dan Tertib Berlalu Lintas

#tni
#tniindonesia
#puspentni
#tniad
#kodam14hasanuddin
#korem141toddoppuli
#tnimanunggalrakyat",Kodim_Jeneponto
@Jurnalpatroli_,2025-03-12 17:13,"jurnalpatrolinews.co.id/head…  Kepala Staf Angkatan Darat (Kasad) Jenderal TNI Maruli Simanjuntak, M.Sc., berdialog dengan awak media selepas mengunjungi Lahan Ketahanan Pangan #kasad #tniad #TNIADMengabdiDanMembangunBersamaRakyat #puspentni",JurnalPatroliNews
@Jurnalpatroli_,2025-03-12 17:06,"jurnalpatrolinews.co.id/pusp…
Kepala Staf Angkatan Darat (Kasad) Jenderal TNI Maruli Simanjuntak, M.Sc., menekankan pentingnya menjalani kehidupan sebagai prajurit dengan iman  #kasad #tniad #dispenad",JurnalPatroliNews
@Jurnalpatroli_,2025-03-12 16:46,"jurnalpatrolinews.co.id/pusp…   Pangdam XV/Pattimura, Mayjen TNI Putranto Gatot Sri Handoyo S.Sos,.M.M. mengungkapkan rasa bangganya atas pelaksanaan program TNI Manunggal Membangun Desa (TMMD)  #TNIADMengabdiDanMembangunBersamaRakyat #tniad #kasad #dispenad",JurnalPatroliNews
@kodam_mlw,2025-03-12 15:16,"Dialog Halo Kaltim tentang Peran TNI Dalam Program MBG di Samarinda oleh Kasdim 0901/Samarinda yang diwakili oleh Pasiter Kodim 0901/Samarinda di RRI Pro I Samarinda, Rabu (12/03/25).

Host : Deni Kartikasari

#kodamvimulawarman
#tniad
#tniprima
#MBGmulawarman",Kodam VI/Mulawarman
@kodam_mlw,2025-03-12 14:08,"Kotabaru - Indahnya Ramadhan 1446 H, Kodim 1004/Kotabaru Berbagi Takjil di Halaman Makodim 1004/Kotabaru

#kodamvimulawarman 
#tniad
#tniprima
#marhabanyaramadhan",Kodam VI/Mulawarman
@kodam_mlw,2025-03-12 14:07,"Hulu Sungai Selatan - Indahnya Ramadhan 1446 H, Kodim 1003/HSS Berbagi Takjil di Halaman Makodim 1003/HSS.

#kodamvimulawarman 
#tniad
#tniprima
#marhabanyaramadhan",Kodam VI/Mulawarman
@kodam_mlw,2025-03-12 13:56,"Bontang - Indahnya Ramadhan 1446 H, Kodim 0908/Bontang Berbagi Takjil di Halaman Makodim 0908/Bontang.

#kodamvimulawarman 
#tniad
#tniprima
#marhabanyaramadhan",Kodam VI/Mulawarman
@kodamhasanuddin,2025-03-12 11:32,"Hari Kedua Kunker, Pangdam XIV/Hsn Tinjau Ketahanan Pangan dan Beri Arahan di Kodim 1430/Konut

""Sinergi TNI dan Masyarakat: Pangdam XIV/Hsn Dorong Ketahanan Pangan dan Kehidupan Harmonis""

#tniad
#dispenad
#puspentni
#TNIindonesia",Kodam Hasanuddin
@Pussenarhanud36,2025-03-12 07:56,"Audiensi Pengurus Harian Parisada Hindu Dharma Indonesia (PHDI) Kota Cimahi di Pussenarhanud
Cimahi, 12 Maret 2025

#tni #tniad #arhanud #Pussenarhanud #PrajuritPengawalAngkasaSakti 

@puspentni 
@tni_angkatan_darat",Pussenarhanud TNI AD
@Cakra_Kostrad,2025-03-12 07:07,"Wujudkan Generasi Berkarakter, Satgas Pamtas Yonarmed 11 Kostrad Tanamkan Wawasan Kebangsaan
@Puspen_TNI @tni_ad @divif_1_kostrad @divif2kostrad @divif3kostrad #tni #tniad #Kostrad #Cakra    #kostradpeduli #kostradberbagi #TNIADMengabdiDanMembangunBersamaRakyat #penkostrad",Kostrad
@Cakra_Kostrad,2025-03-12 07:07,"Satgas Pamtas Yonarmed 11 Kostrad Gelar Bakti Sosial dan Karya Bakti di Kampung Saliku, Malaysia
@Puspen_TNI @tni_ad @divif_1_kostrad @divif2kostrad @divif3kostrad #tni #tniad #Kostrad #Cakra    #kostradpeduli #kostradberbagi #TNIADMengabdiDanMembangunBersamaRakyat #penkostrad",Kostrad
@Cakra_Kostrad,2025-03-12 07:06,"Pinaka Baladika, Ajang Adu Ketangguhan, Kompi Ajax Raih Gelar Terbaik
@Puspen_TNI @tni_ad @divif_1_kostrad @divif2kostrad @divif3kostrad #tni #tniad #Kostrad #Cakra    #kostradpeduli #kostradberbagi #TNIADMengabdiDanMembangunBersamaRakyat #penkostrad",Kostrad
@Cakra_Kostrad,2025-03-12 07:06,"Satgas Yonif 509 Kostrad di Pos Langit Bilogai Sambut Hangat Masyarakat yang Melintas
@Puspen_TNI @tni_ad @divif_1_kostrad @divif2kostrad @divif3kostrad #tni #tniad #Kostrad #Cakra    #kostradpeduli #kostradberbagi #TNIADMengabdiDanMembangunBersamaRakyat #penkostrad",Kostrad
@Cakra_Kostrad,2025-03-12 07:06,"Satgas Yonif 509 Kostrad Borong Hasil Tani Mama Papua di Depan TK Mamba
@Puspen_TNI @tni_ad @divif_1_kostrad @divif2kostrad @divif3kostrad #tni #tniad #Kostrad #Cakra    #kostradpeduli #kostradberbagi #TNIADMengabdiDanMembangunBersamaRakyat #penkostrad",Kostrad
@Cakra_Kostrad,2025-03-12 07:05,"Pererat Kebersamaan, Satgas Pamtas Yonarmed 11 Kostrad Buka Puasa Bersama Warga di Perbatasan
@Puspen_TNI @tni_ad @divif_1_kostrad @divif2kostrad @divif3kostrad #tni #tniad #Kostrad #Cakra    #kostradpeduli #kostradberbagi #TNIADMengabdiDanMembangunBersamaRakyat #penkostrad",Kostrad
@1420_sidrap,2025-03-12 06:59,"Sidrap - Dandim 1420/Sidrap Letkol Inf Awaloeddin beserta Babinsa Desa Passeno Sertu Pirdaus Menghadiri Acara Gebyar Ramadhan Competition Lomba Patrol Flozha Seson III  di Pasar Baranti. (11/03/25)

#tniad
#dispenad
#puspentni
#TNIindonesia
#kodam14hasanuddin
#korem141toddopuli",Kodim 1420 Sidrap
@takalar_kodim,2025-03-12 06:54,"Babinsa Koramil 1426-07/Pattallassang Serka Herman, SE Melaksanakan Komsos Dengan Lurah Dan Stafnya 

#tniad
#dispenad
#puspentni
#TNIindonesia
#kodam14hasanuddin
#korem141toddopuli",Kodim_Takalar
@1420_sidrap,2025-03-12 06:49,"Sidrap - Babinsa Kel. Pajalele Ramil 1420-02/Tellu Limpoe
Sertu Anwar R Laksanakan Safari  Sholat Subuh berjamaah  di Masjid Al Amin Pemantingan Kel. Pajalele Kec.Tellu Limpoe Kab.Sidrap. (12/03/25)

#tniad
#dispenad
#puspentni
#TNIindonesia
#kodam14hasanuddin
#korem141toddopuli",Kodim 1420 Sidrap
@1420_sidrap,2025-03-12 06:39,"Sidrap – Babinsa Koramil  Maritengngae, Serka Usman melaksanakan pendampingan panen padi di lingk 2 Kel Sidenreng Kecamatan Watang Sidenreng Kabupaten Sidenreng Rappang. Rabu (12/03/2025). 

#tniad
#dispenad
#puspentni
#TNIindonesia
#kodam14hasanuddin
#korem141toddopuli",Kodim 1420 Sidrap
@takalar_kodim,2025-03-12 06:27,"Koramil 1426-06/Mapsu Bersama Warga Kerja Bakti Bersihkan Saluran Air dan Pinggir Jalan 

#tniad
#dispenad
#puspentni
#TNIindonesia
#kodam14hasanuddin
#korem141toddopuli",Kodim_Takalar
@Kodim_Tator,2025-03-12 06:15,"Personil Kodim 1414/Tator melaksanakan kegiatan rapat koordinasi strategi percepatan serab gabah bertempat di Aula Pongtiku Kodim 1414/Tator Kel. Rantepao Kec. Rantepao Kab. Toraja Utara.
Rabu, 12/03/2025 

#tniad
#dispenad
#puspentni
#TNIindonesia
#kodam14hasanuddin",Kodim Tator
@Kodim_Tator,2025-03-12 06:11,"Babinsa Koramil 1414-01/Makale Serka Yulius melaksanakan komsos bersama Masyarakat binaan di Kel. Bungin Kec. Makale Utara Kab. Tana Toraja.
Rabu, 12/03/2025

#tniad
#dispenad
#puspentni
#TNIindonesia
#kodam14hasanuddin",Kodim Tator
@WajoKodim,2025-03-12 05:56,"Babinsa Koramil 1406-10/Pitumpanua Jalin Komunikasi Sosial di Kantor Kelurahan Siwa
#tniad
#dispenad
#puspentni
#TNIindonesia
#kodam14hasanuddin
#korem141toddopuli",Kodim Wajo
@WajoKodim,2025-03-12 05:56,"Babinsa Koramil 1406-09/Sajoanging Pantau Harga Sembako di Pasar Rakyat Jalang
#tniad
#dispenad
#puspentni
#TNIindonesia
#kodam14hasanuddin
#korem141toddopuli",Kodim Wajo
@WajoKodim,2025-03-12 05:55,"Babinsa Koramil 1406-08/Sabbangparu Laksanakan Puldata Ter di Kantor Desa Salotengnga
#tniad
#dispenad
#puspentni
#TNIindonesia
#kodam14hasanuddin
#korem141toddopuli",Kodim Wajo
@WajoKodim,2025-03-12 05:54,"Babinsa Koramil 1406-07/Takkalalla Dampingi Petani Tanam Padi di Desa Ujung Tanah
#tniad
#dispenad
#puspentni
#TNIindonesia
#kodam14hasanuddin
#korem141toddopuli",Kodim Wajo
@WajoKodim,2025-03-12 05:53,"Babinsa Koramil 1406-06/Pammana Cek Harga Kebutuhan Pokok di Pasar Tradisional Watampanua
#tniad
#dispenad
#puspentni
#TNIindonesia
#kodam14hasanuddin
#korem141toddopuli",Kodim Wajo
@WajoKodim,2025-03-12 05:53,"Babinsa Koramil 1406-05/Majauleng Berikan Wawasan Kebangsaan di SMAN 2 Wajo
#tniad
#dispenad
#puspentni
#TNIindonesia
#kodam14hasanuddin
#korem141toddopuli",Kodim Wajo
@WajoKodim,2025-03-12 05:52,"Babinsa Koramil 1406-04/Belawa Dampingi Kelompok Tani Makkareso Panen Padi di Desa Sappa
#tniad
#dispenad
#puspentni
#TNIindonesia
#kodam14hasanuddin
#korem141toddopuli",Kodim Wajo
@WajoKodim,2025-03-12 05:51,"Babinsa Koramil 1406-02/Tanasitolo Bantu Petani Angkut Hasil Panen Jagung di Desa Lowa
#tniad
#dispenad
#puspentni
#TNIindonesia
#kodam14hasanuddin
#korem141toddopuli",Kodim Wajo
@WajoKodim,2025-03-12 05:51,"Babinsa Koramil 1406-01/Tempe Dampingi Pembagian Makan Bergizi Gratis di SD Kelurahan Laelo
#tniad
#dispenad
#puspentni
#TNIindonesia
#kodam14hasanuddin
#korem141toddopuli",Kodim Wajo
@WajoKodim,2025-03-12 05:50,"Koramil 1406-03/Maniangpajo Gelar Karya Bhakti Bersihkan Wisata Bendungan Kalola di Desa Sogi
#tniad
#dispenad
#puspentni
#TNIindonesia
#kodam14hasanuddin
#korem141toddopuli",Kodim Wajo
@1420_sidrap,2025-03-12 05:27,"Koramil 1420-03/Maritengngae melalui Babinsa Kelurahan Empagae, bersama Kepala Pasar Empagae, melakukan pemantauan harga bahan pokok di Pasar Empagae.
Kab Sidrap. Selasa (11/3/2025). 

#tni
#puspentni
#tniad
#dispenad
#kodam14hasanuddin
#koremtoddopuli
#tnimanunggalrakyat",Kodim 1420 Sidrap
@KodamKasuari,2025-03-12 05:25,"Dalam upaya meningkatkan fasilitas olahraga bagi masyarakat, Satgas Tentara Manunggal Membangun Desa (TMMD) Ke-123 Kodim 1806/Teluk Bintuni melaksanakan kegiatan Karya Bakti dengan pengecatan lapangan voli di Distrik Farfurwar

#TNIADbekerjadenganhati
#TNIADDihatiRakyat
#TNIAD",Kodam XVIII/Kasuari
@korem091asn,2025-03-12 04:11,"Panen Petani Kebahagiaan Bagi Babinsa dan Masyarakat “Bulog Siap Serap Gabah Kering Panen
#tni_angkatan_darat #kodam_mlw #tniprima #profesional #responsif #integratif #modern #adaptif #tniadmengabdidanmembangunbersamarakyat #tentararakyat #infokomando #tniad #korem091asn",KOREM 091/ASN
@korem091asn,2025-03-12 04:07,"Wakili Danramil, Babinsa Kedang Murung Hadiri Sosialisasi dan Pembentukan Unit Pengumpul Zakat
#tni_angkatan_darat #kodam_mlw #tniprima #profesional #responsif #integratif #modern #adaptif #tniadmengabdidanmembangunbersamarakyat #tentararakyat #infokomando #tniad #korem091asn",KOREM 091/ASN
@korem091asn,2025-03-12 03:51,"Babinsa Lakukan Pemantauan Pembagian Takjil Program Makan Bergizi Gratis (MBG) di Sekolah Dasar
#tni_angkatan_darat #kodam_mlw #tniprima #profesional #responsif #integratif #modern #adaptif #tniadmengabdidanmembangunbersamarakyat #tentararakyat #infokomando #tniad #korem091asn",KOREM 091/ASN
@korem091asn,2025-03-12 03:45,"Danramil  Muara Wahau Hadiri Pembentukan Brigade Pangan
#tni_angkatan_darat #kodam_mlw #tniprima #profesional #responsif #integratif #modern #adaptif #tniadmengabdidanmembangunbersamarakyat #tentararakyat #infokomando #tniad #korem091asn #bersamarakyattnikuat #prajuritmulawarman",KOREM 091/ASN
@kodimainjai,2025-03-12 03:32,"Kompak dan Penuh Kebersamaan, Satgas TMMD ke-123 Kodim 1424/Sinjai Lanjutkan Pembangunan Jembatan di Desa Lamatti Riawang Kecamatan Bulupoddo, Kabupaten Sinjai, Rabu (12/3/2025).

#tniad
#dispenad
#puspentni
#TNIindonesia
#kodam14hasanuddin",Kodim 1424 Sinjai
@Kodim_Tator,2025-03-12 03:28,"Babinsa Koramil 1414-03/Rindingallo Pratu Liberty melaksanakan kegiatan pemantauan posyandu balita bertempat di wilayah Lembang buntu karua, Kec. Awan Rantekarua, Kab. Toraja Utara.
Rabu, 12/03/2025

#tniad
#dispenad
#puspentni
#TNIindonesia
#kodam14hasanuddin",Kodim Tator
@kodimainjai,2025-03-12 03:28,"Setelah Pengecoran Selesai, Satgas TMMD ke-123 Kodim 1424/Sinjai Perkuat Pondasi Sisi Jembatan di Desa Lamatti Riawang, Kecamatan Bulupoddo, Kabupaten Sinjai, Rabu (12/3/2025).

#tniad
#dispenad
#puspentni
#TNIindonesia
#kodam14hasanuddin",Kodim 1424 Sinjai
@Kodim_Tator,2025-03-12 03:27,"Personil Koramil 1414-01/Makale gotong royong bersama masyarakat setempat melaksanakan karya bakti pembersihan bantaran sungai bertempat Kel. Bombongan, Kec. Makale, Kab. Tana Toraja.
Rabu, 12/03/2025

#tniad
#dispenad
#puspentni
#TNIindonesia
#kodam14hasanuddin",Kodim Tator
@Kodim_Tator,2025-03-12 03:24,"Babinsa Koramil 1414-06/Sangalla Serka Marten Sosang bersama warga melaksanakan kegiatan pembuatan rumah di Kel. Bebo', Kec. Sagalla Utara, Kab. Tator
Rabu, 12/03/2025

#tniad
#dispenad
#puspentni
#TNIindonesia
#kodam14hasanuddin",Kodim Tator
@kodimainjai,2025-03-12 03:24,"Personel Polsek Bulupoddo Bantu Satgas TMMD ke-123 Kodim 1424/Sinjai Bangun Tanggul di Sisi Jalan di Desa Lamatti Riawang, Kecamatan Bulupoddo, Kabupaten Sinjai, Rabu (12/3/2025).

#tniad
#dispenad
#puspentni
#TNIindonesia
#kodam14hasanuddin",Kodim 1424 Sinjai
@kodimainjai,2025-03-12 03:18,"Satgas TMMD ke-123 Kodim 1424/Sinjai Lanjutkan Pembangunan Tanggul di Sisi Jembatan untuk Cegah Longsor  di Desa Lamatti Riawang, Kecamatan Bulupoddo, Kabupaten Sinjai, Rabu (12/3/2025).

#tniad
#dispenad
#puspentni
#TNIindonesia
#kodam14hasanuddin",Kodim 1424 Sinjai
@kodimainjai,2025-03-12 03:13,"Personel Satgas TMMD ke-123 Kodim 1424/Sinjai Kembali Bangun Sumur Bor di Sasaran Kedua Desa Lamatti Riawang, Kecamatan Bulupoddo, Kabupaten Sinjai, Rabu (12/3/2025).

#tniad
#dispenad
#puspentni
#TNIindonesia
#kodam14hasanuddin",Kodim 1424 Sinjai
@kodimainjai,2025-03-12 03:09,"Personel Satgas TMMD ke-123 Kodim 1424/Sinjai Lanjutkan Pembangunan RTLH dengan Mengecat Dinding Rumah di Desa Turungan Baji, Kecamatan Sinjai Barat, Kabupaten Sinjai, Rabu (12/3/2025).

#tniad
#dispenad
#puspentni
#TNIindonesia
#kodam14hasanuddin",Kodim 1424 Sinjai
@kodimainjai,2025-03-12 03:03,"Personel Satgas TMMD ke-123 Kodim 1424/Sinjai Bangun Tugu Prasasti sebagai Penanda Program TMMD di Desa Lamatti Riawang, Kecamatan Bulupoddo, Kabupaten Sinjai, Rabu (12/3/2024).

#tniad
#dispenad
#puspentni
#TNIindonesia
#kodam14hasanuddin",Kodim 1424 Sinjai
@kodimainjai,2025-03-12 02:59,"Babinsa Desa Lamatti Riawang Kerahkan Ekskavator untuk Percepat Pelebaran Jalan TMMD ke-123 Kodim 1424/Sinjai di Desa Lamatti Riawang, Kecamatan Bulupoddo, Kabupaten Sinjai, Rabu (12/3/2025).

#tniad
#dispenad
#puspentni
#TNIindonesia
#kodam14hasanuddin",Kodim 1424 Sinjai
@kodimainjai,2025-03-12 02:51,"Personel Satgas TMMD ke-123 Kodim 1424/Sinjai Tebang Pohon untuk Pelebaran Jalan di Desa Lamatti Riawang, Kecamatan Bulupoddo, Kabupaten Sinjai, Rabu (12/3/2025).

#tniad
#dispenad
#puspentni
#TNIindonesia
#kodam14hasanuddin",Kodim 1424 Sinjai
@takalar_kodim,2025-03-12 02:48,"Babinsa Koramil 1426-05/Marbo Dampingi Pembagian Makanan Bergizi Gratis Untuk Anak Sekolah

#tniad
#dispenad
#puspentni
#TNIindonesia
#kodam14hasanuddin
#korem141toddopuli",Kodim_Takalar
@kodimainjai,2025-03-12 02:46,"Personel Satgas TMMD ke-123 Kodim 1424/Sinjai Laksanakan Apel Pagi untuk Pastikan Kesiapan Prajurit di Desa Lamatti Riawang, Kecamatan Bulupoddo, Kabupaten Sinjai, Rabu (12/3/2025).

#tniad
#dispenad
#puspentni
#TNIindonesia
#kodam14hasanuddin",Kodim 1424 Sinjai
@pinkbeauty88,2025-03-12 02:36,"Satgas Mobile R-PNG Yonif 733/MSK Pos Kenyam hadir membawa harapan baru bagi anak-anak Papua.
#TNIAD
#TNIADBerjuangBersamaRakyat
#tniprima

papua.indonesiasatu.co.id/se…",Astika Naima
@pinkbeauty88,2025-03-12 02:36,"Satgas Pamtas Yonif 700 Koops Habema mengambil inisiatif jemput bola dengan memberikan pelayanan kesehatan langsung ke rumah-rumah warga di Kampung Gome, Papua, pada Selasa (11/03/2025).
#TNIAD
#TNIADBerjuangBersamaRakyat
#tniprima

papua.indonesiasatu.co.id/sa…",Astika Naima
@Utari_Rhyu,2025-03-12 02:35,"Satgas Mobile R-PNG Yonif 733/MSK Pos Kenyam hadir membawa harapan baru bagi anak-anak Papua.
#TNIAD
#TNIADBerjuangBersamaRakyat
#tniprima

papua.indonesiasatu.co.id/se…",Utari Rahayu
@Utari_Rhyu,2025-03-12 02:35,"Satgas Pamtas Yonif 700 Koops Habema mengambil inisiatif jemput bola dengan memberikan pelayanan kesehatan langsung ke rumah-rumah warga di Kampung Gome, Papua, pada Selasa (11/03/2025).
#TNIAD
#TNIADBerjuangBersamaRakyat
#tniprima

papua.indonesiasatu.co.id/sa…",Utari Rahayu
@itsokey687,2025-03-12 02:33,"Satgas Yonif 756/WMS Borong Hasil Bumi Warga Perbatasan, Bantu Tingkatkan Perekonomian Masyarakat
#TNIAD
#TNIADBerjuangBersamaRakyat
#tniprima

paniai.24jam.co.id/satgas-yo…",Joanna Grace
@itsokey687,2025-03-12 02:33,"Satgas Mobile R-PNG Yonif 733/MSK Pos Kenyam hadir membawa harapan baru bagi anak-anak Papua.
#TNIAD
#TNIADBerjuangBersamaRakyat
#tniprima

papua.indonesiasatu.co.id/se…",Joanna Grace
@N21820Garuda,2025-03-12 02:27,"Panglima TNI Pastikan Kepatuhan Hukum, Prajurit di Jabatan Sipil Tak Sesuai Aturan Harus Mundur

#Prabowo #Indonesia #IndonesiaGelap #KaburAjaDulu #kaburduluaja #Duterte #Saeron #Elon #TNI #TNIAD #TNIAL #TNIAU #MabesTNI #PalimaTNI",SuaraBersama
@1420_sidrap,2025-03-12 02:19,"Babinsa jajaran Koramil 01/Panca Lautang bersama warga melaksanakan kerja bakti  dengan sasaran utama pembersihan saluran air di desa Corawali Kec.Panca Lautang Kab.Sidrap Rabu (12/03/2025).

#tni
#puspentni
#tniad
#dispenad
#kodam14hasanuddin
#koremtoddopuli
#tnimanunggalrakyat",Kodim 1420 Sidrap
@kodim1418mamuju,2025-03-12 02:13,"“Babinsa Koramil 1418-05/Kalumpang Gelar Karya Bakti Bersihkan Saluran Air Di Desa Tamalea”

 #tniad
 #dispenad
 #puspentni
 #TNIindonesia
 #kodam14hasanuddin",Kodim1418/Mamuju
@takalar_kodim,2025-03-12 02:11,"Jelan Buka Puasa, Koramil 1426-04/Galut Bagi Takjil Kepada Para Pengguna Jalan 

#tniad
#dispenad
#puspentni
#TNIindonesia
#kodam14hasanuddin
#korem141toddopuli",Kodim_Takalar
@kodimainjai,2025-03-12 01:58,"Babinsa Songing Koramil 05/Sinjai Selatan Kodim 1424/Sinjai Bersama Masyarakat Laksanakan Karya Bakti Pengecoran Jalan sepanjang 150 meter di Dusun Balimengko Desa Songing Kec. Sinjai Selatan Kab. Sinjai.

#tniad
#dispenad
#puspentni
#TNIindonesia
#kodam14hasanuddin",Kodim 1424 Sinjai
@kodimainjai,2025-03-12 01:53,"Babinsa Desa Arabika Koramil 02/Sinjai Barat Kodim 1424/Sinjai Komsos Bantu Pemasangan Pagar Teras Rumah Milik Warga di Dusun Arango Desa Arabika Kec. Sinjai Barat Kab. Sinjai.

#tniad
#dispenad
#puspentni
#TNIindonesia
#kodam14hasanuddin",Kodim 1424 Sinjai
@kodimainjai,2025-03-12 01:49,"Babinsa Bulukamase Koramil 05/Sinjai Selatan Kodim 1424/Sinjai Komsos Bersama Staf Desa di Kantor Desa Bulukamase Kec. Sinjai Selatan Kab. Sinjai.

#tniad
#dispenad
#puspentni
#TNIindonesia
#kodam14hasanuddin",Kodim 1424 Sinjai
@kodimainjai,2025-03-12 01:45,"Babinsa Palangka Koramil 05/Sinjai Selatan Kodim 1424/Sinjai Dampingi Petani Pantau Perkembangan Tanaman Padi di Dusun Honto Desa Palangka Kec. Sinjai Selatan Kab. Sinjai.

#tniad
#dispenad
#puspentni
#TNIindonesia
#kodam14hasanuddin",Kodim 1424 Sinjai
@kodimainjai,2025-03-12 01:39,"Babinsa Sangiasseri Koramil 05/Sinjai Selatan Kodim 1424/Sinjai Laksanakan Pendampingan Giat Pasar Murah Oleh Disperindag Dan ESDM Kab Sinjai.

#tniad
#dispenad
#puspentni
#TNIindonesia
#kodam14hasanuddin",Kodim 1424 Sinjai
@kodam_mlw,2025-03-12 01:35,"Banjarmasin - Indahnya Ramadhan 1446 H, Kodim 1007/Bjm Berbagi Takjil di Halaman Makodim 1007/Bjm, Selasa (11/03/25).

#kodamvimulawarman 
#tniad
#tniprima
#marhabanyaramadhan",Kodam VI/Mulawarman
@kodimainjai,2025-03-12 01:33,"Babinsa Tongke-Tongke Koramil 04/Sinjai Timur Kodim 1424/Sinjai Dampingi Petani Memantau Perkembangan Tanaman Padi di Dusun Baccara Desa Tongke-Tongke Kec. Sinjai Timur Kab. Sinjai.

#tniad
#dispenad
#puspentni
#TNIindonesia
#kodam14hasanuddin",Kodim 1424 Sinjai
@kodimainjai,2025-03-12 01:29,"Babinsa Kaloling Koramil 04/Sinjai Timur Kodim 1424/Sinjai Komsos Hadiri Kegiatan Musyawarah Desa di Aula Kantor Kaloling Kec. Sinjai Timur Kab. Sinjai.

#tniad
#dispenad
#puspentni
#TNIindonesia
#kodam14hasanuddin",Kodim 1424 Sinjai
@AlorKodim,2025-03-12 01:24,"Babinsa Bantu Petani Panen Padi Di Desa Baolang

Penulis: Faisal M
(Pendim1622/Alor)
#tniad 
#tniprima 
#tnibersamarakyat 
#tnidihatirakyat
#tnimengabdidanmembangunbersamarakyat
#prajaraksakaperdulirakyat

Cek berita selengkapnya disini>>
arashnews.com/2025/03/babins…",Kodim 1622 Alor
@kodimainjai,2025-03-12 01:24,"Babinsa Kassibuleng Koramil 06/Sinjai Borong Kodim 1424/Sinjai Komsos Bersama Para Pemuda di Dusun Batu Desa Kassibuleng Kec. Sinjai Borong Kab. Sinjai.

#tniad
#dispenad
#puspentni
#TNIindonesia
#kodam14hasanuddin",Kodim 1424 Sinjai
@kodimainjai,2025-03-12 01:19,"Babinsa Talle Koramil 05/Sinjai Selatan Kodim 1424/Sinjai Komsos Bersama Kepala Dusun di Dusun Campaga Desa Talle Kec. Sinjai Selatan Kab. Sinjai.

#tniad
#dispenad
#puspentni
#TNIindonesia
#kodam14hasanuddin",Kodim 1424 Sinjai
@kodimainjai,2025-03-12 01:15,"Bati Komsos Sterdim 1424/Sinjai Dampingi Bulog Sinjai Lakukan Penyerapan Gabah Milik Petani  di Dusun Banoa, Desa Sukamaju, Kecamatan Tellulimpoe, Kabupaten Sinjai

#tniad
#dispenad
#puspentni
#TNIindonesia
#kodam14hasanuddin",Kodim 1424 Sinjai
@kodam_mlw,2025-03-12 01:14,"Balikpapan - Indahnya Ramadhan 1446 H, Kodam VI/Mulawarman Berbagi Takjil di Halaman Makodam VI/Mulawarman, Selasa (11/03/25).

#kodamvimulawarman 
#tniad
#tniprima
#marhabanyaramadhan",Kodam VI/Mulawarman
@kodimbone,2025-03-12 01:08,"Personel Kodim 1407/Bone ikut serta kerja bakti pagi bersih beramal bersama unsur Forkopimda dalam pembersihan sampah sungai, bertempat di Pasar Jl. Besse Kajuara, Kec. Tanete Riattang, Kab. Bone. Rabu (12/03/25).
#tniad
#dispenad
#puspentni
#TNIindonesia
#kodam14hasanuddin",kodimbone
@kodimainjai,2025-03-12 01:04,"Danramil 1424-05/Sinjai Selatan Kodim 1424/Sinjai Laksanakan Safari Ramadhan Di Masjid Miftahul Khaer Dusun Sumpang Ale Desa Palangka Kec. Sinjai Selatan Kab. Sinjai.

#tniad
#dispenad
#puspentni
#TNIindonesia
#kodam14hasanuddin",Kodim 1424 Sinjai
@kodimbone,2025-03-12 01:04,"Babinsa Koramil 1407-19/Kahu Serka Hardamus Patawari memberikan sosialisasi Bahaya Narkoba dan pemberian Wawasan kebangsaan (Wasbang) kepada siswa SD Inpres 6/80 Desa Latellang, Kec. Patimpeng, Kab. Bone. Rabu (12/03/).
#tniad
#dispenad
#puspentni
#TNIindonesia
#kodam14hasanuddin",kodimbone
@kodimbone,2025-03-12 01:03,"Babinsa Koramil 1407-13/Sibulue Sertu Supriadi hadiri rapat koordinasi bersama PPL Pertanian dan para Kelompok Tani Penyuluh terkait pendataan LTT Padi, Desa Ajang Pulu, Kec. Sibulue, Kab. Bone. Rabu (12/03/25).
#tniad
#dispenad
#puspentni
#TNIindonesia
#kodam14hasanuddin",kodimbone
@korem091asn,2025-03-12 01:03,"Kodim 0909/KTM Hadirkan Perpustakaan Digital Pertama di Indonesia
#tni_angkatan_darat #kodam_mlw #tniprima #profesional #responsif #integratif #modern #adaptif #tniadmengabdidanmembangunbersamarakyat #tentararakyat #infokomando #tniad #korem091asn #bersamarakyattnikuat #prajurit",KOREM 091/ASN
@kodimbone,2025-03-12 01:03,"Babinsa Koramil 1407-20/Bontocani Sertu Muhlis membantu petani melaksanakan penyiangan tanaman padi di sawah milik warga anggota Poktan Sihie, Kelurahan Kahu, Kec. Bontocani, Kab. Bone. Rabu (12/03/25).
#tniad
#dispenad
#puspentni
#TNIindonesia
#kodam14hasanuddin",kodimbone
@kodimbone,2025-03-12 01:02,"Babinsa Koramil 15/Mare Kodim 1407/ Bone Sertu La Muru bersama masyarakat melaksanakan karya bakti pembersihan kiri kanan jalan usaha tani yang berlokasi di Desa Sumaling, Kec. Mare, Kab. Bone. Rabu (12/03/25).
#tniad
#dispenad
#puspentni
#TNIindonesia
#kodam14hasanuddin",kodimbone
@kodimbone,2025-03-12 01:02,"Babinsa Koramil 15/Mare Kodim 1407/Bone terjun langsung membantu tim dari Bulog, yang sedang melakukan kegiatan penyerapan gabah milik Petani di Desa Kadai, Kecamatan Mare, Kabupaten Bone. Selasa (11/03/2025) Malam.
#tniad
#dispenad
#puspentni
#TNIindonesia
#kodam14hasanuddin",kodimbone
@kodimainjai,2025-03-12 01:01,"Pers. Babinsa Koramil 03/Sinjai Tengah Kodim 1424/Sinjai Bagikan Takjil Kepada Warga Menjelang Waktu Berbuka Puasa di Kel. Samaenre Kec. Sinjai Tengah Kab. Sinjai.

#tniad
#dispenad
#puspentni
#TNIindonesia
#kodam14hasanuddin",Kodim 1424 Sinjai
@kodimbone,2025-03-12 01:00,"Sertu Ansar Rajab Babinsa Koramil 1407-16/Tonra melaksanakan pendampingan terhadap Bulog dalam kegiatan penyerapan gabah petani, berlokasi di Desa Gareccing, Kec. Tonra, Kab. Bone. Rabu (12/03/25).
#tniad
#dispenad
#puspentni
#TNIindonesia
#kodam14hasanuddin",kodimbone
@AlorKodim,2025-03-12 01:00,"Babinsa Lakukan Pendampingan Kepada Petani Guna Dukung ketahanan Pangan Nasional.

Penulis: Faisal M
(Pendim1622/Alor)
#tniad 
#tniprima 
#tnibersamarakyat 
#tnidihatirakyat 
#prajaraksakaperdulirakyat
Cek berita selengkapnya disini>>
suararossa.com/babinsa-lakuk…",Kodim 1622 Alor
@kodimbone,2025-03-12 01:00,"Danramil 1407-21/Palakka Kapten Inf. Darlis bersama Forkopimcam laksanakan Safari Ramadhan di Masjid Jami’i Ittihad, Desa Ureng, Kec. Palakka, Kab. Bone. Selasa (11/03/25) Malam.
#tniad
#dispenad
#puspentni
#TNIindonesia
#kodam14hasanuddin",kodimbone
@kodimbone,2025-03-12 00:59,"Babinsa Koramil 1407-01/Ajangale Serma Syukri melaksanakan pendampingan kepada petani memantau perkembangan tanaman sawah padi, di Desa Telle, Kecamatan Ajangale, Kab. Bone. Rabu (12/03/25).
#tniad
#dispenad
#puspentni
#TNIindonesia
#kodam14hasanuddin",kodimbone
@korem091asn,2025-03-12 00:58,"Terjadi Kebakaran Di Wilayahya, Babinsa Langsung Aksi di TKP
#tni_angkatan_darat #kodam_mlw #tniprima #profesional #responsif #integratif #modern #adaptif #tniadmengabdidanmembangunbersamarakyat #tentararakyat #infokomando #tniad #korem091asn #bersamarakyattnikuat #prajuritmlw",KOREM 091/ASN
@kodimbone,2025-03-12 00:58,"Babinsa Koramil 08/Lamuru Kodim 1407/Bone Serda Hendra melaksanakan Komunikasi Sosial ( Komsos ) bersama warga binaan di Dusun Lappabua, Desa Lagori, Kecamatan Tellulimpoe, Kab. Bone. Rabu (12/03/25).
#tniad
#dispenad
#puspentni
#TNIindonesia
#kodam14hasanuddin",kodimbone
@kodimbone,2025-03-12 00:58,"Serda Adi Murjab Babinsa Koramil 1407-14/Libureng melaksanakan kerja bakti secara bergotong royong bersama warga lakukan perbaikan jalan pekuburan di Desa Poleonro, Kec. Libureng, Kab. Bone. Rabu (12/03/25).
#tniad
#dispenad
#puspentni
#TNIindonesia
#kodam14hasanuddin",kodimbone
@kodimainjai,2025-03-12 00:57,"Babinsa Puncak Koramil 05/Sinjai Selatan Kodim 1424/Sinjai Laksanakan Safari Ramadhan Di Masjid Nurul Taqwa Dusun Bilandri Desa Puncak Kec. Sinjai Selatan Kab. Sinjai.

#tniad
#dispenad
#puspentni
#TNIindonesia
#kodam14hasanuddin",Kodim 1424 Sinjai
@kodimainjai,2025-03-12 00:53,"Bamin Tuud Koramil 06/Sinjai Borong Kodim 1424/Sinjai Laksanakan Safari Ramadhan Di Masjid Hidayatussafah Dusun Bonto Desa Batubelerang Kec. Sinjai Borong Kab. Sinjai.

#tniad
#dispenad
#puspentni
#TNIindonesia
#kodam14hasanuddin",Kodim 1424 Sinjai
@kodimainjai,2025-03-12 00:49,"Babinsa Pos Ramil 1424-05/Tellulimpoe Kodim 1424/Sinjai Laksanakan Safari Ramadhan Di Masjid Nurul Saadah bertempat di Masjid Nurul Saadah Dusun Korong Desa Samaturue Kec. Tellulimpoe Kab. Sinjai.

#tniad
#dispenad
#puspentni
#TNIindonesia
#kodam14hasanuddin",Kodim 1424 Sinjai
@kodamhasanuddin,2025-03-12 00:48,"Pangdam XIV/Hasanuddin Laksanakan Kunjungan Kerja ke Wilayah Korem 143/HO

""Kunjungan Kerja Pangdam XIV/Hasanuddin: Wujud Kepedulian terhadap Prajurit dan Masyarakat""

#tniad
#dispenad
#puspentni
#TNIindonesia",Kodam Hasanuddin
@kodim1421pangk2,2025-03-12 00:46,"Serma Budianto Babinsa Desa Kassiloe Kodim 1421/Pangkep melaksanakan sosialisasi tentang Rekrutmen TNI AD Th 2025, di Ruang kelas SMA Neg 13 Pangkep. Desa Kassiloe Kec Labakkang Kab Pangkep

#tniad
#dispenad
#puspentni
#TNIindonesia
#kodam14hasanuddin 
#korem141toddopuli",Info Kodim Pangkep
@kodam_mlw,2025-03-12 00:39,"Balikpapan – Pangdam VI/Mulawarman melaksanakan Safari Ramadan 1446 H bersama Prajurit Deninteldam VI/Mulawarman di Mako Deninteldam VI/Mulawarman, Balikpapan, Selasa (11/03/25). 

#kodamvimulawarman
#tniad
#tniprima",Kodam VI/Mulawarman
@kodam_mlw,2025-03-12 00:32,"Balikpapan – Perkuat Pertahanan NKRI, Kodam VI/Mulawarman dan Dishut Kaltara Tandatangani PKS Daerah Latihan TNI AD, Selasa (11/03/25).

#kodamvimulawarman
#tniad
#tniprima",Kodam VI/Mulawarman
@korem091asn,2025-03-12 00:31,"Hari ke-10 Puasa, Babinsa Sambaliung Mewakili Danramil Hadiri Safari Ramadhan
#tni_angkatan_darat #kodam_mlw #tniprima #profesional #responsif #integratif #modern #adaptif #tniadmengabdidanmembangunbersamarakyat #tentararakyat #infokomando #tniad #korem091asn",KOREM 091/ASN
@tni_ad,2025-03-11 22:09,"SAFARI RAMADAN DI KOREM 041 GARUDA EMAS, Selasa, 11 Maret 2025. 

#TNIAD
#TNIADBerjuangBersamaRakyat
#TNIADBekerjaDenganHati
#TNIADdihatiRakyat
#TNIADPrima",TNI AD
@tni_ad,2025-03-11 22:01,"PENGARAHAN KASAD DI KOREM 041, Selasa, 11 Maret 2025.

#TNIAD
#TNIADBerjuangBersamaRakyat
#TNIADBekerjaDenganHati
#TNIADdihatiRakyat
#TNIADPrima",TNI AD
@korem091asn,2025-03-11 20:10,"Berbagi Kebahagiaan, Dandim 0902/Berau Terjun Langsung Ikut Bagikan Takjil Gratis
#tni_angkatan_darat #kodam_mlw #tniprima #profesional #responsif #integratif #modern #adaptif #tniadmengabdidanmembangunbersamarakyat #tentararakyat #infokomando #tniad #korem091asn",KOREM 091/ASN
@korem091asn,2025-03-11 20:08,"Kodim 0902/Berau Gelar Do’a Bersama, Mohon Keselamatan dan Kelancaran di Bulan Suci Ramadhan
#tni_angkatan_darat #kodam_mlw #tniprima #profesional #responsif #integratif #modern #adaptif #tniadmengabdidanmembangunbersamarakyat #tentararakyat #infokomando #tniad #korem091asn",KOREM 091/ASN
@korem091asn,2025-03-11 20:08,"Ramadhan Berbagi, Koramil 0902-07/Talisayan Bagi Takjil
#tni_angkatan_darat #kodam_mlw #tniprima #profesional #responsif #integratif #modern #adaptif #tniadmengabdidanmembangunbersamarakyat #tentararakyat #infokomando #tniad #korem091asn #bersamarakyattnikuat #prajuritmulawarman",KOREM 091/ASN
@korem091asn,2025-03-11 20:08,"Ciptakan Keamanan dan Ketertiban Dibulan Suci Ramadhan, Babinsa Biduk-Biduk Komsos Bersama Warga Binaan.
#tni_angkatan_darat #kodam_mlw #tniprima #profesional #responsif #integratif #modern #adaptif #tniadmengabdidanmembangunbersamarakyat #tentararakyat #infokomando #tniad",KOREM 091/ASN
@korem091asn,2025-03-11 20:08,"Puluhan Takjil Diberikan Oleh Anggota Koramil Kuaro Kepada Para Pengguna Jalan
#tni_angkatan_darat #kodam_mlw #tniprima #profesional #responsif #integratif #modern #adaptif #tniadmengabdidanmembangunbersamarakyat #tentararakyat #infokomando #tniad #korem091asn",KOREM 091/ASN
@kodim_jeneponto,2025-03-11 16:00,"Generasi Yang Kuat, Berawal Dari Lingkungan Yang Bersih Dan Sehat

#tni
#tniindonesia
#puspentni
#tniad
#kodam14hasanuddin
#korem141toddopuli
#tnimanunggalrakyat
#bersihituindah",Kodim_Jeneponto
@kodim_jeneponto,2025-03-11 14:19,"Semarak Ramadhan, Koramil 1425-03/Tamalatea Gelar Aksi Bagi-Bagi Takjil Gratis

#tni
#tniindonesia
#puspentni
#tniad
#kodam14hasanuddin
#korem141toddoppuli
#tnimanunggalrakyat
#indahnyaberbagisesama
#berkahramadhan",Kodim_Jeneponto
@KodamKasuari,2025-03-11 12:27,"Yonif 64/IB melaksanakan kegiatan penyiapan Yon Komposit PRCPB (Pasukan Reaksi Cepat Penanggulangan Bencana) melalui penyuluhan yang bertujuan untuk meningkatkan kemampuan dalam mengatasi bencana dan kontijensi kebakaran

#tniindonesia
#tentaranasionalindonesia
#tniad #puspentni",Kodam XVIII/Kasuari
@kodim1418mamuju,2025-03-11 10:44,"“Semangat Gotong Royong Personel Kodim 1418/Mamuju dalam Karya Bakti Pembersihan Jalan Arteri”

#tniad
#dispenad
#puspentni
#TNIindonesia
#kodam14hasanuddin",Kodim1418/Mamuju
@KoremMakutarama,2025-03-11 10:17,"korem_073_makutarama
#bersamarakyattnikuat #makutarama #tniad #kodamiv",Korem.073.Makutarama
@kristianlobo1,2025-03-11 08:59,"Perbandingan desain kaos putih dan hitam. 
#kaos #kaosmurah #kaossablonmurah #kaosalutsista #TNI #TNIAD #TankLeopard #Yonkav8 #MBT #MainBattleTank",Kristian Lobo
@takalar_kodim,2025-03-11 08:43,"Personel Koramil 1426-04/Galesong, Serda Supriadi Hadiri Pemberian Bantuan Makanan Tambahan Anak Stunting 

#tniad
#dispenad
#puspentni
#TNIindonesia
#kodam14hasanuddin
#korem141toddopuli",Kodim_Takalar
@Kodim_Tator,2025-03-11 08:39,"Dandim 1414/Tator Letkol Arm Bani K. Sepang bersama Forkopimda Kab. Torut melaksanakan kegiatan sidak pasar memantau stabilitas harga dan ketersediaan pasokan bahan pokok di Pasar pagi Kec. Rantepao dan Pasar bolu Kec. Tallunglipu, Kab. Torut
Selasa, 11/03/2025

#tniad
#dispenad",Kodim Tator
@takalar_kodim,2025-03-11 08:19,"Babinsa Koramil 1426-06/Mapsu Serda Muh Arif Melaksanakan Komsos Dengan Para Petani 

#tniad
#dispenad
#puspentni
#TNIindonesia
#kodam14hasanuddin
#korem141toddopuli",Kodim_Takalar
@takalar_kodim,2025-03-11 08:05,"Sukseskan Ketahanan Pangan, Babinsa Koramil 1426-01/Polut Laksanakan Pendampingan Para Petani 

#tniad
#dispenad
#puspentni
#TNIindonesia
#kodam14hasanuddin
#korem141toddopuli",Kodim_Takalar
@KodamKasuari,2025-03-11 08:03,"Kolonel Inf Aswin Kartawijaya dampingi Pangdam XVIII/Kasuari dan Asisten Logistik Kepala Staf Angkatan Darat (Aslog Kasad), Mayjen TNI Firdaus Tarigan Melaksanakan Pengawasan & Evaluasi (Wasev) Program TMMD Ke-123 Tahun Anggaran 2025 di Kabupaten Teluk Bintuni.

#TNIAD",Kodam XVIII/Kasuari
@kristianlobo1,2025-03-11 08:01,"""Mas, coba buat desain yang bisa ditaruh di kaos bahan warna hitam""

ACC bapaaakkkk 😊👍

Yuk yang mau pesan segera hubungi saya, produksi bentar lagi mau jalan nih 😁👍

#kaos #kaosmurah #kaosalutsista #TNI #TNIAD #TankLeopard #Yonkav8",Kristian Lobo
@takalar_kodim,2025-03-11 07:56,"Sukseskan Ketahanan Pangan, Babinsa Koramil 1426-05/Marbo Laksanakan Pendampingan Para Petani 

#tniad
#dispenad
#puspentni
#TNIindonesia
#kodam14hasanuddin
#korem141toddopuli",Kodim_Takalar
@takalar_kodim,2025-03-11 07:47,"Koramil 1426-05/Marbo Bersama Warga Kerja Bakti Bersihkan Saluran Air dan Pinggir Jalan 

#tniad
#dispenad
#puspentni
#TNIindonesia
#kodam14hasanuddin
#korem141toddopuli",Kodim_Takalar
@KodamKasuari,2025-03-11 07:07,"Dalam rangka memastikan kelancaran dan efektivitas program TNI Manunggal Membangun Desa (TMMD) Ke-123 Tahun Anggaran 2025, Tim Pengawasan dan Evaluasi (Wasev) Kodam XVIII/Kasuari melakukan kunjungan kerja ke lokasi TMMD di Distrik Farfurwar

#TNIADbekerjadenganhati
#TNIAD",Kodam XVIII/Kasuari
@Cakra_Kostrad,2025-03-11 06:57,"Aksi Tanggap Bencana Prajurit Yonarmed 13 Kostrad Bantu Evakuasi Banjir
@Puspen_TNI @tni_ad @divif_1_kostrad @divif2kostrad @divif3kostrad #tni #tniad #Kostrad #Cakra    #kostradpeduli #kostradberbagi #TNIADMengabdiDanMembangunBersamaRakyat #penkostrad",Kostrad
@Cakra_Kostrad,2025-03-11 06:57,"Satgas Pamtas Yonarmed 11 Kostrad Bersama TDM dan Warga Gotong Royong Bersihkan Masjid Al-Ikhlas di Perbatasan
@Puspen_TNI @tni_ad @divif3kostrad #tni #tniad #Kostrad #Cakra    #kostradpeduli #kostradberbagi #TNIADMengabdiDanMembangunBersamaRakyat #penkostrad",Kostrad
@Cakra_Kostrad,2025-03-11 06:56,"Pangdivif 3 Kostrad Audiensi Dengan Ketua DPRD Sulsel
@Puspen_TNI @tni_ad @divif_1_kostrad @divif2kostrad @divif3kostrad #tni #tniad #Kostrad #Cakra    #kostradpeduli #kostradberbagi #TNIADMengabdiDanMembangunBersamaRakyat #penkostrad",Kostrad
@Cakra_Kostrad,2025-03-11 06:56,"Tasyakuran Memperingati HUT Kostrad Ke 64 di Satuan Yonzipur 10/JP/2 Kostrad
@Puspen_TNI @tni_ad @divif_1_kostrad @divif2kostrad @divif3kostrad #tni #tniad #Kostrad #Cakra    #kostradpeduli #kostradberbagi #TNIADMengabdiDanMembangunBersamaRakyat #penkostrad",Kostrad
@Cakra_Kostrad,2025-03-11 06:56,"Ngabuburit Sehat, Prajurit Yonarmed 1 Kostrad Laksanakan Lari 5K di Bulan Puasa
@Puspen_TNI @tni_ad @divif_1_kostrad @divif2kostrad @divif3kostrad #tni #tniad #Kostrad #Cakra    #kostradpeduli #kostradberbagi #TNIADMengabdiDanMembangunBersamaRakyat #penkostrad",Kostrad
@KodamKasuari,2025-03-11 06:32,"Tim Wasev Kodam XVIII/Kasuari mengunjungi lokasi pelaksanaan TMMD Ke-123 Tahun Anggaran 2025 di Distrik Farfurwar. Kunjungan ini dipimpin langsung oleh Pangdam XVIII/Kasuari, Mayjen TNI Jimmy Ramoz Manalu, yang didampingi sejumlah pejabat tinggi militer dan sipil.

#TNIAD",Kodam XVIII/Kasuari
@kodim1418mamuju,2025-03-11 06:13,"“Semangat Gotong Royong Personel Kodim 1418/Mamuju dalam Karya Bakti Pembersihan Jalan Arteri”

#tniad
 #dispenad
 #puspentni
 #TNIindonesia
 #kodam14hasanuddin",Kodim1418/Mamuju
@WajoKodim,2025-03-11 06:11,"Tingkatkan Disiplin Berkendara, Dandim 1406/Wajo Gelar Pemeriksaan Kendaraan Dinas
#tniad
#dispenad
#puspentni
#TNIindonesia
#kodam14hasanuddin
#korem141toddopuli",Kodim Wajo
@pendim0822bws,2025-03-11 06:10,"Babinsa Kodim 0822 Bondowoso Gotong Royong Bangun Tandon Air dalam TMMD ke-123
#tmmd123
#tniprima #kodim0822bondowoso
#manunggaldesa
#tniad",Kodim 0822 Bondowoso
@Kodim_Tator,2025-03-11 05:51,"Personil Koramil 1414-09/Saluputti gotong royong bersama warga bersihkan jalan ruas jalan bertempat di Kel. Padangngiring, Kec. Rantetayo, Kab. Tana Toraja.
Selasa, 11/03/2025

#tniad
#dispenad
#puspentni
#TNIindonesia
#kodam14hasanuddin",Kodim Tator
@Kodim_Tator,2025-03-11 05:51,"Babinsa Koramil 1414-04/Sesean Sertu markus Tandi Potti dan Serda Jaharudin melaksanakan komsos bersama Masyarakat binaan di Kel. Tagari Kec. Balusu Kab. Toraja Utara.
Selasa, 11/03/2025

#tniad
#dispenad
#puspentni
#TNIindonesia
#kodam14hasanuddin",Kodim Tator
@Kodim_Tator,2025-03-11 05:47,"Babinsa Koramil 1414-08/Bonggakaradeng Serda Habel melaksanakan kegiatan ketahanan pangan tanam padi bersama Masyarakat binaan di Kel. Rattebuttu Kec. Bonggakaradeng Kab. Tana Toraja.
Selasa, 11/03/2025

#tniad
#dispenad
#puspentni
#TNIindonesia
#kodam14hasanuddin",Kodim Tator
@1420_sidrap,2025-03-11 05:42,"Danramil 1420-04/Wattang Pulu bersama Babinsa Serma Musair dan Koptu Hantoris turun langsung ke Pasar Lawawoi, Kecamatan Watang Pulu, Kabupaten Sidrap, Selasa (11/3/2025). 

#tni
#puspentni
#tniad
#dispenad
#kodam14hasanuddin
#koremtoddopuli
#tnimanunggalrakyat",Kodim 1420 Sidrap
@WajoKodim,2025-03-11 05:32,"Babinsa Koramil 1406-10/Pitumpanua Dampingi Kegiatan Posyandu di Desa Buriko
#tniad
#dispenad
#puspentni
#TNIindonesia
#kodam14hasanuddin
#korem141toddopuli",Kodim Wajo
@WajoKodim,2025-03-11 05:31,"Babinsa Koramil 1406-09/Sajoanging Dampingi Kegiatan Posyandu di Desa Tadangpalie
#tniad
#dispenad
#puspentni
#TNIindonesia
#kodam14hasanuddin
#korem141toddopuli",Kodim Wajo
@WajoKodim,2025-03-11 05:30,"Babinsa Koramil 1406-08/Sabbangparu Bantu Warga Bangun Pondasi Rumah di Desa Ugi
#tniad
#dispenad
#puspentni
#TNIindonesia
#kodam14hasanuddin
#korem141toddopuli",Kodim Wajo
@WajoKodim,2025-03-11 05:29,"Babinsa Koramil 1406-07/Takkalalla Beri Pelajaran Sejarah Perjuangan Bangsa di SDN 134 Lattimu
#tniad
#dispenad
#puspentni
#TNIindonesia
#kodam14hasanuddin
#korem141toddopuli",Kodim Wajo
@WajoKodim,2025-03-11 05:28,"Babinsa Koramil 1406-06/Pammana Sosialisasikan Penyerapan Gabah oleh Bulog di Desa Tobatang
#tniad
#dispenad
#puspentni
#TNIindonesia
#kodam14hasanuddin
#korem141toddopuli",Kodim Wajo
@WajoKodim,2025-03-11 05:27,"Babinsa Koramil 1406-05/Majauleng Pantau Harga Sembako di Pasar Atapange
#tniad
#dispenad
#puspentni
#TNIindonesia
#kodam14hasanuddin
#korem141toddopuli",Kodim Wajo
@WajoKodim,2025-03-11 05:26,"Babinsa Koramil 1406-04/Belawa Ajak Warga Jaga Toleransi di Bulan Suci Ramadhan
#tniad
#dispenad
#puspentni
#TNIindonesia
#kodam14hasanuddin
#korem141toddopuli",Kodim Wajo
@WajoKodim,2025-03-11 05:23,"Babinsa Koramil 1406-03/Maniangpajo Ajak Petani Hidupkan Kembali Semangat Gotong Royong
#tniad
#dispenad
#puspentni
#TNIindonesia
#kodam14hasanuddin
#korem141toddopuli",Kodim Wajo
@WajoKodim,2025-03-11 05:22,"Babinsa Koramil 1406-01/Tempe Dampingi Petani Basmi Hama Tikus di Kelurahan Pattirosompe
#tniad
#dispenad
#puspentni
#TNIindonesia
#kodam14hasanuddin
#korem141toddopuli",Kodim Wajo
@WajoKodim,2025-03-11 05:22,"Koramil 1406-02/Tanasitolo Gelar Karya Bhakti Bersama Siswa di SDN 27 Baru Tancung
#tniad
#dispenad
#puspentni
#TNIindonesia
#kodam14hasanuddin
#korem141toddopuli",Kodim Wajo
@KodamKasuari,2025-03-11 05:13,"Guna menumbuhkan jiwa patriotisme terhadap generasi muda penerus bangsa, Danramil 1804-07/Kambrau, Kodim 1804/Kaimana Kapten Inf Aboda memberikan Wawasan Kebangsaan (Wasbang) kepada siswa-siswi SMP Negeri 1 Sunua

#TNIADbekerjadenganhati
#TNIADDihatiRakyat
#TNIADPrima
#TNIAD",Kodam XVIII/Kasuari
@15Malili,2025-03-11 04:53,"Dalam rangka menunjang program pemerintah Sertu Abraham Babinsa puncak Indah Koramil 1403-15/Malili melaksanakan pendampingan Ketahanan Pangan dipoktani Tunas Muda Desa Puncak Indah Kecamatan Malili Kab Luwu Timur 
#tniad 
#puspentni 
#dispenad 
#kodam14hasanuddin",Koramil 1403-15 Malili
@Pussenarhanud36,2025-03-11 04:49,"Taklimat Awal Pengawasan Intern Post Audit di jajaran Pussenarhanud TA 2025
Cimahi, 11 Maret 2025

#tni #tniad #arhanud #Pussenarhanud #PrajuritPengawalAngkasaSakti 

@puspentni 
@tni_angkatan_darat",Pussenarhanud TNI AD
@KodamKasuari,2025-03-11 03:50,"Serma Boas Bolang dan Kopda Kostan Inseruy secara bersinergi dengan Bhabinkamtibmas Polresta Manokwari memberikan himbauan Kamtibmas untuk menciptakan keamanan dan ketertiban kepada warga masyarakat di Kampung Aipiri

#TNIADbekerjadenganhati
#TNIADDihatiRakyat
#TNIADPrima
#TNIAD",Kodam XVIII/Kasuari
@silverquein45,2025-03-11 02:48,"Babinsa Koramil 1705- 03/Kwatisore bersama Bhabinkamtibmas setempat turut mendampingi kegiatan penyaluran bansos yang dilakukan oleh Komunitas Motor CB Nabire di Kampung Wami Jaya, Distrik Yaur, Kab Nabire. (10/3/2025).
#TNIADBerjuangBersamaRakyat
#TNIAD

nabire.net/babinsa-kwatisore…",Harfi Khair
@kodimainjai,2025-03-11 02:47,"Satgas TMMD ke-123 Kodim 1424/Sinjai Tuntaskan Pengecoran Jembatan  di Desa Lamatti Riawang, Kecamatan Bulupoddo, Kabupaten Sinjai, Selasa (11/3/2025).

#tniad
#dispenad
#puspentni
#TNIindonesia
#kodam14hasanuddin",Kodim 1424 Sinjai
@kodimainjai,2025-03-11 02:43,"Pembuatan Sumur Bor/TNI Manunggal Air oleh Satgas TMMD ke-123 Kodim 1424/Sinjai di Desa Lamatti Riawang Selesai 100%, Selasa (11/3/2025).

#tniad
#dispenad
#puspentni
#TNIindonesia
#kodam14hasanuddin",Kodim 1424 Sinjai
@itsokey687,2025-03-11 02:40,"Babinsa Koramil 1705- 03/Kwatisore bersama Bhabinkamtibmas setempat turut mendampingi kegiatan penyaluran bansos yang dilakukan oleh Komunitas Motor CB Nabire di Kampung Wami Jaya, Distrik Yaur, Kab Nabire. (10/3/2025).
#TNIADBerjuangBersamaRakyat
#TNIAD

nabire.net/babinsa-kwatisore…",Joanna Grace
@itsokey687,2025-03-11 02:38,"Satgas Pamtas Kewilayahan Yonif 756/WMS membangun rasa kebersamaan dan kepercayaan dengan melaksanakan karya bakti disekitaran wilayah binaan Pos Mapia tepatnya di Masjid Distrik Mapia, Kab. Dogiyai, Senin (10/03/2025).
#TNIADbekerjadenganhati
#TNIAD

dogiyai.partai.or.id/satgas-…",Joanna Grace
@kodimainjai,2025-03-11 02:38,"Meski Terik Matahari, Satgas TMMD ke-123 Kodim 1424/Sinjai Bersama Warga Tetap Semangat Bangun RTLH di Desa Turungan Baji, Kecamatan Sinjai Barat, Kabupaten Sinjai, Selasa (11/3/2025).

#tniad
#dispenad
#puspentni
#TNIindonesia
#kodam14hasanuddin",Kodim 1424 Sinjai
@itsokey687,2025-03-11 02:37,"Satgas Yonif 715/Motuliato Pos Wuyuneri proaktif melaksanakan program unggulannya. Salah satunya door to door ke rumah-rumah warga untuk mengecek kesehatan warga kampung Wuyuneri dan memberikan vitamin.
#TNIAD
#TNIADBerjuangBersamaRakyat

news.okezone.com/read/2025/0…",Joanna Grace
@itsokey687,2025-03-11 02:37,"Prajurit Batalyon Infanteri 700/Wyc  membagikan Alkitab dan buku cerita rohani kepada warga Kampung Eromaga, Distrik Ilaga, Kabupaten Puncak, Papua, yang terletak di dekat perbatasan Indonesia-Papua Nugini, Senin (10/03/2025).
#tniprima
#TNIAD

papua.ombudsman.co.id/berbag…",Joanna Grace
@kodimainjai,2025-03-11 02:32,"Satgas TMMD ke-123 Kodim 1424/Sinjai Bersama Warga Gunakan Molen untuk Percepat Pengerjaan Jembatan di Malam Hari di Desa Lamatti Riawang, Kecamatan Bulupoddo, Kabupaten Sinjai, Senin (10/3/2025) Malam.

#tniad
#dispenad
#puspentni
#TNIindonesia
#kodam14hasanuddin",Kodim 1424 Sinjai
@kodimainjai,2025-03-11 02:27,"Di Tengah Jeda Kerja Malam, Dansatgas TMMD ke-123 Kodim 1424/Sinjai Berikan Motivasi kepada Personel di Desa Lamatti Riawang, Kecamatan Bulupoddo, Kabupaten Sinjai, Senin (10/3/2025) Malam.

#tniad
#dispenad
#puspentni
#TNIindonesia
#kodam14hasanuddin",Kodim 1424 Sinjai
@kodimainjai,2025-03-11 02:22,"Antusias Ibu-Ibu Desa Lamatti Riawang Bawakan Makanan untuk Satgas TMMD ke-123 Kodim 1424/Sinjai yang Bekerja di Malam Hari di Desa Lamatti Riawang, Kecamatan Bulupoddo, Senin (10/3/2025). Malam

#tniad
#dispenad
#puspentni
#TNIindonesia
#kodam14hasanuddin",Kodim 1424 Sinjai
@kodimainjai,2025-03-11 02:17,"Semangat Gotong Royong, Satgas TMMD ke-123 Kodim 1424/Sinjai dan Warga Bersama-Sama untuk Lanjutkan Pembangunan Jembatan di Desa Lamatti Riawang, Kecamatan Bulupoddo, Senin (10/3/2025) Malam.

#tniad
#dispenad
#puspentni
#TNIindonesia
#kodam14hasanuddin",Kodim 1424 Sinjai
@kodimainjai,2025-03-11 02:12,"Warga Desa Lamatti Riawang Berbondong-Bondong Bantu Satgas TMMD ke-123 Kodim 1424/Sinjai dalam Pengecoran Jembatan di Malam Hari di Desa Lamatti Riawang, Kecamatan Bulupoddo, Kabupaten Sinjai, Senin (10/03/2025) Malam

#tniad
#dispenad
#puspentni
#TNIindonesia
#kodam14hasanuddin",Kodim 1424 Sinjai
@kodimainjai,2025-03-11 02:06,"Satgas TMMD ke-123 Kodim 1424/Sinjai Laksanakan Pengecoran Lantai Jembatan di Malam Hari di Desa Lamatti Riawang, Kecamatan Bulupoddo, pada malam hari, Senin (10/03/2025) Malam.

#tniad
#dispenad
#puspentni
#TNIindonesia
#kodam14hasanuddin",Kodim 1424 Sinjai
@KodamKasuari,2025-03-11 02:03,"Serda Teri Babinsa Koramil 1803-01/Fakfak
melaksanakan komunikasi sosial bersama Bapak Taip Petu dan Bapak Maulana Salah Satu Tokoh Masyarakat dan Salah Satu Anggota Linmas yang bertempat di Kampung Malakuli

#TNIADbekerjadenganhati
#TNIADDihatiRakyat
#TNIADPrima
#TNIAD",Kodam XVIII/Kasuari
@kodimainjai,2025-03-11 02:01,"Komandan Satgas TMMD ke-123 Kodim 1424/Sinjai Pimpin Pengecoran Lantai Jembatan di Malam Hari di Desa Lamatti Riawang, Kecamatan Bulupoddo, Kabupaten Sinjai, pada malam hari, Senin (10/03/2025) Malam.

#tniad
#dispenad
#puspentni
#TNIindonesia
#kodam14hasanuddin",Kodim 1424 Sinjai
@kodimainjai,2025-03-11 01:57,"Antusias Warga Bantu Satgas TMMD ke-123 Kodim 1424/Sinjai dalam Pengecoran Jembatan di Malam Hari bertempat di Desa Lamatti Riawang, Kecamatan Bulupoddo, Senin (10/03/2025) Malam.

#tniad
#dispenad
#puspentni
#TNIindonesia
#kodam14hasanuddin",Kodim 1424 Sinjai
@kodimainjai,2025-03-11 01:23,"Babinsa Mannanti Pos Ramil 05/Tellulimpoe Kodim 1424/Sinjai Dampingi Kegiatan Pasar Murah untuk Stabilitas Harga dan Pengendalian Inflasi di Lapangan Sepak Bola Kelurahan Mannanti, Kecamatan Tellulimpoe, Kab. Sinjai.

#tniad
#dispenad
#puspentni
#TNIindonesia
#kodam14hasanuddin",Kodim 1424 Sinjai
@1420_sidrap,2025-03-11 01:21,"Personel Kodim 1420/Sidrap Melaksanakan Karya Bhakti pembersihan di sekitaran Asrama pada hari Selasa (11/03/2025) bertempat di Jl. Jend.Sudirman  Kab.Sidrap.

#tni
#puspentni
#tniad
#dispenad
#kodam14hasanuddin
#koremtoddopuli
#tnimanunggalrakyat",Kodim 1420 Sidrap
@kodimainjai,2025-03-11 01:17,"Babinsa Bua Pos Ramil 1424-05/Tellulimpoe Kodim 1424/Sinjai Laksanakan Pendampingan Serap Gabah Oleh Bulog Sinjai di Dusun Bontolohe Desa Bua Kec. Tellulimpoe Kab. Sinjai.

#tniad
#dispenad
#puspentni
#TNIindonesia
#kodam14hasanuddin",Kodim 1424 Sinjai
@kodimainjai,2025-03-11 01:13,"Cegah Stunting, Babinsa Saukang Koramil 04/Sinjai Timur Kodim 1424/Sinjai Laksanakan Pendampingan Posyandu di Kantor Desa Saukang Kec. Sinjai Timur Kab. Sinjai.

#tniad
#dispenad
#puspentni
#TNIindonesia
#kodam14hasanuddin",Kodim 1424 Sinjai
@takalar_kodim,2025-03-11 01:13,"Babinsa Koramil 1426-06/Mapsu Serda Abd Kadir Melaksanakan Komsos Dengan Warganya 

#tniad
#dispenad
#puspentni
#TNIindonesia
#kodam14hasanuddin
#korem141toddopuli",Kodim_Takalar
@kodimainjai,2025-03-11 01:10,"Babinsa Barambang Koramil 1424-06/Sinjai Borong Kodim 1424/Sinjai Bantu Warga Membangun Pondasi Rumah di Dusun Balang Desa Barambang Kec. Sinjai Borong Kab. Sinjai.

#tniad
#dispenad
#puspentni
#TNIindonesia
#kodam14hasanuddin",Kodim 1424 Sinjai
@kodimainjai,2025-03-11 01:02,"Babinsa Gareccing Koramil 05/Sinjai Selatan Kodim 1424/Sinjai Komsos Bersama Sekretaris Dan Staf Desa di Kantor Desa Gareccing Kec. Sinjai Selatan Kab. Sinjai.

#tniad
#dispenad
#puspentni
#TNIindonesia
#kodam14hasanuddin",Kodim 1424 Sinjai
@takalar_kodim,2025-03-11 01:00,"Personel Koramil 1426-03/Galut Bagi Takjil Kepada Para Pengguna Jalan 

#tniad
#dispenad
#puspentni
#TNIindonesia
#kodam14hasanuddin
#korem141toddopuli",Kodim_Takalar
@kodimainjai,2025-03-11 00:57,"Babinsa Bulutellue Pos Ramil 1424-01/Bulupoddo Kodim 1424/Sinjai Dampingi Petani Memantau Perkembangan Tanaman Padi di Dusun Bulu-Bulu Desa Bulutellue Kec. Bulupoddo Kab. Sinjai.

#tniad
#dispenad
#puspentni
#TNIindonesia
#kodam14hasanuddin",Kodim 1424 Sinjai
@kodimainjai,2025-03-11 00:52,"Babinsa Aska Koramil 05/Sinjai Selatan Kodim 1424/Sinjai Laksanakan Komsos Bersama Ketua Poktan Mutiara Hijau di Dusun Kalamisu Desa Aska Kec. Sinjai Selatan Kab. Sinjai.

#tniad
#dispenad
#puspentni
#TNIindonesia
#kodam14hasanuddin",Kodim 1424 Sinjai
@kodimainjai,2025-03-11 00:48,"Babinsa Puncak Koramil 1424-05/Sinjai Selatan Kodim 1424/Sinjai Laksanakan Giat Safari Ramadhan Di Masjid Al Ikhwan di Masjid Al Ikhwan Dusun Sapulambere Desa Puncak Kec. Sinjai Selatan.Kab. Sinjai.

#tniad
#dispenad
#puspentni
#TNIindonesia
#kodam14hasanuddin",Kodim 1424 Sinjai
@kodimainjai,2025-03-11 00:45,"Babinsa Bontosalama Koramil 02/Sinjai Barat Kodim 1424/Sinjai Laksanakan Giat Safari Ramadhan Di Masjid Nurul Wahyu Dusun Tangnga Lembang Desa Bontosalam Kec. Sinjai Barat Kab. Sinjai.

#tniad
#dispenad
#puspentni
#TNIindonesia
#kodam14hasanuddin",Kodim 1424 Sinjai
@kodimainjai,2025-03-11 00:41,"Berkah Ramadhan, Pers. Koramil 02/Sinjai Barat bersama Ibu Persit Kodim 1424/Sinjai Bagikan Takjil Menjelang Waktu Berbuka Puasa di Kel. Tassililu Kec. Sinjai Barat.Kab. Sinjai.

#tniad
#dispenad
#puspentni
#TNIindonesia
#kodam14hasanuddin",Kodim 1424 Sinjai
@kodimainjai,2025-03-11 00:35,"Dandim 1424/Sinjai Bersama Forkopimda Kab Sinjai Laksanakan Acara Buka Puasa Bersama  di Jln. Andi Pangeran Pettarani Kel. Balangnipa Kec. Sinjai Utara Kab. Sinjai.

#tniad
#dispenad
#puspentni
#TNIindonesia
#kodam14hasanuddin",Kodim 1424 Sinjai
@kodimbone,2025-03-11 00:33,"Serda Risal Jaya Babinsa Koramil 03/Cenrana Kodim 1407/Bone memonitoring langsung pelayanan Posyandu Balita yang dilaksanakan di Desa Pallae, Kecamatan Cenrana, Kabupaten Bone. Selasa (11/03/25).
#tniad
#dispenad
#puspentni
#TNIindonesia
#kodam14hasanuddin",kodimbone
@kodimbone,2025-03-11 00:32,"Babinsa Koramil 1407-21/Palakka Serda Andi Aksan memberikan Wawasan Kebangsaan (Wasbang) terkait edukatif kepada siswa - siswi SD Inpres 4/82 Desa Melle, Kec. Palakka, Kab. Bone. Selasa (11/03/25).
#tniad
#dispenad
#puspentni
#TNIindonesia
#kodam14hasanuddin",kodimbone
@kodimbone,2025-03-11 00:31,"Babinsa Koramil 1407-06/Awangpone Sertu Ervan membantu petani dalam memanen jagung di lahan milik salah seorang warga di Desa Jaling, Kecamatan Awangpone, Kabupaten Bone. Selasa (11/03/25).
#tniad
#dispenad
#puspentni
#TNIindonesia
#kodam14hasanuddin",kodimbone
@kodimbone,2025-03-11 00:30,"Babinsa Koramil 09/Lapri Kodim 1407/Bone Praka Amran melaksanakan kerja bakti membantu warga membangun rumah di Desa Tonrongnge, Kecamatan Lapri, Kabupaten Bone. Selasa (11/03/25).
#tniad
#dispenad
#puspentni
#TNIindonesia
#kodam14hasanuddin",kodimbone
@kodimbone,2025-03-11 00:29,"Babinsa Koramil 12/Cina Kodim 1407/Bone mendampingi petugas Bulog Kabupaten Bone dalam rangka pembelian gabah hasil panen petani di wilayah Desa Kawerang, Kecamatan Cina, Kabupaten Bone. Senin (10/03/25) malam.
#tniad
#dispenad
#puspentni
#TNIindonesia
#kodam14hasanuddin",kodimbone
@kodimbone,2025-03-11 00:27,"Babinsa Koramil 15/Mare Kodim 1407/Bone Kopda Supriadi Djafar melaksanakan Komunikasi Sosial (Komsos) bersama warga binaannya di Desa Lappa Upang, Kecamatan Mare, Kabupaten Bone. Selasa (11/03/25).
#tniad
#dispenad
#puspentni
#TNIindonesia
#kodam14hasanuddin",kodimbone
@kodimbone,2025-03-11 00:26,"Babinsa Koramil 09/Lapri Kodim 1407/Bone Kopka Amrullah melakukan Komunikasi Sosial (Komsos) dengan warga di desa binaan Desa Selli, Kecamatan Bengo, Kabupaten Bone. Selasa (11/03/25).
#tniad
#dispenad
#puspentni
#TNIindonesia
#kodam14hasanuddin",kodimbone
@kodimainjai,2025-03-11 00:26,"Dandim 1424/Sinjai, Letnan Kolonel Arm Dian Akhmad Arifandi, SE, M.Han, menghadiri acara pelantikan pengurus Daerah Badan Koordinasi Mubaligh Indonesia (DPD Bakomubin) Kabupaten Sinjai.

#tniad
#dispenad
#puspentni
#TNIindonesia
#kodam14hasanuddin",Kodim 1424 Sinjai
@kodimbone,2025-03-11 00:26,"Danramil 1407-04/Tellusiatinge Kapten Inf Abdul Mannan bersama forkopimcam hadiri peluncuran program Penguatan Pekarangan Pangan Lestari di balai kantor Kecamatan Tellusiatinge, Kabupaten Bone. Selasa (11/03/25).
#tniad
#dispenad
#puspentni
#TNIindonesia
#kodam14hasanuddin",kodimbone
@kodimbone,2025-03-11 00:25,"Babinsa Koramil 1407-12/Cina melaksanakan pendampingan dan pemantauan serap gabah oleh Bulog bertempat di Desa Kawerang, Kecamatan Cina, Kabupaten Bone. Senin (10/03/2025) malam.
#tniad
#dispenad
#puspentni
#TNIindonesia
#kodam14hasanuddin",kodimbone
@kodimbone,2025-03-11 00:24,"Babinsa Koramil 1407-10/Ponre Serma Aris melaksanakan kerja bakti bersama warga membersihkan ranting pohon yang menganggu jalan berlokasi di Dusun Kajuara, Desa Pattimpa, Kec. Ponre, Kab. Bone. Selasa (11/03/25).
#tniad
#dispenad
#puspentni
#TNIindonesia
#kodam14hasanuddin",kodimbone
@KodamKasuari,2025-03-11 00:06,"Kodim 1806/Teluk Bintuni melaksanakan pengecekan kendaraan dinas bagi seluruh prajurit. untuk memastikan bahwa kendaraan dinas dalam kondisi baik, aman, dan siap digunakan dalam mendukung kelancaran tugas sehari-hari. 

piped.video/YHRWi8HrplA  

#TNIADbekerjadenganhati
#TNIAD",Kodam XVIII/Kasuari
@KodamKasuari,2025-03-10 23:54,"Aslog Kasad, Mayor Jenderal TNI Adisura Firdaus Tarigan, melakukan kunjungan kerja ke Kabupaten Manokwari Selatan (Mansel), Papua Barat, untuk meninjau langsung sarana dan prasarana (sarpras) di Rindam XVIII/Kasuari. 

#TNIADbekerjadenganhati
#TNIADDihatiRakyat
#TNIADPrima
#TNIAD",Kodam XVIII/Kasuari
@sejatidindaa,2025-03-10 23:16,"Bagikan sembako, hubungan aparat keamanan dan masyarakat Papua bertambah harmonis

#KSTP #OPM #opmmusuhmasyarakat #OPMgallery #KKB #TolakOPM #Papua #PapuaIndonesia  #TNIAD #papuaviral  #TNIADbekerjadenganhati",dinda sejati
@M1513sbb,2025-03-10 21:34,"Anggota Koramil 1513′-01/Piru dan Warga Desa Eti Gotong Royong Bongkar Gereja Tua Betzur. 
#tniad
#puspentni
#dispenad
#TNIADBerjuangBersamaRakyat",Makodim 1513sbb
@KodamJayakarta,2025-03-10 21:19,"Serah Terima Jabatan Kahubdam Jaya dipimpin Pangdam Jaya Mayjen TNI Rafael Granada Baay

#tniadprima #tniad #tniadkuatbersamarakyat #tniadmengabdidanmembangunbersamabangsa #tniadmanunggaldenganrakyat #kodamjaya",Kodam Jaya/Jayakarta
@M1513sbb,2025-03-10 21:13,"Babinsa Koramil 1513-01/Piru Bersama Warga Gotong Royong Bangun Gereja Bhatera. 
#tniad
#puspentni
#dispenad
#TNIADBerjuangBersamaRakyat",Makodim 1513sbb
@kodam_mlw,2025-03-10 20:38,"Balikpapan - Indahnya Ramadhan 1446 H, Kodam VI/Mulawarman Berbagi Takjil di Halaman Makodam VI/Mulawarman, Senin (10/03/25).

#kodamvimulawarman 
#tniad
#tniprima
#marhabanyaramadhan",Kodam VI/Mulawarman
@kodam_mlw,2025-03-10 20:17,"Banjarbaru - Indahnya Ramadhan 1446 H, Yonif 623/Bwu Berbagi Takjil kepada Masyarakat Sekitar Mako Yonif 623/Bwu, Senin (10/03/25).

#kodamvimulawarman
#tniad
#tniprima
#marhabanyaramadhan",Kodam VI/Mulawarman
@kodam_mlw,2025-03-10 19:39,"Barabai - Indahnya Ramadhan 1446 H, Yonif 621/Manuntung dan Persit KCK Cabang XXXIV Yonif 621/Manuntung Berbagi Takjil di Halaman Mako Yonif 621/Manuntung, Senin (10/03/25).

#kodamvimulawarman
#tniad
#tniprima
#marhabanyaramadhan",Kodam VI/Mulawarman
@korem091asn,2025-03-10 18:27,"Danrem 091/ASN Menghadiri Kaltim Berzakat 2025
#tni_angkatan_darat #kodam_mlw #tniprima #profesional #responsif #integratif #modern #adaptif #tniadmengabdidanmembangunbersamarakyat #tentararakyat #infokomando #tniad #korem091asn #bersamarakyattnikuat #prajuritmulawarman",KOREM 091/ASN
@korem091asn,2025-03-10 15:09,"Danrem 091/ASN Hadir Rapat Pengendalian Inflasi
#tni_angkatan_darat #kodam_mlw #tniprima #profesional #responsif #integratif #modern #adaptif #tniadmengabdidanmembangunbersamarakyat #tentararakyat #infokomando #tniad #korem091asn #bersamarakyattnikuat #prajuritmulawarman",KOREM 091/ASN
@AlorKodim,2025-03-10 14:40,"Dukung Ketahanan Pangan Babinsa Jalin Komsos dengan Petani

Penulis: Israel
(Pendim1622/Alor)
#tniad 
#tniprima 
#tnibersamarakyat 
#tnidihatirakyat
#tnimengabdidanmembangunbersamarakyat
#prajaraksakaperdulirakyat

Cek berita selengkapnya disini>>
suararossa.com/dukung-ketaha…",Kodim 1622 Alor
@AlorKodim,2025-03-10 12:52,"Kodim 1622/Alor Gelar Upacara Mingguan

Penulis: Faisal M
(Pendim1622/Alor)
#tniad 
#tniprima 
#tnibersamarakyat 
#tnidihatirakyat
#tnimengabdidanmembangunbersamarakyat
#prajaraksakaperdulirakyat

Cek berita selengkapnya disini>> suararossa.com/kodim-1622-al…",Kodim 1622 Alor
@Cakra_Kostrad,2025-03-10 10:18,"Safari Ramadhan Wakasad di Yonif 330 Kostrad, Hujan Deras Tak Surutkan Semangat Ibadah dan Kebersamaan
@Puspen_TNI @tni_ad @divif_1_kostrad   #tni #tniad #Kostrad #Cakra #kostradpeduli #kostradberbagi #TNIADMengabdiDanMembangunBersamaRakyat #penkostrad",Kostrad
@Cakra_Kostrad,2025-03-10 10:17,"Divif 2 Kostrad Rayakan HUT Ke-64 Kostrad dengan Syukuran Sederhana dan Penuh Makna
@Puspen_TNI @tni_ad @divif_1_kostrad @divif2kostrad @divif3kostrad #tni #tniad #Kostrad #Cakra #kostradpeduli #kostradberbagi #TNIADMengabdiDanMembangunBersamaRakyat #penkostrad",Kostrad
@Cakra_Kostrad,2025-03-10 10:17,"Divisi Infanteri 1 Kostrad Gelar Syukuran Puncak HUT Ke-64 Kostrad
@Puspen_TNI @tni_ad @divif_1_kostrad @divif2kostrad @divif3kostrad #tni #tniad #Kostrad #Cakra #kostradpeduli #kostradberbagi #TNIADMengabdiDanMembangunBersamaRakyat #penkostrad",Kostrad
@Cakra_Kostrad,2025-03-10 10:17,"Pangdivif 1 Kostrad Resmi Alih Kodal sebagai Pangkoops Swasembada Pamtas Statis RI-PNG
@Puspen_TNI @tni_ad @divif_1_kostrad @divif2kostrad @divif3kostrad #tni #tniad #Kostrad #Cakra #kostradpeduli #kostradberbagi #TNIADMengabdiDanMembangunBersamaRakyat #penkostrad",Kostrad
@Cakra_Kostrad,2025-03-10 10:16,"Sentuhan Kepedulian di Perbatasan, Satgas Pamtas Yonarmed 11 Kostrad Gelar Pelayanan Kesehatan Gratis
@Puspen_TNI @tni_ad  #tni #tniad #Kostrad #Cakra    #kostradpeduli #kostradberbagi #TNIADMengabdiDanMembangunBersamaRakyat #penkostrad",Kostrad
@Cakra_Kostrad,2025-03-10 10:16,"Jalan Sehat Kampung Imsun: Menggenggam Cita-Cita, Menjaga Kesehatan
@Puspen_TNI @tni_ad @divif_1_kostrad @divif2kostrad @divif3kostrad #tni #tniad #Kostrad #Cakra    #kostradpeduli #kostradberbagi #TNIADMengabdiDanMembangunBersamaRakyat #penkostrad",Kostrad
@Cakra_Kostrad,2025-03-10 10:15,"Wujudkan Generasi Berkarakter, Satgas Pamtas Yonarmed 11 Kostrad Tanamkan Wawasan Kebangsaan di Taman Baca Masyarakat, Nunukan
@Puspen_TNI @tni_ad  #tni #tniad #Kostrad #Cakra    #kostradpeduli #kostradberbagi #TNIADMengabdiDanMembangunBersamaRakyat #penkostrad",Kostrad
@Cakra_Kostrad,2025-03-10 10:15,"Berkah Ramadhan, Yonarmed 12 Kostrad Bagikan Takjil untuk Masyarakat
@Puspen_TNI @tni_ad @divif_1_kostrad @divif2kostrad @divif3kostrad #tni #tniad #Kostrad #Cakra    #kostradpeduli #kostradberbagi #TNIADMengabdiDanMembangunBersamaRakyat #penkostrad",Kostrad
@Cakra_Kostrad,2025-03-10 09:28,"Pangkostrad kunjungan ke Yonarmed 10 Kostrad
@Puspen_TNI @tni_ad @divif_1_kostrad @divif2kostrad @divif3kostrad #tni #tniad #Kostrad #Cakra    #kostradpeduli #kostradberbagi #TNIADMengabdiDanMembangunBersamaRakyat #penkostrad",Kostrad
@kristianlobo1,2025-03-10 09:21,"Open Pre-Order
Kaos Leopard 2A4RI edisi spesial TAMIYEM.
Lengkap dgn Marking Logo Yonkav 8 Narasinga Wiratama & marking Nomor Ranpur ala TNI-AD.
Available size S-4XL (Jumbo Size? bisa japri kami)
S-XXL Lengan Pendek Rp175.000
S-XXL Lengan Panjang Rp185.000
#kaosmurah #TNI #TNIAD",Kristian Lobo
@kodamhasanuddin,2025-03-10 09:18,"Pererat Hubungan Silaturahmi, Pangdam XIV/Hsn Terima Kunjungan Kakanwil Ditjenpas

""Tingkatkan Koordinasi, Pangdam XIV/Hasanuddin dan Kakanwil Ditjenpas Sulsel Bersinergi""

#tniad
#dispenad
#puspentni
#TNIindonesia",Kodam Hasanuddin
@kodamhasanuddin,2025-03-10 09:02,"Pangdam XIV/Hasanuddin Mengikuti Pertemuan Optimalisasi Penyerapan Gabah dan Beras 2025

""Sinergi TNI dan Bulog dalam Optimalisasi Penyerapan Gabah dan Beras untuk Ketahanan Pangan Nasional""

#tniad
#dispenad
#puspentni
#TNIindonesia
#ketahananpangan",Kodam Hasanuddin
@korem091asn,2025-03-10 08:47,"Jelang Buka Puasa, Koramil 0908-03/Anggana Berbagi Takjil
#tni_angkatan_darat #kodam_mlw #tniprima #profesional #responsif #integratif #modern #adaptif #tniadmengabdidanmembangunbersamarakyat #tentararakyat #infokomando #tniad #korem091asn #bersamarakyattnikuat #prajuritmulawarma",KOREM 091/ASN
@korem091asn,2025-03-10 08:42,"Tingkatkan Ketahanan Pangan, Anggota Koramil Berikan Bantuan Bibit Padi Pada Petani
#tni_angkatan_darat #kodam_mlw #tniprima #profesional #responsif #integratif #modern #adaptif #tniadmengabdidanmembangunbersamarakyat #tentararakyat #infokomando #tniad #korem091asn",KOREM 091/ASN
@Kodim_Tator,2025-03-10 08:39,"Babinsa Koramil 1414-02/Rantepao Sertu Amir melaksanakan ketahanan pangan panen padi bersama warga di wilayah kelurahan Laangtanduk, Kecamatan Rantepao, Kabupaten Toraja Utara. 
Senin, 10/03/2025

#tniad
#dispenad
#puspentni
#TNIindonesia
#kodam14hasanuddin",Kodim Tator
@korem091asn,2025-03-10 08:38,Babinsa Bukitraya Sosialisasikan Bullying di Sekolah SDN 017 Sepaku#tni_angkatan_darat #kodam_mlw #tniprima #profesional #responsif #integratif #modern #adaptif #tniadmengabdidanmembangunbersamarakyat #tentararakyat #infokomando #tniad #korem091asn #bersamarakyattnikuat,KOREM 091/ASN
@DekBudi40592,2025-03-10 08:28,"Usaha pemerintah melalui TNI untuk mengurangi angka stunting di papua 
#menhan #tniad #tni #papuaviral #PrabowoGibran #NKRI 

selengkapnya :
papua.indonesiasatu.co.id/ba…",Dek budi
@kodim1418mamuju,2025-03-10 08:19,"“Babinsa Koramil 1418-03/Kalukku Gelar Karya Bakti Di Bulan Suci Ramadan, Antisipasi Banjir Dan Wabah Penyakit”

#tniad
#dispenad
#puspentni
#TNIindonesia
#kodam14hasanuddin",Kodim1418/Mamuju
@1420_sidrap,2025-03-10 08:13,"Babinsa Koramil 1420-04/Wattang Pulu Dampingi Panen Padi Mekonga, Raih Hasil Melimpah di Ulu Ale.
 Senin (10/3/2025)

#tni
#puspentni
#tniad
#dispenad
#kodam14hasanuddin
#koremtoddopuli
#tnimanunggalrakyat",Kodim 1420 Sidrap
@koramil16tulung,2025-03-10 07:36,"Peltu Ery Kuswanto hadiri rapat koordinasi dalam rangka Tarling Bupati Klaten di bulan Suci Ramadhan 1426 H di Masjid  Mujahidin Desa Tulung, Kecamatan Tulung, Kabupaten Klaten.

#kodim0723klaten
#korem074wrt
#kodamivdiponegoro 
#tniad
instagram.com/p/DHArrJ1PeN2/…",koramil Tulung
@KodamKasuari,2025-03-10 07:21,"atgas Pamtas RI-PNG Kewilayahan Papua Barat Daya Yonif 762/VYS Pos Yembun membersihkan dan melaksanakan pengecatan bangunan sekolah Pendidikan Anak Usia Dini (PAUD) Kalvari Yembun di Kampung Metnayam

#TNIADbekerjadenganhati
#TNIADDihatiRakyat
#TNIADPrima
#TNIAD",Kodam XVIII/Kasuari
@takalar_kodim,2025-03-10 07:19,"Koramil 1426-04/Galesong Bersama Warga Kerja Bakti Bersihkan Selokan Dan Bahu Jalan 

#tniad
#dispenad
#puspentni
#TNIindonesia
#kodam14hasanuddin
#korem141toddopuli",Kodim_Takalar
@KodamKasuari,2025-03-10 07:17,"Untuk mengetahui kondisi dan kesiapan kendaraan dinas yang digunakan dalam rangka mendukung operasional tugas sehari-hari, Kodim 1812/Pegaf menggelar Apel pemeriksaan kendaraan dinas bagi prajurit TNI.

#TNIADbekerjadenganhati
#TNIADDihatiRakyat
#TNIADPrima
#TNIAD",Kodam XVIII/Kasuari
@tni_ad,2025-03-10 06:12,"GROUNDBREAKING PEMBANGUNAN PERUMAHAN, DALAM RANGKA MENDUKUNG PROGRAM PEMERINTAH REPUBLIK INDONESIA

#TNIAD
#TNIADBerjuangBersamaRakyat
#TNIADBekerjaDenganHati
#TNIADdihatiRakyat
#TNIADPrima",TNI AD
@WajoKodim,2025-03-10 06:05,"Babinsa Koramil 1406-10/Pitumpanua Laksanakan Puldatater di Desa Bau-Bau
#tniad
#dispenad
#puspentni
#TNIindonesia
#kodam14hasanuddin
#korem141toddopuli",Kodim Wajo
@WajoKodim,2025-03-10 06:04,"Babinsa Koramil 1406-09/Sajoanging Dampingi Dinas Pertanahan Tinjau Lokasi Irigasi di Desa Makmur
#tniad
#dispenad
#puspentni
#TNIindonesia
#kodam14hasanuddin
#korem141toddopuli",Kodim Wajo
@WajoKodim,2025-03-10 06:03,"Babinsa Koramil 1406-08/Sabbangparu Cek Pompanisasi di Desa Bentenglompoe
#tniad
#dispenad
#puspentni
#TNIindonesia
#kodam14hasanuddin
#korem141toddopuli",Kodim Wajo
@WajoKodim,2025-03-10 06:02,"Babinsa Koramil 1406-07/Takkalalla Periksa Kondisi Gudang Beras di Desa Pantai Timur
#tniad
#dispenad
#puspentni
#TNIindonesia
#kodam14hasanuddin
#korem141toddopuli",Kodim Wajo
@WajoKodim,2025-03-10 06:02,"Babinsa Koramil 1406-06/Pammana Jalin Komunikasi Sosial dengan Warga di Desa Pallawarukka
#tniad
#dispenad
#puspentni
#TNIindonesia
#kodam14hasanuddin
#korem141toddopuli",Kodim Wajo
@WajoKodim,2025-03-10 06:01,"Babinsa Koramil 1406-05/Majauleng dan Bhabinkamtibmas Gelar Patroli Bersama di Desa Botto Tanre
#tniad
#dispenad
#puspentni
#TNIindonesia
#kodam14hasanuddin
#korem141toddopuli",Kodim Wajo
@WajoKodim,2025-03-10 06:00,"Babinsa Koramil 1406-04/Belawa Jalin Komunikasi Sosial dengan Warga di Desa Lautang
#tniad
#dispenad
#puspentni
#TNIindonesia
#kodam14hasanuddin
#korem141toddopuli",Kodim Wajo
@WajoKodim,2025-03-10 05:59,"Babinsa Koramil 1406-03/Maniangpajo dan PPL Pantau Panen Padi di Gilireng
#tniad
#dispenad
#puspentni
#TNIindonesia
#kodam14hasanuddin
#korem141toddopuli",Kodim Wajo
@WajoKodim,2025-03-10 05:58,"Babinsa Koramil 1406-02/Tanasitolo Koordinasi dengan Bulog untuk Pantau Panen di Wajo
#tniad
#dispenad
#puspentni
#TNIindonesia
#kodam14hasanuddin
#korem141toddopuli",Kodim Wajo
@WajoKodim,2025-03-10 05:57,"Koramil 1406-01/Tempe Gelar Karya Bhakti Bersihkan Saluran Air di Kelurahan Mattirotappareng
#tniad
#dispenad
#puspentni
#TNIindonesia
#kodam14hasanuddin
#korem141toddopuli",Kodim Wajo
@Kodim_Tator,2025-03-10 05:24,"Babinsa Koramil 1414-04/Sesean Sertu Yuprianus Gala melaksanakan kegiatan ketahanan pangan tanam padi bersama Masyarakat binaan di Dusun Batutumoga Lembang/Desa Suloara Kec. Sesean Suloara Kab. Torut
Senin, 10/03/2025

#tniad
#dispenad
#puspentni
#TNIindonesia
#kodam14hasanuddin",Kodim Tator
@Kodim_Tator,2025-03-10 05:23,"Babinsa Koramil 1414-01/Makale Serka Yulius Tumaang melaksanakan komsos bersama Masyarakat binaan di Kel. Bungin Kec. Makale Utara Kab. Tana Toraja.
Senin, 10/03/2025

#tniad
#dispenad
#puspentni
#TNIindonesia
#kodam14hasanuddin",Kodim Tator
@1420_sidrap,2025-03-10 05:02,"Upacara Bendera dilanjutkan  Pemeriksaan Kendaraan Dinas Kodim 1420/Sidrap.
Senin (10/3/2025).

#tni
#puspentni
#tniad
#dispenad
#kodam14hasanuddin
#koremtoddopuli
#tnimanunggalrakyat",Kodim 1420 Sidrap
@KodamKasuari,2025-03-10 04:28,"Kodim 1812/Pegaf melaksanakan upacara Mingguan bersama SMAN ANGGI Kab. Pegunungan Arfak. Dalam pelaksanaan upacara di guyur hujan anak-anak tetap berdiri sikap sempurna dengan semangat adik-adik sekolah kecintaan terhadap tanah air

piped.video/8BpZl3LwkLY 

#TNIAD",Kodam XVIII/Kasuari
@kompascom,2025-03-10 04:16,"Pemerintah resmi memulai pembangunan 2.000 unit rumah bagi Tentara Nasional Indonesia Angkatan Darat (TNI AD) di lima titik melalui skema Fasilitas Likuiditas Pembiayaan Perumahan (FLPP).

~SA #TNIAD #RumahDinas #FLPP
kompas.com/properti/read/202…",Kompas.com
@15Malili,2025-03-10 04:01,"Serda Supriadi Babinsa Baruga Koramil 1403-15/Malili menghadiri rapat Kordinasi terkait penerima manfaat BLT DD Desa Baruga Kec Malili kab Luwu Timur 
#tniad 
#puspentni 
#dispenad 
#korem141toddopuli 
#kodam14hasanuddin",Koramil 1403-15 Malili
@KodamKasuari,2025-03-10 04:01,"Kodim 1812/Pegaf melaksanakan upacara Mingguan bersama SMAN ANGGI Kab. Pegunungan Arfak. Dalam pelaksanaan upacara di guyur hujan anak-anak tetap berdiri sikap sempurna dengan semangat adik-adik sekolah kecintaan terhadap tanah air Indonesia.

#TNIADbekerjadenganhati
#TNIAD",Kodam XVIII/Kasuari
@15Malili,2025-03-10 03:58,"Pelda Hardi Babinsa Pasi Pasi Koramil 1403-15/Malili melaksanakan pendampingan Ketahanan Pangan dipoktani padaidi Desa Pasi Pasi Kec Malili kab Luwu Timur 
#tni
#tniad
#puspentni
#korem141
#kodam14hasanuddin",Koramil 1403-15 Malili
@KodamKasuari,2025-03-10 03:57,"Letkol Czi Angga Wijaya S.IP,.MA. Diwakili oleh Pasipers Kodim 1802/Sorong Lettu Inf Lukas Menjadi inspektur Upacara  Bendera Merah Putih dalam rangka Wasbang semangat belajar dan motivasi Pendidikan.

#TNIADbekerjadenganhati
#TNIADDihatiRakyat
#TNIADPrima
#TNIAD",Kodam XVIII/Kasuari
@Kodim_Tator,2025-03-10 03:37,"Bertempat di Lembang Buakayu, Kec. Bonggakaradeng Kab. Tana Toraja, telah dilaksanakan Karbak pembersihan halaman sekolah dan parit oleh Personil Koramil 1414-08/Bonggakaradeng bersama guru dan siswa.
Senin, 10/03/2025

#tniad
#dispenad
#puspentni
#TNIindonesia
#kodam14hasanuddin",Kodim Tator
@Kodim_Tator,2025-03-10 03:32,"Babinsa Koramil 1414-09/Saluputti Sertu Suhardi melaksanakan kegiatan pembukaan lahan tanam Bersama kelompok Tani Di Lembang Lemonduruk, Kec. Malimbong Balepe, Kab. Tana Toraja.
Senin, 10/03/2025

#tniad
#dispenad
#puspentni
#TNIindonesia
#kodam14hasanuddin",Kodim Tator
@1420_sidrap,2025-03-10 03:24,"Babinsa Kelurahan Rappang, Sertu Alimuddin, dari Koramil 1420-06/Panca Rijang, tak kenal lelah.  Senin (10/3/2025), ia melakukan pemantauan langsung di Pasar Sentral Rappang, Kab Sidrap.""

#tni
#puspentni
#tniad
#dispenad
#kodam14hasanuddin
#koremtoddopuli
#tnimanunggalrakyat",Kodim 1420 Sidrap
@kodimainjai,2025-03-10 03:12,"Tim Wasev TMMD ke-123 Kodim 1424/Sinjai Terima Paparan dari Komandan Satgas TMMD ke 123 Kodim 1424/Sinjai di wilayah Desa Lamatti Riawang, Kecamatan Bulupoddo, Kabupaten Sinjai, Senin (10/3/2025).

#tniad
#dispenad
#puspentni
#TNIindonesia
#kodam14hasanuddin",Kodim 1424 Sinjai
@kodimainjai,2025-03-10 03:01,"Satgas TMMD ke-123 Kodim 1424/Sinjai Gunakan Metode Stafet untuk Memindahkan Adonan Semen ke Pondasi Tanggul jalan di Desa Lamatti Riawang, Kecamatan Bulupoddo, Kabupaten Sinjai, Senin (10/3/2025).

#tniad
#dispenad
#puspentni
#TNIindonesia
#kodam14hasanuddin",Kodim 1424 Sinjai
@kodimainjai,2025-03-10 02:57,"Kompak dan Penuh Semangat, Satgas TMMD ke-123 Kodim 1424/Sinjai Genjot Pembuatan Tanggul Jalan di Desa Lamatti Riawang, Kecamatan Bulupoddo, Kabupaten Sinjai, Senin (10/3/2025).

#tniad
#dispenad
#puspentni
#TNIindonesia
#kodam14hasanuddin",Kodim 1424 Sinjai
@kodimainjai,2025-03-10 02:53,"Tim Kesehatan TMMD ke-123 Kodim 1424/Sinjai Berikan Pelayanan ke Lokasi Sasaran di Desa Lamatti Riawang, Kecamatan Bulupoddo, Kabupaten Sinjai. Senin (10/3/2025).

#tniad
#dispenad
#puspentni
#TNIindonesia
#kodam14hasanuddin",Kodim 1424 Sinjai
@kodimainjai,2025-03-10 02:49,"Satgas TMMD ke-123 Kodim 1424/Sinjai Kumpulkan Material Pasir dan Batu untuk Percepat Pembangunan Infrastruktur di Desa Lamatti Riawang, Kecamatan Bulupoddo, Kabupaten Sinjai, Senin (10/3/2025).

#tniad
#dispenad
#puspentni
#TNIindonesia
#kodam14hasanuddin",Kodim 1424 Sinjai
@sejatidindaa,2025-03-10 02:49,"OPM selalu menyebarkan HOAX ke masyarakat

#KSTP #OPM #opmmusuhmasyarakat #OPMgallery #KKB #TolakOPM #Papua #PapuaIndonesia  #TNIAD #papuaviral  #TNIADbekerjadenganhati  #ChampionsTrophy #earthquake",dinda sejati
@sejatidindaa,2025-03-10 02:48,"OPM pelanggar HAM besar di Papua

#KSTP #OPM #opmmusuhmasyarakat #OPMgallery #KKB #TolakOPM #Papua #PapuaIndonesia  #TNIAD #papuaviral  #TNIADbekerjadenganhati  #ChampionsTrophy #earthquake",dinda sejati
@sejatidindaa,2025-03-10 02:47,"KNPB aktor dibalik penolakan Makan Bergizi Gratis

#KSTP #OPM #opmmusuhmasyarakat #OPMgallery #KKB #TolakOPM #Papua #PapuaIndonesia  #TNIAD #papuaviral  #TNIADbekerjadenganhati  #ChampionsTrophy #earthquake",dinda sejati
@sejatidindaa,2025-03-10 02:47,"KNPB selalu bikin kacau di Papua

#KSTP #OPM #opmmusuhmasyarakat #OPMgallery #KKB #TolakOPM #Papua #PapuaIndonesia  #TNIAD #papuaviral  #TNIADbekerjadenganhati  #ChampionsTrophy #earthquake",dinda sejati
@kodimainjai,2025-03-10 02:45,"Satgas TMMD ke-123 Kodim 1424/Sinjai Mulai Pasang Rangka Besi untuk Pengecoran Lantai Jembatan di Desa Lamatti Riawang, Kecamatan Bulupoddo, Kabupaten Sinjai, Senin (10/3/2025).

#tniad
#dispenad
#puspentni
#TNIindonesia
#kodam14hasanuddin",Kodim 1424 Sinjai
@kodimainjai,2025-03-10 02:39,"Satgas TMMD ke-123 Kodim 1424/Sinjai Siapkan Material Pasir untuk Tanggul Jalan di Desa Lamatti Riawang di Desa Lamatti Riawang, Kecamatan Bulupoddo, Kabupaten Sinjai, Senin (10/3/2025).

#tniad
#dispenad
#puspentni
#TNIindonesia
#kodam14hasanuddin",Kodim 1424 Sinjai
@kodimainjai,2025-03-10 02:34,"Satgas TMMD ke-123 Kodim 1424/Sinjai Lanjutkan Pembangunan Tanggul Jalan di Desa Lamatti Riawang untuk Cegah Longsor di Desa Lamatti Riawang, Kecamatan Bulupoddo, Kabupaten Sinjai, Senin (10/3/2025).

#tniad
#dispenad
#puspentni
#TNIindonesia
#kodam14hasanuddin",Kodim 1424 Sinjai
@kodimainjai,2025-03-10 02:28,"Semangat Apel Pagi Ditunjukkan oleh Satgas TMMD ke-123 Kodim 1424/Sinjai di Desa Lamatti Riawang, Kecamatan Bulupoddo, Kabupaten Sinjai, Senin (10/3/2025).

#tniad
#dispenad
#puspentni
#TNIindonesia
#kodam14hasanuddin",Kodim 1424 Sinjai
@takalar_kodim,2025-03-10 02:27,"Babinsa Koramil 1426-05/Marbo Dampingi Pembagian Makanan Bergizi Gratis Untuk Anak Sekolah

#tniad
#dispenad
#puspentni
#TNIindonesia
#kodam14hasanuddin
#korem141toddopuli",Kodim_Takalar
@Utari_Rhyu,2025-03-10 02:11,"Dalam momen yang penuh berkat itu, Satgas Yonif 144/Jaya Yudha menyerahkan Kitab Perjanjian Lama kepada jamaah sebagai simbol dukungan dan persaudaraan antara TNI dan umat Kristiani.
#TNIADbekerjadenganhati
#TNIAD
#TNIADBerjuangBersamaRakyat
#tniprima

bovendigoel.aspirasiwarga.co…",Utari Rahayu
@1420_sidrap,2025-03-10 02:08,"Dukung kesejahteraan petani melalui pembersihan irigasi, Babinsa Kodim 1420-07/Baranti  Bersama Warga Bersihkan Saluran Irigasi.
Senin ( 10/03/2025).

#tni
#puspentni
#tniad
#dispenad
#kodam14hasanuddin
#koremtoddopuli
#tnimanunggalrakyat",Kodim 1420 Sidrap
@kodimainjai,2025-03-10 01:47,"Babinsa Saukang Koramil 04/Sinjai Timur Kodim 1424/Sinjai Bersama Warga Gotong Royong Pengecoran Teras Masjid, Senin (10/03/2025)

#tniad
#dispenad
#puspentni
#TNIindonesia
#kodam14hasanuddin",Kodim 1424 Sinjai
@kodimainjai,2025-03-10 01:33,"Babinsa Tongke-Tongke Koramil 04/Sinjai Timur Kodim 1424/Sinjai Laksanakan Pendampingan Pembibitan Rumput Laut Milik Petani di Dusun Babana Desa Tongke-Tongke Kec. Sinjai Timur Kab. Sinjai

#tniad
#dispenad
#puspentni
#TNIindonesia
#kodam14hasanuddin",Kodim 1424 Sinjai
@kodimainjai,2025-03-10 01:28,"Babinsa Panaikang Koramil 04/Sinjai Timur Kodim 1424/Sinjai Komsos Bersama Tokoh Masyarakat Dan Para Pemuda di Dusun Maccini Desa Panaikang Kec. Sinjai Timur Kab. Sinjai

#tniad
#dispenad
#puspentni
#TNIindonesia
#kodam14hasanuddin",Kodim 1424 Sinjai
@kodimainjai,2025-03-10 01:24,"Personel Koramil 1424-06/Sinjai Borong Kodim 1424/Sinjai Gelar Acara Buka Puasa Bersama Masyarakat di Kantor Koramil Kel. Pasir Putih Kec. Sinjai Borong Kab. Sinjai

#tniad
#dispenad
#puspentni
#TNIindonesia
#kodam14hasanuddin",Kodim 1424 Sinjai
@kodam_mlw,2025-03-10 01:18,"Tapin - Indahnya Ramadhan 1446 H, Kodim 1010/Tapin Berbagi Makanan Untuk Berbuka Puasa di halaman Makodim 1010/Tapin.

#kodamvimulawarman 
#tniad
#tniprima
#marhabanyaramadhan",Kodam VI/Mulawarman
@kodimainjai,2025-03-10 01:18,"Danramil 1424-05/Sinjai Selatan Kodim 1424/Sinjai Laksanakan Safari Ramadhan Berikan Ceramah Tarwih Di Masjid Ijtihat Dusun Pangisoreng Desa Talle Kec. Sinjai Selatan Kab. Sinjai

#tniad
#dispenad
#puspentni
#TNIindonesia
#kodam14hasanuddin",Kodim 1424 Sinjai
@kodimainjai,2025-03-10 01:12,"Wujudkan Balita Sehat, Babinsa Lappa Koramil 01/Sinjai Utara Kodim 1424/Sinjai Laksanakan Pendampingan Posyandu di Kompleks BTN Lappa Mas Kel. Lappa Kec. Sinjai Utara Kab. Sinjai

#tniad
#dispenad
#puspentni
#TNIindonesia
#kodam14hasanuddin",Kodim 1424 Sinjai
@kodam_mlw,2025-03-10 01:12,"Tanah Bumbu - Indahnya Ramadhan 1446 H, Kodim 1022/Tanah Bumbu Berbagi Makanan Untuk Berbuka Puasa, Minggu (09/03/25).

#kodamvimulawarman 
#tniad
#tniprima
#marhabanyaramadhan",Kodam VI/Mulawarman
@kodimainjai,2025-03-10 01:07,"Babinsa Aska Koramil 05/Sinjai Selatan Kodim 1424/Sinjai Komsos Bersama Sekretaris Dan Staf Desa di Kantor Desa Aska  Kec. Sinjai Selatan Kab. Sinjai

#tniad
#dispenad
#puspentni
#TNIindonesia
#kodam14hasanuddin",Kodim 1424 Sinjai
@kodimainjai,2025-03-10 01:02,"Babinsa Bulukamase Koramil 05/Sinjai Selatan Kodim 1424/Sinjai Komsos Bantu Warga Membuat Jerat Hama Babi di Dusun Amessing Desa Bulukamase Kec. Sinjai Selatan Kab. Sinjai

#tniad
#dispenad
#puspentni
#TNIindonesia
#kodam14hasanuddin",Kodim 1424 Sinjai
@takalar_kodim,2025-03-10 01:00,"Sukseskan Ketahanan Pangan, Babinsa Koramil 1426-02/Polsel Laksanakan Pendampingan Para Petani 

#tniad
#dispenad
#puspentni
#TNIindonesia
#kodam14hasanuddin
#korem141toddopuli",Kodim_Takalar
@kodimainjai,2025-03-10 00:57,"Babinsa Pasimarannu Koramil 04/Sinjai Timur Kodim 1424/Sinjai Bersama Kepala Desa Meninjau Lokasi Untuk Pembuatan Sumur Bor bertempat di SD Neg 159 Marana Desa Pasimarannu Kec. Sinjai Timur Kab. Sinjai

#tniad
#dispenad
#puspentni
#TNIindonesia
#kodam14hasanuddin",Kodim 1424 Sinjai
@kodimainjai,2025-03-10 00:52,"Babinsa Bongki Koramil 01/Sinjai Utara Kodim 1424/Sinjai Dampingi Pantau Petani Memantau Perkembangan Tanaman Padi di Lingk. Paruntu Kel. Bongki Kec. Sinjai Utara Kab. Sinjai

#tniad
#dispenad
#puspentni
#TNIindonesia
#kodam14hasanuddin",Kodim 1424 Sinjai
@kodam_mlw,2025-03-10 00:50,"Balikpapan - Indahnya Ramadhan, Kodam VI/Mulawarman Berbagi Takjil di Halaman Makodam VI/Mulawarman, Minggu (09/03/25).

#kodamvimulawarman 
#tniad
#tniprima
#marhabanyaramadhan",Kodam VI/Mulawarman
@kodimbone,2025-03-10 00:40,"Babinsa Koramil 1407-11/Barebbo Serma Ismail memberikan materi Wawasan Kebangsaan (Wasbang) dan cinta tanah air kepada siswa-siswi SMPN 1 Barebbo yang beralamat di Kel. Apala, Kec. Barebbo, Kab. Bone. Senin (10/03/25).
#tniad
#dispenad
#puspentni
#TNIindonesia",kodimbone
@kodimbone,2025-03-10 00:38,"Anggota Koramil 1407-01/Ajangale secara bergotong royong melaksanakan pembersihan pangkalan di sekitar Makoramil 01/Ajangale, Kel. Pompanua, Kec. Ajangale, Kab. Bone. Senin (10/03/25).
#tniad
#dispenad
#puspentni
#TNIindonesia",kodimbone
@kodimbone,2025-03-10 00:37,"KpdSulaiman Babinsa Koramil 1407-09/Lapri bersama perangkat desa sosialisasi pada para petani  mengenai harga gabah yang ditetapkan pemerintah/sebesar Rp 6.500/kg di Ds. Tenripakkua, Kec. Lapri, Kab. Bone. Senin (10/03/25).
#tniad
#puspentni
#TNIindonesia
#kementerianpertanian",kodimbone
@tni_ad,2025-03-10 00:36,"SAFARI RAMADHAN DI KOREM 064/MAULANA YUSUF, KODAM III/SILIWANGI

#TNIAD
#TNIADBerjuangBersamaRakyat
#TNIADBekerjaDenganHati
#TNIADdihatiRakyat
#TNIADPrima",TNI AD
@kodimbone,2025-03-10 00:34,"Danpos Koramil 1407-08/Lamuru Peltu Dio Suseno himbaukan terkait kehidupan beragama usai pelaksanaan Sholat Isya dan Sholat Tarawih di Masjid Jabal Nur Dusun Bira 1, Desa Tellangkere, Kec. Tellu Limpoe, Kab. Bone. Minggu (09/03/25) 
#tniad
#dispenad
#puspentni
#TNIindonesia",kodimbone
@kodimbone,2025-03-10 00:31,"Babinsa Koramil 20/Bontocani Kodim 1407/Bone Serda Baharuddin melaksanakan Komunikasi Sosial (Komsos) dengan warga binaan yang berlokasi di Desa Lamoncong, Kec. Bontocani, Kab. Bone. Senin (10/03/25).
#tniad
#dispenad
#puspentni
#TNIindonesia",kodimbone
@kodimbone,2025-03-10 00:30,"Babinsa Koramil 1407-12/Cina Sertu Abdul Rahman terjun langsung membantu tim dari Bulog melakukan penyerapan gabah milik Petani di Desa Kawerang, Kec. Cina, Kab. Bone. Senin (10/03/25).
#tniad
#dispenad
#puspentni
#TNIindonesia
#kementerianpertanian
#perumbulog",kodimbone
@kodimbone,2025-03-10 00:30,"Babinsa Koramil 13/Sibulue Kodim 1407/Bone Serda Muh Firdaus memonitoring pelayanan Posyandu yang dilaksanakan di Posyandu Sejahtera, Desa Mabbiring, Kecamatan Sibulue, Kabupaten Bone. Senin (10/03/25).
#tniad
#dispenad
#puspentni
#TNIindonesia",kodimbone
@kodimbone,2025-03-10 00:29,"Serda Herman Babinsa Koramil 1407-04/Tellusiatinge  terjun langsung ke sawah bantu  petani memanen padi dengan luas lahan 1 Ha  di Desa Itterung, Kec. Tellusiatinge, Kab. Bone. Senin (10/03/25).
#tniad
#dispenad
#puspentni
#TNIindonesia
#kementerianpertanian
#perumbulog",kodimbone
@kodimainjai,2025-03-10 00:28,"Babinsa Baru Koramil 03/Sinjai Tengah Kodim 1424/Sinjai Laksanakan Komsos Bersama Warga Binaan di Dusun Banyira Desa Baru Kec. Sinjai Tengah Kab. Sinjai

#tniad
#dispenad
#puspentni
#TNIindonesia
#kodam14hasanuddin",Kodim 1424 Sinjai
@kodimbone,2025-03-10 00:27,"Babinsa Koramil 1407-02/Dua Boccoe Serda Michael membantu warga membersihkan sisa bongkaran rumah warga desa binaannya yang berada di Dusun 2 Alimbangeng, Desa Solo, Kecamatan Dua Boccoe, Kabupaten Bone. Senin (10/03/25).
#tniad
#dispenad
#puspentni
#TNIindonesia",kodimbone
@kodimainjai,2025-03-10 00:24,"Babinsa Bonto Koramil 03/Sinjai Tengah Kodim 1424/Sinjai Dampingi Petani Dalam Penyemprotan Hama Tanaman Padi di Dusun Jira Desa Bonto Kec. Sinjai Tengah Kab. Sinjai

#tniad
#dispenad
#puspentni
#TNIindonesia
#kodam14hasanuddin",Kodim 1424 Sinjai
@Cakra_Kostrad,2025-03-10 00:23,"Safari Ramadhan Pangkostrad Bersama Prajurit Brigif 17, Yonkav 1 dan Kikav 1 Kostrad
@Puspen_TNI @tni_ad @divif_1_kostrad @divif2kostrad @divif3kostrad #tni #tniad #Kostrad #Cakra    #kostradpeduli #kostradberbagi #TNIADMengabdiDanMembangunBersamaRakyat #penkostrad",Kostrad
@Cakra_Kostrad,2025-03-10 00:23,"Staf Cimic Satgas Indobatt XXIII-R/UNIFIL Berkunjung ke Beberapa Sekolah Pasca Gencatan Senjata
@Puspen_TNI @tni_ad @divif_1_kostrad @divif2kostrad @divif3kostrad #tni #tniad #Kostrad #Cakra    #kostradpeduli #kostradberbagi #TNIADMengabdiDanMembangunBersamaRakyat #penkostrad",Kostrad
@Cakra_Kostrad,2025-03-10 00:22,"Peringati HUT Kostrad ke-64, Satgas Pamtas Yonarmed 11 Kostrad Berikan Layanan Kesehatan Gratis di Perbatasan
@Puspen_TNI @tni_ad   #tni #tniad #Kostrad #Cakra    #kostradpeduli #kostradberbagi #TNIADMengabdiDanMembangunBersamaRakyat #penkostrad",Kostrad
@Cakra_Kostrad,2025-03-10 00:22,"Yonarmed 11  Kostrad Gelar Syukuran dalam Rangka HUT Kostrad ke-64
@Puspen_TNI @tni_ad @divif_1_kostrad @divif2kostrad @divif3kostrad #tni #tniad #Kostrad #Cakra    #kostradpeduli #kostradberbagi #TNIADMengabdiDanMembangunBersamaRakyat #penkostrad",Kostrad
@Cakra_Kostrad,2025-03-10 00:21,"Brigif 9  Kostrad Menggelar Acara Syukuran Dalam Rangka HUT Ke-64 Kostrad
@Puspen_TNI @tni_ad @divif_1_kostrad @divif2kostrad @divif3kostrad #tni #tniad #Kostrad #Cakra    #kostradpeduli #kostradberbagi #TNIADMengabdiDanMembangunBersamaRakyat #penkostrad",Kostrad
@Cakra_Kostrad,2025-03-10 00:21,"Perkuat Ketahanan Pangan, Satgas Pamtas Yonarmed 11 Kostrad Tanam Padi Bersama Masyarakat di Perbatasan
@Puspen_TNI @tni_ad   #tni #tniad #Kostrad #Cakra    #kostradpeduli #kostradberbagi #TNIADMengabdiDanMembangunBersamaRakyat #penkostrad",Kostrad
@Cakra_Kostrad,2025-03-10 00:21,"Berkah Ramadhan, Prajurit Yonarmed 1 Kostrad Bagikan Hasil Panen Sayur Sawi dan Kangkung
@Puspen_TNI @tni_ad @divif_1_kostrad @divif2kostrad @divif3kostrad #tni #tniad #Kostrad #Cakra    #kostradpeduli #kostradberbagi #TNIADMengabdiDanMembangunBersamaRakyat #penkostrad",Kostrad
@Cakra_Kostrad,2025-03-10 00:20,"Prajurit Yonarmed 12 Kostrad Ngabuburit dengan Binsik Sore
@Puspen_TNI @tni_ad @divif_1_kostrad @divif2kostrad @divif3kostrad #tni #tniad #Kostrad #Cakra    #kostradpeduli #kostradberbagi #TNIADMengabdiDanMembangunBersamaRakyat #penkostrad",Kostrad
@Cakra_Kostrad,2025-03-10 00:20,"Peringati Hari Ulang Tahun Ke-64 Kostrad, Brigif 6  Kostrad Gelar Acara Syukuran Bersama Anak Yatim
@Puspen_TNI @tni_ad @divif_1_kostrad @divif2kostrad @divif3kostrad #tni #tniad #Kostrad #Cakra    #kostradpeduli #kostradberbagi #TNIADMengabdiDanMembangunBersamaRakyat #penkostrad",Kostrad
